doc_id,state,source_path,effective_date,end_date,duration,end_date_source,validity_status,validity_evidence,evidence_short,error
Alabama/Alabama_1,Alabama,d:\NLP_Project_tasks_6_8_11\OCR_output\Alabama\Alabama_1.txt,,,,,uncertain,"[{""text"": ""Agreement Between The State of Alabama, Alabama Development Office (ADO) and The State of Brandenburg Ministry of Economics, Small and Medium Business, and Technology (MWMT) Whereas: It is agreed by and between the ADO and the MWMT that the prospects for expanded economic cooperation between the two states are excellent and as a result the economic structure of both states will mutually benefit; Whereas: the ADO and MWMT each have important responsibilities for encouraging the growth of trade and investment relations within the framework of a free enterprise economy; Now, Therefore, It is agreed between ADO and MWMT 1."", ""timex_text"": ""Now"", ""timex_type"": ""DATE"", ""timex_value"": ""PRESENT_REF""}]","Agreement Between The State of Alabama, Alabama Development Office (ADO) and The State of Brandenburg Ministry of Econom…",
Alabama/Alabama_10,Alabama,d:\NLP_Project_tasks_6_8_11\OCR_output\Alabama\Alabama_10.txt,2007-11-16,2032-01-01,three years,,found,"[{""text"": ""Southeastern United States - Canadian Provinces Alliance (SEUS = CP) BYLAWS Amended 5 June 2017 Southeastern United States = Canadian Provinces Alliance Bylaws I."", ""timex_text"": ""5 June 2017"", ""timex_type"": ""DATE"", ""timex_value"": ""2017-06-05""}, {""text"": ""States (Southeastern United States) - Members of the Southeastern United States - Canadian Provinces Alliance (hereinafter called \""the Alliance\"") shall consist of the states that signed the Alliance Joint Declaration in Montréal on November 16, 2007."", ""timex_text"": ""November 16, 2007"", ""timex_type"": ""DATE"", ""timex_value"": ""2007-11-16""}, {""text"": ""States (Southeastern United States) - Members of the Southeastern United States - Canadian Provinces Alliance (hereinafter called \""the Alliance\"") shall consist of the states that signed the Alliance Joint Declaration in Montréal on November 16, 2007."", ""timex_text"": ""November 16, 2007"", ""timex_type"": ""DATE"", ""timex_value"": ""2007-11-16""}, {""text"": ""Manitoba subsequently withdrew from the Alliance in 2016."", ""timex_text"": ""2016"", ""timex_type"": ""DATE"", ""timex_value"": ""2016""}, {""text"": ""Addition of New Members I Addition of new member states or provinces is subject to a vote by current member states and provinces per the voting rules and procedures outlined in Section III of the Bylaws."", ""timex_text"": ""current"", ""timex_type"": ""DATE"", ""timex_value"": ""PRESENT_REF""}]",Southeastern United States - Canadian Provinces Alliance (SEUS = CP) BYLAWS Amended 5 June 2017 Southeastern United Stat…,
Alabama/Alabama_2,Alabama,d:\NLP_Project_tasks_6_8_11\OCR_output\Alabama\Alabama_2.txt,2007-11-01,,,,found,"[{""text"": ""It is intended that the SEUS-Canadian Provinces Alliance will meet annually hu 1 ne c lea d ars ltern atino venues The SEUS-Canadian Provinces Alliance will function within the framework of the general relations between the Governments of Canada and the United States of America and by the proper observation of corresponding laws and policies of both countries, Provinces and States."", ""timex_text"": ""annually"", ""timex_type"": ""SET"", ""timex_value"": ""XXXX""}, {""text"": ""Done at Montréal, this 16th day of November 2007, in thirteen copies, in the English and French languages."", ""timex_text"": ""November 2007"", ""timex_type"": ""DATE"", ""timex_value"": ""2007-11""}]",It is intended that the SEUS-Canadian Provinces Alliance will meet annually hu 1 ne c lea d ars ltern atino venues The S…,
Alabama/Alabama_3,Alabama,d:\NLP_Project_tasks_6_8_11\OCR_output\Alabama\Alabama_3.txt,,,three years,,found,"[{""text"": ""This Memorandum of Intent shall enter into effect upon signature and shall remain in force for a period of three years or until such date as otherwise agreed upon."", ""timex_text"": ""three years"", ""timex_type"": ""DURATION"", ""timex_value"": ""P3Y""}, {""text"": ""Signed in the city of Jerusalem, this 27 day of 0codep1997."", ""timex_text"": ""27 day"", ""timex_type"": ""DURATION"", ""timex_value"": ""P27D""}]",This Memorandum of Intent shall enter into effect upon signature and shall remain in force for a period of three years o…,
Alabama/Alabama_4,Alabama,d:\NLP_Project_tasks_6_8_11\OCR_output\Alabama\Alabama_4.txt,1994-01-01,1994-06-01,,,found,"[{""text"": ""MEMORANDUM OF UNDERSTANDING AND COOPERATION BETWEEN THE ALABAMA DEVELOPMENT OFFICE AND THE WIRTSCHAFTSFORDERUNG BRANDENBURG GMBH Potsdam, January 14th, 1994 Whereas: It is agreed by and between the Alabama Development Office (hereinafter referred to as ADO) and the WirtschaftsfOrderung Brandenburg GmbH (hereinafter referred to as WFB), the parties hereto, that the prospects for expanded ecenomic cooperation between Brandenburg and Alabama are excellent and give promise of yielding substantial mutual benefits based on the complentary economic structure of the two states; and Whereas: the ADO and the WFB each bear important responsibilities for encouraging the growth of trade and investment relations within the frameworks of a free enterprise economy; Now, Therefore, It is agreed between ADO and WFB that each will take necessary steps to: 1."", ""timex_text"": ""January 14th, 1994"", ""timex_type"": ""DATE"", ""timex_value"": ""1994-01-14""}, {""text"": ""MEMORANDUM OF UNDERSTANDING AND COOPERATION BETWEEN THE ALABAMA DEVELOPMENT OFFICE AND THE WIRTSCHAFTSFORDERUNG BRANDENBURG GMBH Potsdam, January 14th, 1994 Whereas: It is agreed by and between the Alabama Development Office (hereinafter referred to as ADO) and the WirtschaftsfOrderung Brandenburg GmbH (hereinafter referred to as WFB), the parties hereto, that the prospects for expanded ecenomic cooperation between Brandenburg and Alabama are excellent and give promise of yielding substantial mutual benefits based on the complentary economic structure of the two states; and Whereas: the ADO and the WFB each bear important responsibilities for encouraging the growth of trade and investment relations within the frameworks of a free enterprise economy; Now, Therefore, It is agreed between ADO and WFB that each will take necessary steps to: 1."", ""timex_text"": ""Now"", ""timex_type"": ""DATE"", ""timex_value"": ""PRESENT_REF""}, {""text"": ""MEMORANDUM OF UNDERSTANDING AND COOPERATION BETWEEN THE ALABAMA DEVELOPMENT OFFICE AND THE WIRTSCHAFTSFORDERUNG BRANDENBURG GMBH Potsdam, January 14th, 1994 Whereas: It is agreed by and between the Alabama Development Office (hereinafter referred to as ADO) and the WirtschaftsfOrderung Brandenburg GmbH (hereinafter referred to as WFB), the parties hereto, that the prospects for expanded ecenomic cooperation between Brandenburg and Alabama are excellent and give promise of yielding substantial mutual benefits based on the complentary economic structure of the two states; and Whereas: the ADO and the WFB each bear important responsibilities for encouraging the growth of trade and investment relations within the frameworks of a free enterprise economy; Now, Therefore, It is agreed between ADO and WFB that each will take necessary steps to: 1."", ""timex_text"": ""January 14th, 1994"", ""timex_type"": ""DATE"", ""timex_value"": ""1994-01-14""}, {""text"": ""Joint participation in exhibitions and fairs - ILA 1994 in Schônefeld, Brandenburg, May/June 1994 - Singapore Air Show in Singapore - Hannover Fair, Germany, April 1994 - TABS Technical and Business Exhibition Seminar in Huntsville, Alabama, Mai 1994 2."", ""timex_text"": ""May"", ""timex_type"": ""DATE"", ""timex_value"": ""1994-05""}, {""text"": ""Joint participation in exhibitions and fairs - ILA 1994 in Schônefeld, Brandenburg, May/June 1994 - Singapore Air Show in Singapore - Hannover Fair, Germany, April 1994 - TABS Technical and Business Exhibition Seminar in Huntsville, Alabama, Mai 1994 2."", ""timex_text"": ""June 1994"", ""timex_type"": ""DATE"", ""timex_value"": ""1994-06""}]",MEMORANDUM OF UNDERSTANDING AND COOPERATION BETWEEN THE ALABAMA DEVELOPMENT OFFICE AND THE WIRTSCHAFTSFORDERUNG BRANDENB…,
Alabama/Alabama_5,Alabama,d:\NLP_Project_tasks_6_8_11\OCR_output\Alabama\Alabama_5.txt,2010-08-25,,two years,,found,"[{""text"": ""It is intended that this relationship will last for two years, renewable upon mutual agreement by both parties."", ""timex_text"": ""two years"", ""timex_type"": ""DURATION"", ""timex_value"": ""P2Y""}]","It is intended that this relationship will last for two years, renewable upon mutual agreement by both parties.",
Alabama/Alabama_6,Alabama,d:\NLP_Project_tasks_6_8_11\OCR_output\Alabama\Alabama_6.txt,2015-01-01,,30 days,,found,"[{""text"": ""However, any Party may withdraw from the Memorandum of Understanding by written notification to the other party 30 days in advance."", ""timex_text"": ""30 days"", ""timex_type"": ""DURATION"", ""timex_value"": ""P30D""}, {""text"": ""SIGNED this sixteenth day of January, 2015 at Montgomery, Alabama in duplicate in the English and Spanish languages, each text being equally valid."", ""timex_text"": ""January"", ""timex_type"": ""DATE"", ""timex_value"": ""XXXX-01""}, {""text"": ""SIGNED this sixteenth day of January, 2015 at Montgomery, Alabama in duplicate in the English and Spanish languages, each text being equally valid."", ""timex_text"": ""2015"", ""timex_type"": ""DATE"", ""timex_value"": ""2015""}]","However, any Party may withdraw from the Memorandum of Understanding by written notification to the other party 30 days …",
Alabama/Alabama_7,Alabama,d:\NLP_Project_tasks_6_8_11\OCR_output\Alabama\Alabama_7.txt,2006-01-01,2006-07-12,,,found,"[{""text"": ""From July 10th to 12th, 2006, At the invitation of the Honorable Luo Quingquan, Governor of Hubei Province, the Honorable Bob Riley, Governor oft the State of Alabama, led a business mission to Hubei Province for an official visit."", ""timex_text"": ""July 10th"", ""timex_type"": ""DATE"", ""timex_value"": ""2006-07-10""}, {""text"": ""From July 10th to 12th, 2006, At the invitation of the Honorable Luo Quingquan, Governor of Hubei Province, the Honorable Bob Riley, Governor oft the State of Alabama, led a business mission to Hubei Province for an official visit."", ""timex_text"": ""12th, 2006"", ""timex_type"": ""DATE"", ""timex_value"": ""2006-07-12""}, {""text"": ""From July 10th to 12th, 2006, At the invitation of the Honorable Luo Quingquan, Governor of Hubei Province, the Honorable Bob Riley, Governor oft the State of Alabama, led a business mission to Hubei Province for an official visit."", ""timex_text"": ""July"", ""timex_type"": ""DATE"", ""timex_value"": ""2006-07""}, {""text"": ""on the 11th day of July in the year 2006, in duplicate in Chinese and English, both texts being equally authentic."", ""timex_text"": ""the year 2006"", ""timex_type"": ""DATE"", ""timex_value"": ""2006""}]","From July 10th to 12th, 2006, At the invitation of the Honorable Luo Quingquan, Governor of Hubei Province, the Honorabl…",
Alabama/Alabama_8,Alabama,d:\NLP_Project_tasks_6_8_11\OCR_output\Alabama\Alabama_8.txt,2008-01-01,2022-06-10,five years,,found,"[{""text"": ""Energy 1 In recent decades, U.S."", ""timex_text"": ""recent decades"", ""timex_type"": ""DATE"", ""timex_value"": ""PAST_REF""}, {""text"": ""Other areas where common interests are shared Term of Validity In witness hereof the undersigned, being authorized by their respective Governments, do sign this Memorandum of Understanding in the city of Nanjing, Jiangsu Province, the People's Republic of China, on 9th of April in the year of 2008, in duplicate in Chinese and English - both texts being equally authentic."", ""timex_text"": ""9th of April"", ""timex_type"": ""DATE"", ""timex_value"": ""XXXX-04-09""}, {""text"": ""Other areas where common interests are shared Term of Validity In witness hereof the undersigned, being authorized by their respective Governments, do sign this Memorandum of Understanding in the city of Nanjing, Jiangsu Province, the People's Republic of China, on 9th of April in the year of 2008, in duplicate in Chinese and English - both texts being equally authentic."", ""timex_text"": ""2008"", ""timex_type"": ""DATE"", ""timex_value"": ""2008""}, {""text"": ""This Memorandum will remain in effect for a period off five years from the date of signature, or until such a date is otherwise agreed upon."", ""timex_text"": ""five years"", ""timex_type"": ""DURATION"", ""timex_value"": ""P5Y""}, {""text"": ""JJ7 Honorable Bob Riley Honorable Luo Zhijun Governor Governor State of Alabama Jiangsu Province The United States of America The People's Republic ofChina Nanjing, April 9th 2008 and information technology, among others, illustrates this practice."", ""timex_text"": ""April 9th 2008"", ""timex_type"": ""DATE"", ""timex_value"": ""2008-04-09""}]","Energy 1 In recent decades, U.S.",
Alabama/Alabama_9,Alabama,d:\NLP_Project_tasks_6_8_11\OCR_output\Alabama\Alabama_9.txt,2000-01-01,,,,found,"[{""text"": ""2000."", ""timex_text"": ""2000"", ""timex_type"": ""DATE"", ""timex_value"": ""2000""}]",2000.,
Alaska/Alaska_1,Alaska,d:\NLP_Project_tasks_6_8_11\OCR_output\Alaska\Alaska_1.txt,1996-01-01,2008-09-30,15 days,,found,"[{""text"": ""7-20-05 Revision ANNEX B TO THE PACIFIC NORTHWEST EMERGENCY MANAGEMENT ARRANGEMENT OF 1996 BETWEEN THE GOVERNMENTS OF THE STATE OF ALASKA, THE STATE OF DAHO, THE STATE OF OREGON, THE STATE OF WASHINGTON, THE PROVINCE OF BRITISH COLUMBIA AND THE YUKON GOVERNMENT PACIFIC NORTHWEST EMERGENCY MANAGEMENT ARRANGEMENT (PNEMA) IMPLEMENTING PROCEDURES Article I- Purpose and Authorities The governments of the State of Alaska, the State of Idaho, the State of Oregon, the State of Washington, the Province of British Columbia, and the Yukon Government are signatories to the Pacific Northwest Emergency Management Arrangement (PNEMA)."", ""timex_text"": ""7-20-05"", ""timex_type"": ""DATE"", ""timex_value"": ""0005-7-20""}, {""text"": ""7-20-05 Revision ANNEX B TO THE PACIFIC NORTHWEST EMERGENCY MANAGEMENT ARRANGEMENT OF 1996 BETWEEN THE GOVERNMENTS OF THE STATE OF ALASKA, THE STATE OF DAHO, THE STATE OF OREGON, THE STATE OF WASHINGTON, THE PROVINCE OF BRITISH COLUMBIA AND THE YUKON GOVERNMENT PACIFIC NORTHWEST EMERGENCY MANAGEMENT ARRANGEMENT (PNEMA) IMPLEMENTING PROCEDURES Article I- Purpose and Authorities The governments of the State of Alaska, the State of Idaho, the State of Oregon, the State of Washington, the Province of British Columbia, and the Yukon Government are signatories to the Pacific Northwest Emergency Management Arrangement (PNEMA)."", ""timex_text"": ""1996"", ""timex_type"": ""DATE"", ""timex_value"": ""1996""}, {""text"": ""7-20-05 Revision ANNEX B TO THE PACIFIC NORTHWEST EMERGENCY MANAGEMENT ARRANGEMENT OF 1996 BETWEEN THE GOVERNMENTS OF THE STATE OF ALASKA, THE STATE OF DAHO, THE STATE OF OREGON, THE STATE OF WASHINGTON, THE PROVINCE OF BRITISH COLUMBIA AND THE YUKON GOVERNMENT PACIFIC NORTHWEST EMERGENCY MANAGEMENT ARRANGEMENT (PNEMA) IMPLEMENTING PROCEDURES Article I- Purpose and Authorities The governments of the State of Alaska, the State of Idaho, the State of Oregon, the State of Washington, the Province of British Columbia, and the Yukon Government are signatories to the Pacific Northwest Emergency Management Arrangement (PNEMA)."", ""timex_text"": ""1996"", ""timex_type"": ""DATE"", ""timex_value"": ""1996""}, {""text"": ""The Pacific Northwest Emergency Management Arrangement Implementing Procedures, hereinafter referred to as the \""arrangement\"" is made and entered into by and among such of the signatories as shall enact or adopt this arrangement, hereinafter referred to as 'signatories.\"" For the purpose of this agreement, the term \""signatories\"" may include any or all of: the States of Alaska, Idaho, Oregon, Washington: the Province of British Columbia; and the Yukon Government, all of which entered into the Pacific Northwest Emergency Management Arrangement (PNEMA) in 1996-97 and such other states, provinces and territories as may hereafter become a signatory to PNEMA and this arrangement."", ""timex_text"": ""97"", ""timex_type"": ""DATE"", ""timex_value"": ""1997""}, {""text"": ""The authorized representative of signatories will confirm their verbal request in writing within 15 days."", ""timex_text"": ""15 days"", ""timex_type"": ""DURATION"", ""timex_value"": ""P15D""}]",7-20-05 Revision ANNEX B TO THE PACIFIC NORTHWEST EMERGENCY MANAGEMENT ARRANGEMENT OF 1996 BETWEEN THE GOVERNMENTS OF TH…,
Alaska/Alaska_10,Alaska,d:\NLP_Project_tasks_6_8_11\OCR_output\Alaska\Alaska_10.txt,1996-01-01,2197-01-01,sixty days,,found,"[{""text"": ""30, 2008 PRR-2020-0119 AND WHEREAS the Signatories further recognize that regionally-based emergency preparedness, response and recovery measures will benefit all jurisdictions within the Pacific Northwest, and best serve their respective national interests in cooperative and coordinated emergency preparedness as facilitated by the Consultative Group on Comprehensive Civil Emergency and Management established in the Agreement Between the Government of The United States of America and the Government of Canada on Cooperation and Comprehensive Civil Emergency Planning and Management signed at Ottawa, Ontario, Canada on April 28, 1986; NOW THEREFORE, it is hereby agreed by and between each and all of the Signatories hereto as follows: Advisory Committee I."", ""timex_text"": ""April 28, 1986"", ""timex_type"": ""DATE"", ""timex_value"": ""1986-04-28""}, {""text"": ""Any Signatory to this Arrangement may withdraw from or cancel their participation in this Arrangement by giving sixty days written notice in advance of this effective date to all other Signatories."", ""timex_text"": ""sixty days"", ""timex_type"": ""DURATION"", ""timex_value"": ""P60D""}, {""text"": ""30, 2008 PRR-2020-0119 AND WHEREAS the Signatories further recognize that regionally-based emergency preparedness, response and recovery measures will benefit all jurisdictions within the Pacific Northwest, and best serve their respective national interests in cooperative and coordinated emergency preparedness as facilitated by the Consultative Group on Comprehensive Civil Emergency and Management established in the Agreement Between the Government of The United States of America and the Government of Canada on Cooperation and Comprehensive Civil Emergency Planning and Management signed at Ottawa, Ontario, Canada on April 28, 1986; NOW THEREFORE, it is hereby agreed by and between each and all of the Signatories hereto as follows: Advisory Committee I."", ""timex_text"": ""April"", ""timex_type"": ""DATE"", ""timex_value"": ""2008-04""}, {""text"": ""Notwithstanding any dates noted elsewhere, this Arrangement shall commence April , 1996."", ""timex_text"": ""1996"", ""timex_type"": ""DATE"", ""timex_value"": ""1996""}, {""text"": ""THE STATEO5 ALASKA /4/96 GOVERNOR (Date) THE STATE OF IDAHO lulys lrett 6/2197 GOVERNOR (Date) THE STATE OF OREGON 8-12-96 APPROVED AS TO GOVERNOR (Date) LEGAL SUFFICIENCY rmu Losive U Asst."", ""timex_text"": ""2197"", ""timex_type"": ""DATE"", ""timex_value"": ""2197""}]","30, 2008 PRR-2020-0119 AND WHEREAS the Signatories further recognize that regionally-based emergency preparedness, respo…",
Alaska/Alaska_11,Alaska,d:\NLP_Project_tasks_6_8_11\OCR_output\Alaska\Alaska_11.txt,2002-01-01,2022-01-01,,,found,"[{""text"": ""Alberta and Alaska on May 17, 2004."", ""timex_text"": ""May 17, 2004"", ""timex_type"": ""DATE"", ""timex_value"": ""2004-05-17""}, {""text"": ""The-HenourableVason Kenney The Honorable Mike Dunleavy Premier Governor Province of Alberta State of Alaska lanvary 29, 2022 24 2002 Date Date dowuy"", ""timex_text"": ""2022"", ""timex_type"": ""DATE"", ""timex_value"": ""2022""}, {""text"": ""The-HenourableVason Kenney The Honorable Mike Dunleavy Premier Governor Province of Alberta State of Alaska lanvary 29, 2022 24 2002 Date Date dowuy"", ""timex_text"": ""2002"", ""timex_type"": ""DATE"", ""timex_value"": ""2002""}]","Alberta and Alaska on May 17, 2004.",
Alaska/Alaska_12,Alaska,d:\NLP_Project_tasks_6_8_11\OCR_output\Alaska\Alaska_12.txt,2012-01-01,2021-01-01,"many
years",,found,"[{""text"": ""APPENDIX I to the Memorandum of Understanding and Cooperation between the State of Alaska and the Province of British Columbia executed November 25, 2015 by the Honorable Bill Walker, Governor of Alaska and the Honorable Christy Clark, Premier of British Columbia."", ""timex_text"": ""November 25, 2015"", ""timex_type"": ""DATE"", ""timex_value"": ""2015-11-25""}, {""text"": ""Carry out the terms of the SOC, recognizing the limits of current agency budgets, competing demands for agency resources, and legal limits on the authority of each agency."", ""timex_text"": ""current"", ""timex_type"": ""DATE"", ""timex_value"": ""PRESENT_REF""}, {""text"": ""This may include one or more public workshops in Alaska and British Columbia."", ""timex_text"": ""This may"", ""timex_type"": ""DATE"", ""timex_value"": ""2015-05""}, {""text"": ""It is the intent of the BWG that the TWG-M provide its preliminary draft description of the proposed monitoring and reporting progtam (Program Description) as described in the MOU along with proposed two-year Work Plan and any related recommendations it has to the BWG within six months of the effective date of this SOC."", ""timex_text"": ""two-year"", ""timex_type"": ""DURATION"", ""timex_value"": ""P2Y""}, {""text"": ""It is the intent of the BWG that the TWG-M provide its preliminary draft description of the proposed monitoring and reporting progtam (Program Description) as described in the MOU along with proposed two-year Work Plan and any related recommendations it has to the BWG within six months of the effective date of this SOC."", ""timex_text"": ""six months"", ""timex_type"": ""DURATION"", ""timex_value"": ""P6M""}]",APPENDIX I to the Memorandum of Understanding and Cooperation between the State of Alaska and the Province of British Co…,
Alaska/Alaska_2,Alaska,d:\NLP_Project_tasks_6_8_11\OCR_output\Alaska\Alaska_2.txt,2013-09-11,2025-09-11,two years,,found,"[{""text"": ""JBIC From: JAPAN BANK FOR INTERNATIONAL COOPERATION (JBIC\"") To: THE DEPARTMENT OF NATURAL RESOURCES OF THE STATE OF ALASKA (\""Alaska DNR\"") Date: August 10, 2023 Dear Sirs, Notice of Extension of Memorandum of Understanding We refer to the Memorandum of Understanding entered into between JBIC and Alaska DNR dated September 11, 2013 and renewed as of September 11, 2015, September 11, 2017, September 11, 2019 and September 11, 2021 (the \""MOU\"")."", ""timex_text"": ""August 10, 2023"", ""timex_type"": ""DATE"", ""timex_value"": ""2023-08-10""}, {""text"": ""JBIC From: JAPAN BANK FOR INTERNATIONAL COOPERATION (JBIC\"") To: THE DEPARTMENT OF NATURAL RESOURCES OF THE STATE OF ALASKA (\""Alaska DNR\"") Date: August 10, 2023 Dear Sirs, Notice of Extension of Memorandum of Understanding We refer to the Memorandum of Understanding entered into between JBIC and Alaska DNR dated September 11, 2013 and renewed as of September 11, 2015, September 11, 2017, September 11, 2019 and September 11, 2021 (the \""MOU\"")."", ""timex_text"": ""September 11, 2013"", ""timex_type"": ""DATE"", ""timex_value"": ""2013-09-11""}, {""text"": ""JBIC From: JAPAN BANK FOR INTERNATIONAL COOPERATION (JBIC\"") To: THE DEPARTMENT OF NATURAL RESOURCES OF THE STATE OF ALASKA (\""Alaska DNR\"") Date: August 10, 2023 Dear Sirs, Notice of Extension of Memorandum of Understanding We refer to the Memorandum of Understanding entered into between JBIC and Alaska DNR dated September 11, 2013 and renewed as of September 11, 2015, September 11, 2017, September 11, 2019 and September 11, 2021 (the \""MOU\"")."", ""timex_text"": ""September 11, 2015"", ""timex_type"": ""DATE"", ""timex_value"": ""2015-09-11""}, {""text"": ""JBIC From: JAPAN BANK FOR INTERNATIONAL COOPERATION (JBIC\"") To: THE DEPARTMENT OF NATURAL RESOURCES OF THE STATE OF ALASKA (\""Alaska DNR\"") Date: August 10, 2023 Dear Sirs, Notice of Extension of Memorandum of Understanding We refer to the Memorandum of Understanding entered into between JBIC and Alaska DNR dated September 11, 2013 and renewed as of September 11, 2015, September 11, 2017, September 11, 2019 and September 11, 2021 (the \""MOU\"")."", ""timex_text"": ""September 11, 2019"", ""timex_type"": ""DATE"", ""timex_value"": ""2019-09-11""}, {""text"": ""JBIC From: JAPAN BANK FOR INTERNATIONAL COOPERATION (JBIC\"") To: THE DEPARTMENT OF NATURAL RESOURCES OF THE STATE OF ALASKA (\""Alaska DNR\"") Date: August 10, 2023 Dear Sirs, Notice of Extension of Memorandum of Understanding We refer to the Memorandum of Understanding entered into between JBIC and Alaska DNR dated September 11, 2013 and renewed as of September 11, 2015, September 11, 2017, September 11, 2019 and September 11, 2021 (the \""MOU\"")."", ""timex_text"": ""September 11, 2021"", ""timex_type"": ""DATE"", ""timex_value"": ""2021-09-11""}]","JBIC From: JAPAN BANK FOR INTERNATIONAL COOPERATION (JBIC"") To: THE DEPARTMENT OF NATURAL RESOURCES OF THE STATE OF ALAS…",
Alaska/Alaska_3,Alaska,d:\NLP_Project_tasks_6_8_11\OCR_output\Alaska\Alaska_3.txt,2014-01-01,2014-09-08,30 years,,found,"[{""text"": ""SOA has leveraged its royalty position to take a possible direct equity interest in the AKLNG Project in early 2014 with signing of the Heads of Agreement and passage of legislation."", ""timex_text"": ""early 2014"", ""timex_type"": ""DATE"", ""timex_value"": ""2014""}, {""text"": ""11 In June 2014, the Alaska Gasline Development Corporation, a corporate affiliate of SOA, signed a joint venture agreement with producers BP, ConocoPhillips, Exxon and pipeline company TransCanada, thereby entering into Pre-Front End Engineering and Design for the AKLNG Project."", ""timex_text"": ""June 2014"", ""timex_type"": ""DATE"", ""timex_value"": ""2014-06""}, {""text"": ""(ill) In July 2014, SOA's project partners submitted an application to the U.S."", ""timex_text"": ""July 2014"", ""timex_type"": ""DATE"", ""timex_value"": ""2014-07""}, {""text"": ""Department of Energy (DOE) to export 20 million tons of liquefied natural gas per year for 30 years."", ""timex_text"": ""30 years"", ""timex_type"": ""DURATION"", ""timex_value"": ""P30Y""}, {""text"": ""Date: September 8th 2014 Ministry of Economy, Trade and Industry, Department of Natural Resources, Japan State of Alaska Name: Takayuki Ueda Name: Joe Balash Title: Commissioner, Agency for Natural Title: Commissioner, State of Alaska Resources and Energy, METI,Japan Department of Natural Resources"", ""timex_text"": ""September 8th 2014"", ""timex_type"": ""DATE"", ""timex_value"": ""2014-09-08""}]",SOA has leveraged its royalty position to take a possible direct equity interest in the AKLNG Project in early 2014 with…,
Alaska/Alaska_4,Alaska,d:\NLP_Project_tasks_6_8_11\OCR_output\Alaska\Alaska_4.txt,2015-01-01,2015-01-01,25 day,,found,"[{""text"": ""AGREED ast to form and content and signed and datedi in two (2) duplicate originals; Signedi in Sunau Signed in Dancower This 25 day of Nouember, 2015 Thiszs day ofj Alosemloes 2015 Chitcly Bell Wallee THE HONORABLE BILL WALKER THE HONOURABLE CHRISTY CLARK GOVERNOR PREMIER STATE OF ALASKA PROVINCE OF BRITISH COLUMBIA"", ""timex_text"": ""25 day"", ""timex_type"": ""DURATION"", ""timex_value"": ""P25D""}, {""text"": ""AGREED ast to form and content and signed and datedi in two (2) duplicate originals; Signedi in Sunau Signed in Dancower This 25 day of Nouember, 2015 Thiszs day ofj Alosemloes 2015 Chitcly Bell Wallee THE HONORABLE BILL WALKER THE HONOURABLE CHRISTY CLARK GOVERNOR PREMIER STATE OF ALASKA PROVINCE OF BRITISH COLUMBIA"", ""timex_text"": ""2015"", ""timex_type"": ""DATE"", ""timex_value"": ""2015""}, {""text"": ""AGREED ast to form and content and signed and datedi in two (2) duplicate originals; Signedi in Sunau Signed in Dancower This 25 day of Nouember, 2015 Thiszs day ofj Alosemloes 2015 Chitcly Bell Wallee THE HONORABLE BILL WALKER THE HONOURABLE CHRISTY CLARK GOVERNOR PREMIER STATE OF ALASKA PROVINCE OF BRITISH COLUMBIA"", ""timex_text"": ""2015"", ""timex_type"": ""DATE"", ""timex_value"": ""2015""}]",AGREED ast to form and content and signed and datedi in two (2) duplicate originals; Signedi in Sunau Signed in Dancower…,
Alaska/Alaska_5,Alaska,d:\NLP_Project_tasks_6_8_11\OCR_output\Alaska\Alaska_5.txt,1399-01-01,2025-01-01,two years,,found,"[{""text"": ""JAPAN BANK FOR INTERNATIONAL JBIC COOPERATION MEMORANDUM OF UNDERSTANDING BETWEEN The Department ofl Natural Resources of the State of Alaska And Japan Bank for International Cooperation This Memorandum of Understanding is made on 11th September, 2013 between: The Department of Natural Resources of the State of Alaska (Alaska DNR) of 550 West 7th Avenue, Suite 1400 Anchorage, Alaska, 99501-3650 and Japan Bank for International Cooperation (\""JBIC\"") of 4-1, Ohtemachi l-chome, Chiyoda-ku, Tokyo 100-8144, Japan, collectively hereinafter referred to as the \""Parties\""."", ""timex_text"": ""11th September, 2013"", ""timex_type"": ""DATE"", ""timex_value"": ""2013-09-11""}, {""text"": ""JAPAN BANK FOR INTERNATIONAL JBIC COOPERATION MEMORANDUM OF UNDERSTANDING BETWEEN The Department ofl Natural Resources of the State of Alaska And Japan Bank for International Cooperation This Memorandum of Understanding is made on 11th September, 2013 between: The Department of Natural Resources of the State of Alaska (Alaska DNR) of 550 West 7th Avenue, Suite 1400 Anchorage, Alaska, 99501-3650 and Japan Bank for International Cooperation (\""JBIC\"") of 4-1, Ohtemachi l-chome, Chiyoda-ku, Tokyo 100-8144, Japan, collectively hereinafter referred to as the \""Parties\""."", ""timex_text"": ""1400"", ""timex_type"": ""DATE"", ""timex_value"": ""1400""}, {""text"": ""(i) Alaska has one of the largest portfolios of oil, gas, minerals, renewable resources, water and land in the world; (ii) The North Slope of Alaska has estimates of over 200 trillion cubic feet of conventional gas and 35 trillion cubic feet of known gas reserves in existing North Slope fields based on recent United States Geological Survey reports; (iii) Compared to other areas, Alaska is relatively underexplored and a recent study by the Brookings Institution notes the strong competitive position of a potential, large-scale Alaska LNG to Asia project in comparison with other global LNG projects; (iv) Much of the upstream infrastructure is in place and hundreds of millions of dollars have been spent on critical engineering and environmental regulatory and commercial work required for a gas project in Alaska; (v) The State of Alaska has made substantial progress over the past year toward commercializing Alaska North Slope gas; (vi) The State of Alaska has undertaken a comprehensive strategy to highlight the comparative advantages of Alaska LNG to potential investors, buyers, consumers, and government officials, particularly in Asia; (vii) According to the United States Geological Surveys, the State of Alaska ranks in the top ten of the world for occurrences in coal, copper, lead, gold, zinc, and silver in addition to having over 70 occurrences ofl Rare Earth Elements (REES); (viii) The State of Alaska is also looking to alternative sources of energy with the goal to use 50% renewable electrical power by 2025 and thus has supported alternate sources of renewable energy and has assisted in examining feasibility of projects that utilize woody biomass, hydropower, wind power and clean coal technologies; (ix) The State of Alaska regularly engages with public entities and companies, both domestic and foreign, interested in Alaska's resources to provide information that will attract international investment and enhance cross-border commerce; (x) The State of Alaska has expressed interest in providing American and Japanese companies with business opportunities; and (xi) Cooperation with JBIC enables DNR to gain a better understanding of the rapidly changing Japanese and Asian markets and the interests of investors for LNG."", ""timex_text"": ""recent"", ""timex_type"": ""DATE"", ""timex_value"": ""PAST_REF""}, {""text"": ""(i) Alaska has one of the largest portfolios of oil, gas, minerals, renewable resources, water and land in the world; (ii) The North Slope of Alaska has estimates of over 200 trillion cubic feet of conventional gas and 35 trillion cubic feet of known gas reserves in existing North Slope fields based on recent United States Geological Survey reports; (iii) Compared to other areas, Alaska is relatively underexplored and a recent study by the Brookings Institution notes the strong competitive position of a potential, large-scale Alaska LNG to Asia project in comparison with other global LNG projects; (iv) Much of the upstream infrastructure is in place and hundreds of millions of dollars have been spent on critical engineering and environmental regulatory and commercial work required for a gas project in Alaska; (v) The State of Alaska has made substantial progress over the past year toward commercializing Alaska North Slope gas; (vi) The State of Alaska has undertaken a comprehensive strategy to highlight the comparative advantages of Alaska LNG to potential investors, buyers, consumers, and government officials, particularly in Asia; (vii) According to the United States Geological Surveys, the State of Alaska ranks in the top ten of the world for occurrences in coal, copper, lead, gold, zinc, and silver in addition to having over 70 occurrences ofl Rare Earth Elements (REES); (viii) The State of Alaska is also looking to alternative sources of energy with the goal to use 50% renewable electrical power by 2025 and thus has supported alternate sources of renewable energy and has assisted in examining feasibility of projects that utilize woody biomass, hydropower, wind power and clean coal technologies; (ix) The State of Alaska regularly engages with public entities and companies, both domestic and foreign, interested in Alaska's resources to provide information that will attract international investment and enhance cross-border commerce; (x) The State of Alaska has expressed interest in providing American and Japanese companies with business opportunities; and (xi) Cooperation with JBIC enables DNR to gain a better understanding of the rapidly changing Japanese and Asian markets and the interests of investors for LNG."", ""timex_text"": ""recent"", ""timex_type"": ""DATE"", ""timex_value"": ""PAST_REF""}, {""text"": ""(i) Alaska has one of the largest portfolios of oil, gas, minerals, renewable resources, water and land in the world; (ii) The North Slope of Alaska has estimates of over 200 trillion cubic feet of conventional gas and 35 trillion cubic feet of known gas reserves in existing North Slope fields based on recent United States Geological Survey reports; (iii) Compared to other areas, Alaska is relatively underexplored and a recent study by the Brookings Institution notes the strong competitive position of a potential, large-scale Alaska LNG to Asia project in comparison with other global LNG projects; (iv) Much of the upstream infrastructure is in place and hundreds of millions of dollars have been spent on critical engineering and environmental regulatory and commercial work required for a gas project in Alaska; (v) The State of Alaska has made substantial progress over the past year toward commercializing Alaska North Slope gas; (vi) The State of Alaska has undertaken a comprehensive strategy to highlight the comparative advantages of Alaska LNG to potential investors, buyers, consumers, and government officials, particularly in Asia; (vii) According to the United States Geological Surveys, the State of Alaska ranks in the top ten of the world for occurrences in coal, copper, lead, gold, zinc, and silver in addition to having over 70 occurrences ofl Rare Earth Elements (REES); (viii) The State of Alaska is also looking to alternative sources of energy with the goal to use 50% renewable electrical power by 2025 and thus has supported alternate sources of renewable energy and has assisted in examining feasibility of projects that utilize woody biomass, hydropower, wind power and clean coal technologies; (ix) The State of Alaska regularly engages with public entities and companies, both domestic and foreign, interested in Alaska's resources to provide information that will attract international investment and enhance cross-border commerce; (x) The State of Alaska has expressed interest in providing American and Japanese companies with business opportunities; and (xi) Cooperation with JBIC enables DNR to gain a better understanding of the rapidly changing Japanese and Asian markets and the interests of investors for LNG."", ""timex_text"": ""the past year"", ""timex_type"": ""DATE"", ""timex_value"": ""1399""}]",JAPAN BANK FOR INTERNATIONAL JBIC COOPERATION MEMORANDUM OF UNDERSTANDING BETWEEN The Department ofl Natural Resources o…,
Alaska/Alaska_6,Alaska,d:\NLP_Project_tasks_6_8_11\OCR_output\Alaska\Alaska_6.txt,1327-01-01,2015-10-28,24 hours,,found,"[{""text"": ""ERHA (EE) FRRAR 5n BT V WT TA E AT #L AA E 1 - La A - 1F MEMORANDUM OF UNDERSTANDING ON COOPERATION BETWEEN THE Shanghai Airport Authority AND Alaska International Airport System -0-H#THET/E October28, 2015 Memorandum of Understanding + (#E) ARR2 5HM E ATALE RET AFHI."", ""timex_text"": ""2015"", ""timex_type"": ""DATE"", ""timex_value"": ""2015""}, {""text"": ""EAN (*E) RAT7A R NE e E75 SOM /J Jo This memorandum, dated 28 October 2015 is a statement of intentions regarding the spirit and principal elements of co-operation in an alliance between the Alaska International Airport System (AIAS), comprised of Ted Stevens Anchorage International Airport and Fairbanks International Airport and Shanghai Airport Authority (SAA), operators of Shanghai Pudong International Airport and Hongqiao International Airport."", ""timex_text"": ""28 October 2015"", ""timex_type"": ""DATE"", ""timex_value"": ""2015-10-28""}, {""text"": ""2, 2014 iF, SHTM On/HXI+ DA DZEl 15 1ZXT: In 2014 the value of Alaska exports to China reached $1.5 billion USD making it Alaska's number one trading partner."", ""timex_text"": ""2014"", ""timex_type"": ""DATE"", ""timex_value"": ""2014""}, {""text"": ""2, 2014 iF, SHTM On/HXI+ DA DZEl 15 1ZXT: In 2014 the value of Alaska exports to China reached $1.5 billion USD making it Alaska's number one trading partner."", ""timex_text"": ""2014"", ""timex_type"": ""DATE"", ""timex_value"": ""2014""}, {""text"": ""3, 2009 F 9 H, PHAXR Sean Parnell, pp *EAN, 70 PJ ELICAIULA: In September 2009, National People's Congress Chairman Wu Bangguo met with Alaska Governor Sean Parnell in Alaska."", ""timex_text"": ""2009"", ""timex_type"": ""DATE"", ""timex_value"": ""2009""}]",ERHA (EE) FRRAR 5n BT V WT TA E AT #L AA E 1 - La A - 1F MEMORANDUM OF UNDERSTANDING ON COOPERATION BETWEEN THE Shanghai…,
Alaska/Alaska_7,Alaska,d:\NLP_Project_tasks_6_8_11\OCR_output\Alaska\Alaska_7.txt,1134-01-01,1998-11-12,60 days,,found,"[{""text"": ""12, 1998 112 STAT."", ""timex_text"": ""1998"", ""timex_type"": ""DATE"", ""timex_value"": ""1998""}, {""text"": ""1134] Be it enacted by the Senate and House of Representatives of the United States ofAmerica in Congress assembled, SECTION 1."", ""timex_text"": ""1134"", ""timex_type"": ""DATE"", ""timex_value"": ""1134""}, {""text"": ""12, 1998 112 STAT."", ""timex_text"": ""1998"", ""timex_type"": ""DATE"", ""timex_value"": ""1998""}, {""text"": ""12, 1998 112 STAT."", ""timex_text"": ""1998"", ""timex_type"": ""DATE"", ""timex_value"": ""1998""}, {""text"": ""12, 1998 112 STAT."", ""timex_text"": ""1998"", ""timex_type"": ""DATE"", ""timex_value"": ""1998""}]","12, 1998 112 STAT.",
Alaska/Alaska_8,Alaska,d:\NLP_Project_tasks_6_8_11\OCR_output\Alaska\Alaska_8.txt,1989-01-01,2001-06-01,over a decade,,found,"[{""text"": ""OIL SPILL MEMORANDUM OF COOPERATION Between the Pacific States of Alaska, California, Hawail, Oregon, and Washington and the Province of British Columbia June 2001 PRR-2020-0119 MK-00002 OIL SPILL MEMORANDUM OF COOPERATION Whereas the Province of British Columbia (the \""Province\"") and the Pacific States of Alaska, California, Hawaii, Oregon, and Washington (the \""States\"") share and protect common Pacific Ocean fish and wildlife resources and their supporting environments, as well as common cultural and economic values; and Whereas the Province and the States each have a mandate to enhance and protect their environmental, cultural, and economic resources from oil spills; and Whereas the Province and States also share the benefits, risks and impacts from oil transportation and carriage; and Whereas the impacts of oil spills and pollution may cross jurisdictional boundaries; and Whereas it is paramount to both maintain and improve a coordinated response to prevent, prepare for, and respond effectively to oil spills in our shared waters; and Whereas the Province and the States have coordinated effectively for over a decade under an initial Memorandum of Cooperation signed in 1989, producing Agreements and Recommendations that have significantly improved the protection of our shared resources and established an internationally respected model of cooperation; and Whereas the future requires continued cooperation in preventing or abating oil spills in our respective jurisdictions, including the provision of opportunities for the participation of appropriate federal agencies and all affected stakeholders of both Canada and the United States; Now therefore, in recognition of the spirit of co-operation which has characterized their efforts thus far, the Province of British Columbia, through its Premier, the Honorable Gordon Campbell, the State of Alaska through its Governor, the Honorable Tony Knowles, the State of California through its Governor, the Honorable Gray Davis, the State of Hawaii through its Governor, the Honorable Benjamin Cayetano, the State of Oregon through its Governor, the Honorable John Kitzhaber, and the State of Washington through its Governor, the Honorable Gary Locke, join together in this Memorandum of Cooperation pertaining to the resolution of mutual problems of oil spill pollution in the aforementioned MK-00003 PRR-2020-0119 jurisdictions."", ""timex_text"": ""June 2001"", ""timex_type"": ""DATE"", ""timex_value"": ""2001-06""}, {""text"": ""OIL SPILL MEMORANDUM OF COOPERATION Between the Pacific States of Alaska, California, Hawail, Oregon, and Washington and the Province of British Columbia June 2001 PRR-2020-0119 MK-00002 OIL SPILL MEMORANDUM OF COOPERATION Whereas the Province of British Columbia (the \""Province\"") and the Pacific States of Alaska, California, Hawaii, Oregon, and Washington (the \""States\"") share and protect common Pacific Ocean fish and wildlife resources and their supporting environments, as well as common cultural and economic values; and Whereas the Province and the States each have a mandate to enhance and protect their environmental, cultural, and economic resources from oil spills; and Whereas the Province and States also share the benefits, risks and impacts from oil transportation and carriage; and Whereas the impacts of oil spills and pollution may cross jurisdictional boundaries; and Whereas it is paramount to both maintain and improve a coordinated response to prevent, prepare for, and respond effectively to oil spills in our shared waters; and Whereas the Province and the States have coordinated effectively for over a decade under an initial Memorandum of Cooperation signed in 1989, producing Agreements and Recommendations that have significantly improved the protection of our shared resources and established an internationally respected model of cooperation; and Whereas the future requires continued cooperation in preventing or abating oil spills in our respective jurisdictions, including the provision of opportunities for the participation of appropriate federal agencies and all affected stakeholders of both Canada and the United States; Now therefore, in recognition of the spirit of co-operation which has characterized their efforts thus far, the Province of British Columbia, through its Premier, the Honorable Gordon Campbell, the State of Alaska through its Governor, the Honorable Tony Knowles, the State of California through its Governor, the Honorable Gray Davis, the State of Hawaii through its Governor, the Honorable Benjamin Cayetano, the State of Oregon through its Governor, the Honorable John Kitzhaber, and the State of Washington through its Governor, the Honorable Gary Locke, join together in this Memorandum of Cooperation pertaining to the resolution of mutual problems of oil spill pollution in the aforementioned MK-00003 PRR-2020-0119 jurisdictions."", ""timex_text"": ""over a decade"", ""timex_type"": ""DURATION"", ""timex_value"": ""P1DE""}, {""text"": ""OIL SPILL MEMORANDUM OF COOPERATION Between the Pacific States of Alaska, California, Hawail, Oregon, and Washington and the Province of British Columbia June 2001 PRR-2020-0119 MK-00002 OIL SPILL MEMORANDUM OF COOPERATION Whereas the Province of British Columbia (the \""Province\"") and the Pacific States of Alaska, California, Hawaii, Oregon, and Washington (the \""States\"") share and protect common Pacific Ocean fish and wildlife resources and their supporting environments, as well as common cultural and economic values; and Whereas the Province and the States each have a mandate to enhance and protect their environmental, cultural, and economic resources from oil spills; and Whereas the Province and States also share the benefits, risks and impacts from oil transportation and carriage; and Whereas the impacts of oil spills and pollution may cross jurisdictional boundaries; and Whereas it is paramount to both maintain and improve a coordinated response to prevent, prepare for, and respond effectively to oil spills in our shared waters; and Whereas the Province and the States have coordinated effectively for over a decade under an initial Memorandum of Cooperation signed in 1989, producing Agreements and Recommendations that have significantly improved the protection of our shared resources and established an internationally respected model of cooperation; and Whereas the future requires continued cooperation in preventing or abating oil spills in our respective jurisdictions, including the provision of opportunities for the participation of appropriate federal agencies and all affected stakeholders of both Canada and the United States; Now therefore, in recognition of the spirit of co-operation which has characterized their efforts thus far, the Province of British Columbia, through its Premier, the Honorable Gordon Campbell, the State of Alaska through its Governor, the Honorable Tony Knowles, the State of California through its Governor, the Honorable Gray Davis, the State of Hawaii through its Governor, the Honorable Benjamin Cayetano, the State of Oregon through its Governor, the Honorable John Kitzhaber, and the State of Washington through its Governor, the Honorable Gary Locke, join together in this Memorandum of Cooperation pertaining to the resolution of mutual problems of oil spill pollution in the aforementioned MK-00003 PRR-2020-0119 jurisdictions."", ""timex_text"": ""1989"", ""timex_type"": ""DATE"", ""timex_value"": ""1989""}, {""text"": ""OIL SPILL MEMORANDUM OF COOPERATION Between the Pacific States of Alaska, California, Hawail, Oregon, and Washington and the Province of British Columbia June 2001 PRR-2020-0119 MK-00002 OIL SPILL MEMORANDUM OF COOPERATION Whereas the Province of British Columbia (the \""Province\"") and the Pacific States of Alaska, California, Hawaii, Oregon, and Washington (the \""States\"") share and protect common Pacific Ocean fish and wildlife resources and their supporting environments, as well as common cultural and economic values; and Whereas the Province and the States each have a mandate to enhance and protect their environmental, cultural, and economic resources from oil spills; and Whereas the Province and States also share the benefits, risks and impacts from oil transportation and carriage; and Whereas the impacts of oil spills and pollution may cross jurisdictional boundaries; and Whereas it is paramount to both maintain and improve a coordinated response to prevent, prepare for, and respond effectively to oil spills in our shared waters; and Whereas the Province and the States have coordinated effectively for over a decade under an initial Memorandum of Cooperation signed in 1989, producing Agreements and Recommendations that have significantly improved the protection of our shared resources and established an internationally respected model of cooperation; and Whereas the future requires continued cooperation in preventing or abating oil spills in our respective jurisdictions, including the provision of opportunities for the participation of appropriate federal agencies and all affected stakeholders of both Canada and the United States; Now therefore, in recognition of the spirit of co-operation which has characterized their efforts thus far, the Province of British Columbia, through its Premier, the Honorable Gordon Campbell, the State of Alaska through its Governor, the Honorable Tony Knowles, the State of California through its Governor, the Honorable Gray Davis, the State of Hawaii through its Governor, the Honorable Benjamin Cayetano, the State of Oregon through its Governor, the Honorable John Kitzhaber, and the State of Washington through its Governor, the Honorable Gary Locke, join together in this Memorandum of Cooperation pertaining to the resolution of mutual problems of oil spill pollution in the aforementioned MK-00003 PRR-2020-0119 jurisdictions."", ""timex_text"": ""Now"", ""timex_type"": ""DATE"", ""timex_value"": ""PRESENT_REF""}, {""text"": ""The Coordinating Committee will meet quarterly and the Task Force members will meet annually to review progress and plan future cooperation as outlined in Strategic Plans adopted by the Task Force Members."", ""timex_text"": ""annually"", ""timex_type"": ""SET"", ""timex_value"": ""XXXX""}]","OIL SPILL MEMORANDUM OF COOPERATION Between the Pacific States of Alaska, California, Hawail, Oregon, and Washington and…",
Alaska/Alaska_9,Alaska,d:\NLP_Project_tasks_6_8_11\OCR_output\Alaska\Alaska_9.txt,,,one year,,found,"[{""text"": ""Assess current and explore future areas of operational responsibility that could result in efficiencies when providing health services in the jurisdiction of any Party to this MOU."", ""timex_text"": ""current"", ""timex_type"": ""DATE"", ""timex_value"": ""PRESENT_REF""}, {""text"": ""Assess current and explore future areas of operational responsibility that could result in efficiencies when providing health services in the jurisdiction of any Party to this MOU."", ""timex_text"": ""current"", ""timex_type"": ""DATE"", ""timex_value"": ""PRESENT_REF""}, {""text"": ""The Committee will provide an initial progress report to the Parties within one year of founding."", ""timex_text"": ""one year"", ""timex_type"": ""DURATION"", ""timex_value"": ""P1Y""}, {""text"": ""Nothing in this paragraph prevents a Party from withdrawing its participation under this MOU with 60 days written notice to all of the other Parties."", ""timex_text"": ""60 days"", ""timex_type"": ""DURATION"", ""timex_value"": ""P60D""}, {""text"": ""Assess current and explore future areas of operational responsibility that could result in efficiencies when providing health services in the jurisdiction of any Party to this MOU."", ""timex_text"": ""current"", ""timex_type"": ""DATE"", ""timex_value"": ""PRESENT_REF""}]",Assess current and explore future areas of operational responsibility that could result in efficiencies when providing h…,
Arizona/Arizona_1,Arizona,d:\NLP_Project_tasks_6_8_11\OCR_output\Arizona\Arizona_1.txt,2020-01-01,2020-01-01,,,found,"[{""text"": ""DG Missouril Department of Commerce & Insurance Confidentiality Agreement for the 2020 meetings of the College of Supervisors of Reinsurance Group of America, Incorporated The Missouri Department of Commerce and Insurance (DCI) and the Authorities listed in Schedule A attached hereto and incorporated herein by reference (herein referred to collectively as the \""Authorities\"") enter into this agreement for the purpose of exchanging confidential supervisory information pertaining to the Reinsurance Group of America, Incorporated (RGA), and its regulated/non-regulated affiliates, for any telephone conference call(s) or meeting of the College of RGA Supervisors during 2020."", ""timex_text"": ""2020"", ""timex_type"": ""DATE"", ""timex_value"": ""2020""}, {""text"": ""DG Missouril Department of Commerce & Insurance Confidentiality Agreement for the 2020 meetings of the College of Supervisors of Reinsurance Group of America, Incorporated The Missouri Department of Commerce and Insurance (DCI) and the Authorities listed in Schedule A attached hereto and incorporated herein by reference (herein referred to collectively as the \""Authorities\"") enter into this agreement for the purpose of exchanging confidential supervisory information pertaining to the Reinsurance Group of America, Incorporated (RGA), and its regulated/non-regulated affiliates, for any telephone conference call(s) or meeting of the College of RGA Supervisors during 2020."", ""timex_text"": ""2020"", ""timex_type"": ""DATE"", ""timex_value"": ""2020""}, {""text"": ""DG Missouril Department of Commerce & Insurance Confidentiality Agreement for the 2020 meetings of the College of Supervisors of Reinsurance Group of America, Incorporated The Missouri Department of Commerce and Insurance (DCI) and the Authorities listed in Schedule A attached hereto and incorporated herein by reference (herein referred to collectively as the \""Authorities\"") enter into this agreement for the purpose of exchanging confidential supervisory information pertaining to the Reinsurance Group of America, Incorporated (RGA), and its regulated/non-regulated affiliates, for any telephone conference call(s) or meeting of the College of RGA Supervisors during 2020."", ""timex_text"": ""2020"", ""timex_type"": ""DATE"", ""timex_value"": ""2020""}, {""text"": ""DG Missouril Department of Commerce & Insurance Confidentiality Agreement for the 2020 meetings of the College of Supervisors of Reinsurance Group of America, Incorporated The Missouri Department of Commerce and Insurance (DCI) and the Authorities listed in Schedule A attached hereto and incorporated herein by reference (herein referred to collectively as the \""Authorities\"") enter into this agreement for the purpose of exchanging confidential supervisory information pertaining to the Reinsurance Group of America, Incorporated (RGA), and its regulated/non-regulated affiliates, for any telephone conference call(s) or meeting of the College of RGA Supervisors during 2020."", ""timex_text"": ""2020"", ""timex_type"": ""DATE"", ""timex_value"": ""2020""}, {""text"": ""DG Missouril Department of Commerce & Insurance Confidentiality Agreement for the 2020 meetings of the College of Supervisors of Reinsurance Group of America, Incorporated The Missouri Department of Commerce and Insurance (DCI) and the Authorities listed in Schedule A attached hereto and incorporated herein by reference (herein referred to collectively as the \""Authorities\"") enter into this agreement for the purpose of exchanging confidential supervisory information pertaining to the Reinsurance Group of America, Incorporated (RGA), and its regulated/non-regulated affiliates, for any telephone conference call(s) or meeting of the College of RGA Supervisors during 2020."", ""timex_text"": ""2020"", ""timex_type"": ""DATE"", ""timex_value"": ""2020""}]",DG Missouril Department of Commerce & Insurance Confidentiality Agreement for the 2020 meetings of the College of Superv…,
Arizona/Arizona_10,Arizona,d:\NLP_Project_tasks_6_8_11\OCR_output\Arizona\Arizona_10.txt,2016-03-01,2021-03-01,,,found,"[{""text"": ""PGR PROCURADURIAGEMURAL DLIAR REPOMICA LETTER OF INTENT BETWEEN THE OFFICE OF THE ATTORNEY GENERAL OF THE REPUBLIC OF THE UNITED MEXICAN STATES AND THE OFFICE OF THE ATTORNEY GENERAL OF THE STATE OF ARIZONA OF THE UNITED STATES OF AMERICA The Office of the Attorney General of the Republic of the United Mexican States and the Office of the Attorney General of the State of Arizona of the United States of America, hereinafter referred as the Participants\"",and CONSIDERING That the Office of the Attorney General of the Republic of the United Mexican States and the Office of the Attorney General of the State of Arizona of the United States of America share common values and a vision of prosperity and security; That the Participants seek to create and keep strategic and collaboration links; That the collaboration between the Participants has as purpose to join efforts for increasing the efficiency of the investigation and prosecution of crimes; That the effective collaboration between law enforcement institutions is essential for fighting transnational criminal organizations; That the current international conditions and the challenges to fight organized crime, have widened the Participants' role, whose primary objective is to guarantee justice, security, respect to human rights and freedom for all their nationals within their jurisdictions; That the crimes off trafficking and smuggling of persons, trafficking in firearms, money laundering or operations with resources of illicit proceeding, drug trafficking or crimes against health, and child pornography crimes committed in the Internet, transcend international borders, thus an effective cooperation between the Participants is required; That the Participants are dedicated to enhance binational cooperation, as expressed in the International Border Conference, celebrated in Scottsdale, Arizona, United States of America, on March 1st, 2016, organized by the Office of the Attorney General of Arizona, the Southwest Border Anti-Money Laundering Alliance and the Conference of Western Attorneys General of the United States (CWAG); That the Office of the Attorney General of the Republic of the United Mexican States and the Office of the Attorney General of Arizona of the United States of America wish to make joint efforts and projects that will improve the bilateral cooperation and the exchange of practices for optimizing the investigation and prosecution of crimes; 1 PGR PROCURADUNAGEMIRAI DEIAR RIPOBLICA That the law enforcement authorities of the United Mexican States are in transition from a mixed inquisitorial and written system, towards an oral and accusatory system, that will enhance the use of scientific evidence in criminal prosecutions; That the criminal adjudication process in the United States of America is based on an accusatory criminal procedural system, that bases its criminal investigations on scientific evidence; That a strong relationship between both institutions benefits the actions that promote the Rule of Law and the mutual cooperation; That the collaboration between the Participants shall be in accordance with its laws, international legal instruments and domestic regulations."", ""timex_text"": ""current"", ""timex_type"": ""DATE"", ""timex_value"": ""PRESENT_REF""}, {""text"": ""PGR PROCURADURIAGEMURAL DLIAR REPOMICA LETTER OF INTENT BETWEEN THE OFFICE OF THE ATTORNEY GENERAL OF THE REPUBLIC OF THE UNITED MEXICAN STATES AND THE OFFICE OF THE ATTORNEY GENERAL OF THE STATE OF ARIZONA OF THE UNITED STATES OF AMERICA The Office of the Attorney General of the Republic of the United Mexican States and the Office of the Attorney General of the State of Arizona of the United States of America, hereinafter referred as the Participants\"",and CONSIDERING That the Office of the Attorney General of the Republic of the United Mexican States and the Office of the Attorney General of the State of Arizona of the United States of America share common values and a vision of prosperity and security; That the Participants seek to create and keep strategic and collaboration links; That the collaboration between the Participants has as purpose to join efforts for increasing the efficiency of the investigation and prosecution of crimes; That the effective collaboration between law enforcement institutions is essential for fighting transnational criminal organizations; That the current international conditions and the challenges to fight organized crime, have widened the Participants' role, whose primary objective is to guarantee justice, security, respect to human rights and freedom for all their nationals within their jurisdictions; That the crimes off trafficking and smuggling of persons, trafficking in firearms, money laundering or operations with resources of illicit proceeding, drug trafficking or crimes against health, and child pornography crimes committed in the Internet, transcend international borders, thus an effective cooperation between the Participants is required; That the Participants are dedicated to enhance binational cooperation, as expressed in the International Border Conference, celebrated in Scottsdale, Arizona, United States of America, on March 1st, 2016, organized by the Office of the Attorney General of Arizona, the Southwest Border Anti-Money Laundering Alliance and the Conference of Western Attorneys General of the United States (CWAG); That the Office of the Attorney General of the Republic of the United Mexican States and the Office of the Attorney General of Arizona of the United States of America wish to make joint efforts and projects that will improve the bilateral cooperation and the exchange of practices for optimizing the investigation and prosecution of crimes; 1 PGR PROCURADUNAGEMIRAI DEIAR RIPOBLICA That the law enforcement authorities of the United Mexican States are in transition from a mixed inquisitorial and written system, towards an oral and accusatory system, that will enhance the use of scientific evidence in criminal prosecutions; That the criminal adjudication process in the United States of America is based on an accusatory criminal procedural system, that bases its criminal investigations on scientific evidence; That a strong relationship between both institutions benefits the actions that promote the Rule of Law and the mutual cooperation; That the collaboration between the Participants shall be in accordance with its laws, international legal instruments and domestic regulations."", ""timex_text"": ""March 1st, 2016"", ""timex_type"": ""DATE"", ""timex_value"": ""2016-03-01""}, {""text"": ""Share information, investigation tactics and techniques, on cases of trafficking and smuggling of persons; This Letter of Intent is signed on May 16th, 2016, in Mexico City, in two originals, in English and Spanish, both texts being equally authentic, and will end on March 1st, 2021."", ""timex_text"": ""May 16th, 2016"", ""timex_type"": ""DATE"", ""timex_value"": ""2016-05-16""}, {""text"": ""Share information, investigation tactics and techniques, on cases of trafficking and smuggling of persons; This Letter of Intent is signed on May 16th, 2016, in Mexico City, in two originals, in English and Spanish, both texts being equally authentic, and will end on March 1st, 2021."", ""timex_text"": ""March 1st, 2021"", ""timex_type"": ""DATE"", ""timex_value"": ""2021-03-01""}]",PGR PROCURADURIAGEMURAL DLIAR REPOMICA LETTER OF INTENT BETWEEN THE OFFICE OF THE ATTORNEY GENERAL OF THE REPUBLIC OF TH…,
Arizona/Arizona_11,Arizona,d:\NLP_Project_tasks_6_8_11\OCR_output\Arizona\Arizona_11.txt,1912-01-01,2018-06-15,30 days,,found,"[{""text"": ""E OF DITAT DEUS ESTADO DE SONORA 1912 MEMORANDUM OF UNDERSTANDING BETWEEN THE ARIZONA COMMERCE AUTHORITY OF THE STATE OF ARIZONA OF THE UNITED STATES OF AMERICA AND THE SECRETARIAT OF THE ECONOMY OF THE STATE OF SONORA OF THE UNITED MEXICAN STATES TO COOPERATE ON INITIATIVES AIMED AT FOSTERING A VIBRANT INNOVATION NETWORK TO SUPPORT ENTREPRENEURS AND TECHNOLOGY GENERATORS IN THE ARIZONA-SONORA REGION M ARIZONA-MEXICO C a M M I S S I O N SONORA A Memorandum ofUnderstanding between the Arizona Commerce Authority of the State of Arizona of the United States of America and the Secretariat of the Economy of the State of Sonora of the United Mexican States (the \""Participants\"") to Cooperate on Initiatives Aimed at Fostering a Vibrant Innovation Network to Support Entrepreneurs and Technology Generators in the Arizona-Sonora Region WHEREAS the Arizona Commerce Authority is Arizona's lead agency for economic development, and the Arizona Commerce Authority advances a robust strategy and suite of programs to cultivate an innovation ecosystem that leads to increased business development, job creation and economic growth; WHEREAS the Secretariat of the Economy of the State of Sonora is a state public administration department in charge of economic development, and the Secretariat of the Economy of the State ofSonora is committed to the promotion of innovation in strategic sectors that creates new jobs and stimulates economic vibrancy; WHEREAS the Participants have demonstrated their commitment to develop a dynamic platform for businesses of all sizes in key sectors through joint marketing and communications, supplier development and Business to Business B2B forums; WHEREAS the two states recognize the importance of deeper cross-border collaborations to produce a robust and highly performing ecosystem geared toward a global knowledge-based economy and to ensure economic competitiveness, quality jobs and a high standard ofliving; WHEREAS promoting the development, transfer and commercialization of technology will yield significant regional economic benefits and spill-over effects; WHEREAS global capital investments in early stage technology firms exceeded $140 billion in 2017; WHEREAS research indicates that increased global connectedness helps startups acquire critical knowledge, develop effective business models, increase their performance level and grow their revenues twice as fast; and WHEREAS the National Research Council found that \""research parks are increasingly seen around the world as a means to create dynamic clusters that accelerate economic growth and international competitiveness."", ""timex_text"": ""1912"", ""timex_type"": ""DATE"", ""timex_value"": ""1912""}, {""text"": ""E OF DITAT DEUS ESTADO DE SONORA 1912 MEMORANDUM OF UNDERSTANDING BETWEEN THE ARIZONA COMMERCE AUTHORITY OF THE STATE OF ARIZONA OF THE UNITED STATES OF AMERICA AND THE SECRETARIAT OF THE ECONOMY OF THE STATE OF SONORA OF THE UNITED MEXICAN STATES TO COOPERATE ON INITIATIVES AIMED AT FOSTERING A VIBRANT INNOVATION NETWORK TO SUPPORT ENTREPRENEURS AND TECHNOLOGY GENERATORS IN THE ARIZONA-SONORA REGION M ARIZONA-MEXICO C a M M I S S I O N SONORA A Memorandum ofUnderstanding between the Arizona Commerce Authority of the State of Arizona of the United States of America and the Secretariat of the Economy of the State of Sonora of the United Mexican States (the \""Participants\"") to Cooperate on Initiatives Aimed at Fostering a Vibrant Innovation Network to Support Entrepreneurs and Technology Generators in the Arizona-Sonora Region WHEREAS the Arizona Commerce Authority is Arizona's lead agency for economic development, and the Arizona Commerce Authority advances a robust strategy and suite of programs to cultivate an innovation ecosystem that leads to increased business development, job creation and economic growth; WHEREAS the Secretariat of the Economy of the State of Sonora is a state public administration department in charge of economic development, and the Secretariat of the Economy of the State ofSonora is committed to the promotion of innovation in strategic sectors that creates new jobs and stimulates economic vibrancy; WHEREAS the Participants have demonstrated their commitment to develop a dynamic platform for businesses of all sizes in key sectors through joint marketing and communications, supplier development and Business to Business B2B forums; WHEREAS the two states recognize the importance of deeper cross-border collaborations to produce a robust and highly performing ecosystem geared toward a global knowledge-based economy and to ensure economic competitiveness, quality jobs and a high standard ofliving; WHEREAS promoting the development, transfer and commercialization of technology will yield significant regional economic benefits and spill-over effects; WHEREAS global capital investments in early stage technology firms exceeded $140 billion in 2017; WHEREAS research indicates that increased global connectedness helps startups acquire critical knowledge, develop effective business models, increase their performance level and grow their revenues twice as fast; and WHEREAS the National Research Council found that \""research parks are increasingly seen around the world as a means to create dynamic clusters that accelerate economic growth and international competitiveness."", ""timex_text"": ""2017"", ""timex_type"": ""DATE"", ""timex_value"": ""2017""}, {""text"": ""Nonetheless, the State of Arizona and State of Sonora should endeavor to give the other party 30 days written notice ofi its intention to terminate this Memorandum of Understanding."", ""timex_text"": ""30 days"", ""timex_type"": ""DURATION"", ""timex_value"": ""P30D""}]",E OF DITAT DEUS ESTADO DE SONORA 1912 MEMORANDUM OF UNDERSTANDING BETWEEN THE ARIZONA COMMERCE AUTHORITY OF THE STATE OF…,
Arizona/Arizona_12,Arizona,d:\NLP_Project_tasks_6_8_11\OCR_output\Arizona\Arizona_12.txt,1912-01-01,2019-06-26,5 years,,found,"[{""text"": ""DITAT DEUS ESTADO DE SONORA 1912 MEMORANDUM OF UNDERSTANDING BETWEEN THE FILM & DIGITAL MEDIA PROGRAM OF THE STATE OF ARIZONA, THROUGH THE ARIZONA COMMERCE AUTHORITY, AND THE FILM OFFICE OF THE STATE OF SONORA, THROUGH SONORA TOURISM, TO JOIN EFFORTS IN MARKETING FILM PRODUCTION IN THE ARIZONA-SONORA REGION."", ""timex_text"": ""1912"", ""timex_type"": ""DATE"", ""timex_value"": ""1912""}, {""text"": ""This relationship and partnership are made possible thanks to a history of trust and collaboration between Arizona and Sonora that has developed solid results; and, WHEREAS the states of Arizona and Sonora share a goal of expanding film & digital media production and increasing related jobs and industry activity through promotion and development; and, WHEREAS in August 2017, the AZFDMP offered to list Sonoran beaches and resorts on its website; and, WHEREAS in November 2017, images of Sonoran beaches and resorts became universally accessible on the AZFDMP website; and, WHEREAS in May 2019, the AZFDMP added the category of Associated Film Offices\"" on the AZFDMP website, which included the State of Sonora Film Office; and, WHEREAS the foregoing evidence a consistent and continually improving relationship of collaboration, cooperation, and support between the AZFDMP and the Film Office of the State of Sonora; NOW, THEREFORE, THE FILM & DIGITAL MEDIA PROGRAM OF THE STATE OF ARIZONA AND FILM OFFICE OF THE STATE OF SONORA RESOLVE AS FOLLOWS: 1."", ""timex_text"": ""August 2017"", ""timex_type"": ""DATE"", ""timex_value"": ""2017-08""}, {""text"": ""This relationship and partnership are made possible thanks to a history of trust and collaboration between Arizona and Sonora that has developed solid results; and, WHEREAS the states of Arizona and Sonora share a goal of expanding film & digital media production and increasing related jobs and industry activity through promotion and development; and, WHEREAS in August 2017, the AZFDMP offered to list Sonoran beaches and resorts on its website; and, WHEREAS in November 2017, images of Sonoran beaches and resorts became universally accessible on the AZFDMP website; and, WHEREAS in May 2019, the AZFDMP added the category of Associated Film Offices\"" on the AZFDMP website, which included the State of Sonora Film Office; and, WHEREAS the foregoing evidence a consistent and continually improving relationship of collaboration, cooperation, and support between the AZFDMP and the Film Office of the State of Sonora; NOW, THEREFORE, THE FILM & DIGITAL MEDIA PROGRAM OF THE STATE OF ARIZONA AND FILM OFFICE OF THE STATE OF SONORA RESOLVE AS FOLLOWS: 1."", ""timex_text"": ""November 2017"", ""timex_type"": ""DATE"", ""timex_value"": ""2017-11""}, {""text"": ""This relationship and partnership are made possible thanks to a history of trust and collaboration between Arizona and Sonora that has developed solid results; and, WHEREAS the states of Arizona and Sonora share a goal of expanding film & digital media production and increasing related jobs and industry activity through promotion and development; and, WHEREAS in August 2017, the AZFDMP offered to list Sonoran beaches and resorts on its website; and, WHEREAS in November 2017, images of Sonoran beaches and resorts became universally accessible on the AZFDMP website; and, WHEREAS in May 2019, the AZFDMP added the category of Associated Film Offices\"" on the AZFDMP website, which included the State of Sonora Film Office; and, WHEREAS the foregoing evidence a consistent and continually improving relationship of collaboration, cooperation, and support between the AZFDMP and the Film Office of the State of Sonora; NOW, THEREFORE, THE FILM & DIGITAL MEDIA PROGRAM OF THE STATE OF ARIZONA AND FILM OFFICE OF THE STATE OF SONORA RESOLVE AS FOLLOWS: 1."", ""timex_text"": ""May 2019"", ""timex_type"": ""DATE"", ""timex_value"": ""2019-05""}, {""text"": ""The Film & Digital Media Program of the State of Arizona and the Film Office of the State of Sonora will mutually identify current and future marketing activities that will promote binational film & digital media production."", ""timex_text"": ""current"", ""timex_type"": ""DATE"", ""timex_value"": ""PRESENT_REF""}]",DITAT DEUS ESTADO DE SONORA 1912 MEMORANDUM OF UNDERSTANDING BETWEEN THE FILM & DIGITAL MEDIA PROGRAM OF THE STATE OF AR…,
Arizona/Arizona_13,Arizona,d:\NLP_Project_tasks_6_8_11\OCR_output\Arizona\Arizona_13.txt,1912-01-01,2019-06-26,5 years,,found,"[{""text"": ""DITAT DEUS ESTADO DE SONORA 1912 MEMORANDUM OF UNDERSTANDING BETWEEN THE FILM & DIGITAL MEDIA PROGRAM OF THE STATE OF ARIZONA, THROUGH THE ARIZONA COMMERCE AUTHORITY, AND THE FILM OFFICE OF THE STATE OF SONORA, THROUGH SONORA TOURISM, TO JOIN EFFORTS IN MARKETING FILM PRODUCTION IN THE ARIZONA-SONORA REGION."", ""timex_text"": ""1912"", ""timex_type"": ""DATE"", ""timex_value"": ""1912""}, {""text"": ""This relationship and partnership are made possible thanks to a history of trust and collaboration between Arizona and Sonora that has developed solid results; and, WHEREAS the states of Arizona and Sonora share a goal of expanding film & digital media production and increasing related jobs and industry activity through promotion and development; and, WHEREAS in August 2017, the AZFDMP offered to list Sonoran beaches and resorts on its website; and, WHEREAS in November 2017, images of Sonoran beaches and resorts became universally accessible on the AZFDMP website; and, WHEREAS in May 2019, the AZFDMP added the category of Associated Film Offices\"" on the AZFDMP website, which included the State of Sonora Film Office; and, WHEREAS the foregoing evidence a consistent and continually improving relationship of collaboration, cooperation, and support between the AZFDMP and the Film Office of the State of Sonora; NOW, THEREFORE, THE FILM & DIGITAL MEDIA PROGRAM OF THE STATE OF ARIZONA AND FILM OFFICE OF THE STATE OF SONORA RESOLVE AS FOLLOWS: 1."", ""timex_text"": ""August 2017"", ""timex_type"": ""DATE"", ""timex_value"": ""2017-08""}, {""text"": ""This relationship and partnership are made possible thanks to a history of trust and collaboration between Arizona and Sonora that has developed solid results; and, WHEREAS the states of Arizona and Sonora share a goal of expanding film & digital media production and increasing related jobs and industry activity through promotion and development; and, WHEREAS in August 2017, the AZFDMP offered to list Sonoran beaches and resorts on its website; and, WHEREAS in November 2017, images of Sonoran beaches and resorts became universally accessible on the AZFDMP website; and, WHEREAS in May 2019, the AZFDMP added the category of Associated Film Offices\"" on the AZFDMP website, which included the State of Sonora Film Office; and, WHEREAS the foregoing evidence a consistent and continually improving relationship of collaboration, cooperation, and support between the AZFDMP and the Film Office of the State of Sonora; NOW, THEREFORE, THE FILM & DIGITAL MEDIA PROGRAM OF THE STATE OF ARIZONA AND FILM OFFICE OF THE STATE OF SONORA RESOLVE AS FOLLOWS: 1."", ""timex_text"": ""November 2017"", ""timex_type"": ""DATE"", ""timex_value"": ""2017-11""}, {""text"": ""This relationship and partnership are made possible thanks to a history of trust and collaboration between Arizona and Sonora that has developed solid results; and, WHEREAS the states of Arizona and Sonora share a goal of expanding film & digital media production and increasing related jobs and industry activity through promotion and development; and, WHEREAS in August 2017, the AZFDMP offered to list Sonoran beaches and resorts on its website; and, WHEREAS in November 2017, images of Sonoran beaches and resorts became universally accessible on the AZFDMP website; and, WHEREAS in May 2019, the AZFDMP added the category of Associated Film Offices\"" on the AZFDMP website, which included the State of Sonora Film Office; and, WHEREAS the foregoing evidence a consistent and continually improving relationship of collaboration, cooperation, and support between the AZFDMP and the Film Office of the State of Sonora; NOW, THEREFORE, THE FILM & DIGITAL MEDIA PROGRAM OF THE STATE OF ARIZONA AND FILM OFFICE OF THE STATE OF SONORA RESOLVE AS FOLLOWS: 1."", ""timex_text"": ""May 2019"", ""timex_type"": ""DATE"", ""timex_value"": ""2019-05""}, {""text"": ""The Film & Digital Media Program of the State of Arizona and the Film Office of the State of Sonora will mutually identify current and future marketing activities that will promote binational film & digital media production."", ""timex_text"": ""current"", ""timex_type"": ""DATE"", ""timex_value"": ""PRESENT_REF""}]",DITAT DEUS ESTADO DE SONORA 1912 MEMORANDUM OF UNDERSTANDING BETWEEN THE FILM & DIGITAL MEDIA PROGRAM OF THE STATE OF AR…,
Arizona/Arizona_14,Arizona,d:\NLP_Project_tasks_6_8_11\OCR_output\Arizona\Arizona_14.txt,,,,,error,"[{""text"": ""ERROR: not well-formed (invalid token): line 138, column 1""}]","ERROR: not well-formed (invalid token): line 138, column 1","not well-formed (invalid token): line 138, column 1"
Arizona/Arizona_15,Arizona,d:\NLP_Project_tasks_6_8_11\OCR_output\Arizona\Arizona_15.txt,1089-01-01,2018-05-01,,,found,"[{""text"": ""On May 2, 2013, President Barack Obama and President Enrique Pena Nieto agreed to establish a High Level Economic Dialogue, to advance strategic economic and commercial priorities central to promoting mutual economic growth, job creation, and competitiveness."", ""timex_text"": ""May 2, 2013"", ""timex_type"": ""DATE"", ""timex_value"": ""2013-05-02""}, {""text"": ""Both Presidents reaffirmed the importance of the 21st Century Border Management Initiative, in which the United States of America and the United Mexican States agreed to support key projects and initiatives that improve infrastructure, facilitate the secure flow of legitimate commerce and travel, and enhance law enforcement cooperation along the border."", ""timex_text"": ""the 21st Century"", ""timex_type"": ""DATE"", ""timex_value"": ""20""}, {""text"": ""The United Mexican States' National Development Plan 2013-2018 outlines its main administration goals and policy actions."", ""timex_text"": ""2018"", ""timex_type"": ""DATE"", ""timex_value"": ""2018""}, {""text"": ""current and potential industry clusters and supply chain relationships along the corridor; 4."", ""timex_text"": ""current"", ""timex_type"": ""DATE"", ""timex_value"": ""PRESENT_REF""}, {""text"": ""6 N OYN Paragraph 11 Addresses The Participants' official addresses for all communication and notifications related to this Memorandum of Understanding are as follows: Ministry of Communications and Transport (SCT): Insurgentes Sur Numero 1089, Piso 10, Ala Oriente, Col."", ""timex_text"": ""1089"", ""timex_type"": ""DATE"", ""timex_value"": ""1089""}]","On May 2, 2013, President Barack Obama and President Enrique Pena Nieto agreed to establish a High Level Economic Dialog…",
Arizona/Arizona_16,Arizona,d:\NLP_Project_tasks_6_8_11\OCR_output\Arizona\Arizona_16.txt,1110-01-01,2021-07-31,at least one week,explicit,found,"[{""text"": ""Pavlovich Arellano, on September 23, 2015, as Executive Commissioner of Comision de Ecologia y Desarrollo Sustentable del Estado de Sonora and has extensive powers to sign contracts and agreements, in accordance with Article 10 Fractions I, XII and XIII of the Decree of Creation, published on October 13, 2005, whose article of application in this agreement was amended by Decree No."", ""timex_text"": ""September 23, 2015"", ""timex_type"": ""DATE"", ""timex_value"": ""2015-09-23""}, {""text"": ""DECLARATIONS I.- \""CEDES\"" DECLARES THAT: A.- It is a Decentralized Public Organization, with legal personality and its own patrimony, created on October 13, 2005 through Law no."", ""timex_text"": ""October 13, 2005"", ""timex_type"": ""DATE"", ""timex_value"": ""2005-10-13""}, {""text"": ""180, which amends various provisions of the Law, creating a decentralized public organization called Comision de Ecologia y Desarrollo Sustentable del Estado de Sonora, published in the Official Newsletter of the Government of the State of Sonora on June 18, 2009, as well as established in article 14, sections XXXVII and XXXVIII of the Internal Regulations of Comision de Ecologia y Desarrollo Sustentable del Estado de Sonora, published in the Official Newsletter of the Government of the State of Sonora on October 2, 2014."", ""timex_text"": ""June 18, 2009"", ""timex_type"": ""DATE"", ""timex_value"": ""2009-06-18""}, {""text"": ""180, which amends various provisions of the Law, creating a decentralized public organization called Comision de Ecologia y Desarrollo Sustentable del Estado de Sonora, published in the Official Newsletter of the Government of the State of Sonora on June 18, 2009, as well as established in article 14, sections XXXVII and XXXVIII of the Internal Regulations of Comision de Ecologia y Desarrollo Sustentable del Estado de Sonora, published in the Official Newsletter of the Government of the State of Sonora on October 2, 2014."", ""timex_text"": ""October 2, 2014"", ""timex_type"": ""DATE"", ""timex_value"": ""2014-10-02""}, {""text"": ""B.- Misael Cabrera was designated as Director of ADEQ by the Arizona State Legislature on August 11, 2015."", ""timex_text"": ""August 11, 2015"", ""timex_type"": ""DATE"", ""timex_value"": ""2015-08-11""}]","Pavlovich Arellano, on September 23, 2015, as Executive Commissioner of Comision de Ecologia y Desarrollo Sustentable de…",
Arizona/Arizona_17,Arizona,d:\NLP_Project_tasks_6_8_11\OCR_output\Arizona\Arizona_17.txt,2001-01-01,2015-01-01,at least five years,,found,"[{""text"": ""MEMORANDUM OF UNDERSTANDING (MOU) EXECUTED BY THE ARIZONA - MEXICO COMMISSION AND THE COMISION SONORA ARIZONA FOR THE PURPOSE OF MUTUALLY RECOGNIZING THE CONDITIONS AND REQUIREMENTS TO EXECUTE THE \""2015: ARIZONA AND SONORA'S NEW BORDER\"" PLAN REGARDING ARIZONA AND SONORA'S BORDER INFRASTRUCTURE TIMELINE IN ACCORDANCE WITH THE FOLLOWING: WHEREAS, Arizona's border ports of entry are critical components of the economic and physical security of both states; and WHEREAS, studies by the University of Arizona have indicated that Arizona has lost a substantial portion of cross-border trade for at least five years; and WHEREAS, Customs and Border Protection (CBP) data confirms that between 2002 and 2007 car traffic dropped by 17% (one million fewer cars) and car passenger traffic decreased by 20% (four million fewer car passengers) and that pedestrian traffic increased by 25% (more than two million more pedestrians) during that same time period; and WHEREAS, commercial traffic has grown by 17% (more than 55,000 more trucks) over the same time frame and is expected to double or?"", ""timex_text"": ""2015"", ""timex_type"": ""DATE"", ""timex_value"": ""2015""}, {""text"": ""MEMORANDUM OF UNDERSTANDING (MOU) EXECUTED BY THE ARIZONA - MEXICO COMMISSION AND THE COMISION SONORA ARIZONA FOR THE PURPOSE OF MUTUALLY RECOGNIZING THE CONDITIONS AND REQUIREMENTS TO EXECUTE THE \""2015: ARIZONA AND SONORA'S NEW BORDER\"" PLAN REGARDING ARIZONA AND SONORA'S BORDER INFRASTRUCTURE TIMELINE IN ACCORDANCE WITH THE FOLLOWING: WHEREAS, Arizona's border ports of entry are critical components of the economic and physical security of both states; and WHEREAS, studies by the University of Arizona have indicated that Arizona has lost a substantial portion of cross-border trade for at least five years; and WHEREAS, Customs and Border Protection (CBP) data confirms that between 2002 and 2007 car traffic dropped by 17% (one million fewer cars) and car passenger traffic decreased by 20% (four million fewer car passengers) and that pedestrian traffic increased by 25% (more than two million more pedestrians) during that same time period; and WHEREAS, commercial traffic has grown by 17% (more than 55,000 more trucks) over the same time frame and is expected to double or?"", ""timex_text"": ""at least five years"", ""timex_type"": ""DURATION"", ""timex_value"": ""P5Y""}, {""text"": ""MEMORANDUM OF UNDERSTANDING (MOU) EXECUTED BY THE ARIZONA - MEXICO COMMISSION AND THE COMISION SONORA ARIZONA FOR THE PURPOSE OF MUTUALLY RECOGNIZING THE CONDITIONS AND REQUIREMENTS TO EXECUTE THE \""2015: ARIZONA AND SONORA'S NEW BORDER\"" PLAN REGARDING ARIZONA AND SONORA'S BORDER INFRASTRUCTURE TIMELINE IN ACCORDANCE WITH THE FOLLOWING: WHEREAS, Arizona's border ports of entry are critical components of the economic and physical security of both states; and WHEREAS, studies by the University of Arizona have indicated that Arizona has lost a substantial portion of cross-border trade for at least five years; and WHEREAS, Customs and Border Protection (CBP) data confirms that between 2002 and 2007 car traffic dropped by 17% (one million fewer cars) and car passenger traffic decreased by 20% (four million fewer car passengers) and that pedestrian traffic increased by 25% (more than two million more pedestrians) during that same time period; and WHEREAS, commercial traffic has grown by 17% (more than 55,000 more trucks) over the same time frame and is expected to double or?"", ""timex_text"": ""2002"", ""timex_type"": ""DATE"", ""timex_value"": ""2002""}, {""text"": ""MEMORANDUM OF UNDERSTANDING (MOU) EXECUTED BY THE ARIZONA - MEXICO COMMISSION AND THE COMISION SONORA ARIZONA FOR THE PURPOSE OF MUTUALLY RECOGNIZING THE CONDITIONS AND REQUIREMENTS TO EXECUTE THE \""2015: ARIZONA AND SONORA'S NEW BORDER\"" PLAN REGARDING ARIZONA AND SONORA'S BORDER INFRASTRUCTURE TIMELINE IN ACCORDANCE WITH THE FOLLOWING: WHEREAS, Arizona's border ports of entry are critical components of the economic and physical security of both states; and WHEREAS, studies by the University of Arizona have indicated that Arizona has lost a substantial portion of cross-border trade for at least five years; and WHEREAS, Customs and Border Protection (CBP) data confirms that between 2002 and 2007 car traffic dropped by 17% (one million fewer cars) and car passenger traffic decreased by 20% (four million fewer car passengers) and that pedestrian traffic increased by 25% (more than two million more pedestrians) during that same time period; and WHEREAS, commercial traffic has grown by 17% (more than 55,000 more trucks) over the same time frame and is expected to double or?"", ""timex_text"": ""2007"", ""timex_type"": ""DATE"", ""timex_value"": ""2007""}, {""text"": ""MEMORANDUM OF UNDERSTANDING (MOU) EXECUTED BY THE ARIZONA - MEXICO COMMISSION AND THE COMISION SONORA ARIZONA FOR THE PURPOSE OF MUTUALLY RECOGNIZING THE CONDITIONS AND REQUIREMENTS TO EXECUTE THE \""2015: ARIZONA AND SONORA'S NEW BORDER\"" PLAN REGARDING ARIZONA AND SONORA'S BORDER INFRASTRUCTURE TIMELINE IN ACCORDANCE WITH THE FOLLOWING: WHEREAS, Arizona's border ports of entry are critical components of the economic and physical security of both states; and WHEREAS, studies by the University of Arizona have indicated that Arizona has lost a substantial portion of cross-border trade for at least five years; and WHEREAS, Customs and Border Protection (CBP) data confirms that between 2002 and 2007 car traffic dropped by 17% (one million fewer cars) and car passenger traffic decreased by 20% (four million fewer car passengers) and that pedestrian traffic increased by 25% (more than two million more pedestrians) during that same time period; and WHEREAS, commercial traffic has grown by 17% (more than 55,000 more trucks) over the same time frame and is expected to double or?"", ""timex_text"": ""15"", ""timex_type"": ""DURATION"", ""timex_value"": ""P15Y""}]",MEMORANDUM OF UNDERSTANDING (MOU) EXECUTED BY THE ARIZONA - MEXICO COMMISSION AND THE COMISION SONORA ARIZONA FOR THE PU…,
Arizona/Arizona_2,Arizona,d:\NLP_Project_tasks_6_8_11\OCR_output\Arizona\Arizona_2.txt,2005-01-01,2926-01-01,,,found,"[{""text"": ""This may also include implementation of a specialised process for Innovator Businesses; 2.2.4."", ""timex_text"": ""This may"", ""timex_type"": ""DATE"", ""timex_value"": ""XXXX-XX""}, {""text"": ""This may also include implementation of a specialised process for Innovator Businesses; 2.2.4."", ""timex_text"": ""This may"", ""timex_type"": ""DATE"", ""timex_value"": ""XXXX-XX""}, {""text"": ""Koo Mark Brnovich Chairman Attorney General L 26 Sept Dated: Ger 2018 Dated: 2018 5 Appendix 1: Party-wide Contact Details AAG: The Office oft the Arizona Attorney General Civil Litigation Division 2005 N Central Ave Phoenix, AZ 85004-2926 United States Alternatively, referrals and associated materials may be sent by email to: sandbox@azag.gov FSC: The Financial Supervisory Commission 18F., No.7, Sec."", ""timex_text"": ""26 Sept"", ""timex_type"": ""DATE"", ""timex_value"": ""XXXX-09-26""}, {""text"": ""Koo Mark Brnovich Chairman Attorney General L 26 Sept Dated: Ger 2018 Dated: 2018 5 Appendix 1: Party-wide Contact Details AAG: The Office oft the Arizona Attorney General Civil Litigation Division 2005 N Central Ave Phoenix, AZ 85004-2926 United States Alternatively, referrals and associated materials may be sent by email to: sandbox@azag.gov FSC: The Financial Supervisory Commission 18F., No.7, Sec."", ""timex_text"": ""2018"", ""timex_type"": ""DATE"", ""timex_value"": ""2018""}, {""text"": ""Koo Mark Brnovich Chairman Attorney General L 26 Sept Dated: Ger 2018 Dated: 2018 5 Appendix 1: Party-wide Contact Details AAG: The Office oft the Arizona Attorney General Civil Litigation Division 2005 N Central Ave Phoenix, AZ 85004-2926 United States Alternatively, referrals and associated materials may be sent by email to: sandbox@azag.gov FSC: The Financial Supervisory Commission 18F., No.7, Sec."", ""timex_text"": ""2018"", ""timex_type"": ""DATE"", ""timex_value"": ""2018""}]",This may also include implementation of a specialised process for Innovator Businesses; 2.2.4.,
Arizona/Arizona_3,Arizona,d:\NLP_Project_tasks_6_8_11\OCR_output\Arizona\Arizona_3.txt,2005-01-01,2926-01-01,,,found,"[{""text"": ""This may also include implementation of a specialized process for Innovator Businesses; 2.2.4."", ""timex_text"": ""This may"", ""timex_type"": ""DATE"", ""timex_value"": ""XXXX-XX""}, {""text"": ""This may also include implementation of a specialized process for Innovator Businesses; 2.2.4."", ""timex_text"": ""This may"", ""timex_type"": ""DATE"", ""timex_value"": ""XXXX-XX""}, {""text"": ""ATTORNEY GENERAL KOMISJA NADZORU FINANSOWEGO - POLISH FINANCIAL SUPERVISION AUTHORITY By: By: Mark Brnovich JacekJ Jastrzebski/ Attorney General Chairman (5 Dated: Aug 2019 Dated: 28.08."", ""timex_text"": ""2019"", ""timex_type"": ""DATE"", ""timex_value"": ""2019""}, {""text"": ""2019 6 Appendix 1: Party-wide Contact Details The Office ofthe Arizona Attorney General 2005 N Central Ave Phoenix, AZ 85004-2926 United States Alternatively, referrals and associated materials may be sent by email to: sandbox@azag.gov Komisja Nadzoru Finansowego - Polish Financial Supervision Authority ul."", ""timex_text"": ""2005"", ""timex_type"": ""DATE"", ""timex_value"": ""2005""}, {""text"": ""2019 6 Appendix 1: Party-wide Contact Details The Office ofthe Arizona Attorney General 2005 N Central Ave Phoenix, AZ 85004-2926 United States Alternatively, referrals and associated materials may be sent by email to: sandbox@azag.gov Komisja Nadzoru Finansowego - Polish Financial Supervision Authority ul."", ""timex_text"": ""2926"", ""timex_type"": ""DATE"", ""timex_value"": ""2926""}]",This may also include implementation of a specialized process for Innovator Businesses; 2.2.4.,
Arizona/Arizona_4,Arizona,d:\NLP_Project_tasks_6_8_11\OCR_output\Arizona\Arizona_4.txt,1912-01-01,2000-01-01,30 days,,found,"[{""text"": ""à DITAT DEUS ESTADO DE SONORA 1912 DECLARATION OF COOPERATION BETWEEN THE GOVERNMENT OF THE STATE OF SONORA, THROUGH THE DEPARTMENT OF INFRASTRUCTURE AND URBAN DEVELOPMENT AND THE GOVERNMENT OF THE STATE OF ARIZONA, THOUGH THE DEPARTMENTO TRANSPORTATION, FOR THE ESTABLISHMENT OF A COOPERATIVE AND COLLABORATIVE INITIATIVE AND THE PARTICIPATION IN THE SAFETY CORRIDOR PROGRAM FOR THE CORRIDOR BETWEEN THE BORDER, AT LUKEVILLE-SONOYTA AND PUERTO PENASCO, SONORA."", ""timex_text"": ""1912"", ""timex_type"": ""DATE"", ""timex_value"": ""1912""}, {""text"": ""FOURTH - That ADOT and SIDUR will enhance Safety Corridor Program outreach efforts during key vacation periods such as the long weekends associated with Memorial Day, the 4th of July, and Labor Day."", ""timex_text"": ""Memorial Day"", ""timex_type"": ""DATE"", ""timex_value"": ""1912-05-27""}, {""text"": ""FOURTH - That ADOT and SIDUR will enhance Safety Corridor Program outreach efforts during key vacation periods such as the long weekends associated with Memorial Day, the 4th of July, and Labor Day."", ""timex_text"": ""Labor Day"", ""timex_type"": ""DATE"", ""timex_value"": ""1912-09-02""}, {""text"": ""This statement is signed on Friday, December 1 of the year two thousand and seventeen, within the framework of the Plenary Session between the Arizona-Mexico Commission and the Sonora- Arizona Commission, held in Puerto Penasco, Sonora."", ""timex_text"": ""Friday, December 1"", ""timex_type"": ""DATE"", ""timex_value"": ""1912-12-01""}, {""text"": ""This statement is signed on Friday, December 1 of the year two thousand and seventeen, within the framework of the Plenary Session between the Arizona-Mexico Commission and the Sonora- Arizona Commission, held in Puerto Penasco, Sonora."", ""timex_text"": ""the year two thousand and seventeen"", ""timex_type"": ""DATE"", ""timex_value"": ""2000""}]","à DITAT DEUS ESTADO DE SONORA 1912 DECLARATION OF COOPERATION BETWEEN THE GOVERNMENT OF THE STATE OF SONORA, THROUGH THE…",
Arizona/Arizona_5,Arizona,d:\NLP_Project_tasks_6_8_11\OCR_output\Arizona\Arizona_5.txt,1912-01-01,2000-01-01,30 days,,found,"[{""text"": ""a 1 DITAT DEUS ESTADO DE SONORA 1912 DECLARATION OF COOPERATION BETWEEN THE GOVERNMENT OF THE STATE OF SONORA, THROUGH THE DEPARTMENT OF INFRASTRUCTURE AND URBAN DEVELOPMENT AND THE GOVERNMENT OF THE STATE OF ARIZONA, THROUGH THE DEPARTMENT OF TRANSPORTATION, FOR THE ESTABLISHMENT OF A COOPERATIVE AND COLLABORATIVE ECONOMIC DEVELOPMENT INITIATIVE AND PARTICIPATION IN THE DEVELOPMENT OF A."", ""timex_text"": ""1912"", ""timex_type"": ""DATE"", ""timex_value"": ""1912""}, {""text"": ""This Declaration of Cooperation is signed on Friday, November 30 of the year two thousand and eighteen, within the framework of the Plenary Session between the Arizona-Mexico Commission and the Sonora-Arizona Commission, held in Hermosillo, Sonora."", ""timex_text"": ""Friday, November 30"", ""timex_type"": ""DATE"", ""timex_value"": ""1912-11-30""}, {""text"": ""Nonetheless, the Arizona Department of Transportation and the Department of Infrastructure and Urban Development ofSonora should endeavor to give the other party 30 days' written notice ofits intention to terminate this Declaration of Cooperation."", ""timex_text"": ""30 days"", ""timex_type"": ""DURATION"", ""timex_value"": ""P30D""}]","a 1 DITAT DEUS ESTADO DE SONORA 1912 DECLARATION OF COOPERATION BETWEEN THE GOVERNMENT OF THE STATE OF SONORA, THROUGH T…",
Arizona/Arizona_6,Arizona,d:\NLP_Project_tasks_6_8_11\OCR_output\Arizona\Arizona_6.txt,1912-01-01,2016-01-01,5 years,,found,"[{""text"": ""THE OF DITAT DEUS ESTADO DE SONORA 1912 DECLARATION OF COOPERATION BETWEEN THE STATE OF SONORA OF THE UNITED MEXICAN STATES, THROUGH THE DEPARTMENT OF THE ECONOMY, THE DEPARTMENT OF INFRASTRUCTURE AND URBAN DEVELOPMENT, AND THE TOURISM DEVELOPMENT COMMISSION, AND THE STATE OF ARIZONA OF THE UNITED STATES OF AMERICA, THROUGH THE ARIZONA COMMERCE AUTHORITY, THE DEPARTMENT OF TRANSPORTATION, AND THE ARIZONA OFFICE OF TOURISM, TO CATALYZE AND PROMOTE THE CRUISE SHIP PORT,ALSO KNOWN AS THE \""HOME PORT\"" OF PUERTO PENASCO, SONORA Declaration of Cooperation between the State of Sonora of the United Mexican States, through the Department of the Economy, the Department of Infrastructure and Urban Development, and the Tourism Development Commission, and the State of Arizona of the United States of America, through the Arizona Commerce Authority, the Department of Transportation, and the Arizona Office of Tourism (collectively \""Participants\""), to Catalyze and Promote the Cruise Ship Port, also known as the \""Home Port\"" of Puerto Penasco, Sonora."", ""timex_text"": ""1912"", ""timex_type"": ""DATE"", ""timex_value"": ""1912""}, {""text"": ""WHEREAS there is great interest by the States of Sonora and Arizona in promoting economic development and tourism, as well as taking advantage of the geographic location and the existing connectivity in the region with the objective of improving quality of life in the region; WHEREAS currently under construction is a maritime cruise ship terminal, named Home Port of Puerto Penasco, Sonora, located in the northwestern part of the State of Sonora, at a distance of 100 kilometers (62 miles) from Sonoyta-Lukville Port of Entry; WHEREAS Puerto Penasco is a tourism destination for many Arizonans; WHEREAS the Lukeville-Sonoyta Port of Entry is the principal border crossing for Arizona visitors to Puerto Penasco; WHEREAS Arizona, in a unique partnership with the Puerto Penasco Visitors and Conventions Bureau, and its federal partners, have invested $2.5 million to construct two additional inspection lanes at the Sonoyta-Lukeville Port of Entry; WHEREAS, in two-way traffic, more than 1.8 million people crossed at the Sonoyta-Lukeville port of entry in 2016; WHEREAS Puerto Penasco has an international airport, 340 kilometers (215 miles) away from Sky Harbor Airport in Phoenix, with an influx of more than 40 million passengers per year; WHEREAS the construction of the Home Port is over 50% complete, and this is a priority project for the government of the State of Sonora because of the economic impact it will have on the Sonora-Arizona region; WHEREAS in 2015, more than 474 thousand Arizonans took cruises, while in California the total for the same year and mode of transportation reached approximately 1.24 million; 2 WHEREAS the launch of operations of the cruise terminal is necessary because it represents an important tourism and economic focal point for the development of both States; and WHEREAS currently Puerto Penasco has sustainable hotel infrastructure to host the cruise travelers and it also has capacity for expansion."", ""timex_text"": ""currently"", ""timex_type"": ""DATE"", ""timex_value"": ""PRESENT_REF""}, {""text"": ""WHEREAS there is great interest by the States of Sonora and Arizona in promoting economic development and tourism, as well as taking advantage of the geographic location and the existing connectivity in the region with the objective of improving quality of life in the region; WHEREAS currently under construction is a maritime cruise ship terminal, named Home Port of Puerto Penasco, Sonora, located in the northwestern part of the State of Sonora, at a distance of 100 kilometers (62 miles) from Sonoyta-Lukville Port of Entry; WHEREAS Puerto Penasco is a tourism destination for many Arizonans; WHEREAS the Lukeville-Sonoyta Port of Entry is the principal border crossing for Arizona visitors to Puerto Penasco; WHEREAS Arizona, in a unique partnership with the Puerto Penasco Visitors and Conventions Bureau, and its federal partners, have invested $2.5 million to construct two additional inspection lanes at the Sonoyta-Lukeville Port of Entry; WHEREAS, in two-way traffic, more than 1.8 million people crossed at the Sonoyta-Lukeville port of entry in 2016; WHEREAS Puerto Penasco has an international airport, 340 kilometers (215 miles) away from Sky Harbor Airport in Phoenix, with an influx of more than 40 million passengers per year; WHEREAS the construction of the Home Port is over 50% complete, and this is a priority project for the government of the State of Sonora because of the economic impact it will have on the Sonora-Arizona region; WHEREAS in 2015, more than 474 thousand Arizonans took cruises, while in California the total for the same year and mode of transportation reached approximately 1.24 million; 2 WHEREAS the launch of operations of the cruise terminal is necessary because it represents an important tourism and economic focal point for the development of both States; and WHEREAS currently Puerto Penasco has sustainable hotel infrastructure to host the cruise travelers and it also has capacity for expansion."", ""timex_text"": ""2016"", ""timex_type"": ""DATE"", ""timex_value"": ""2016""}, {""text"": ""WHEREAS there is great interest by the States of Sonora and Arizona in promoting economic development and tourism, as well as taking advantage of the geographic location and the existing connectivity in the region with the objective of improving quality of life in the region; WHEREAS currently under construction is a maritime cruise ship terminal, named Home Port of Puerto Penasco, Sonora, located in the northwestern part of the State of Sonora, at a distance of 100 kilometers (62 miles) from Sonoyta-Lukville Port of Entry; WHEREAS Puerto Penasco is a tourism destination for many Arizonans; WHEREAS the Lukeville-Sonoyta Port of Entry is the principal border crossing for Arizona visitors to Puerto Penasco; WHEREAS Arizona, in a unique partnership with the Puerto Penasco Visitors and Conventions Bureau, and its federal partners, have invested $2.5 million to construct two additional inspection lanes at the Sonoyta-Lukeville Port of Entry; WHEREAS, in two-way traffic, more than 1.8 million people crossed at the Sonoyta-Lukeville port of entry in 2016; WHEREAS Puerto Penasco has an international airport, 340 kilometers (215 miles) away from Sky Harbor Airport in Phoenix, with an influx of more than 40 million passengers per year; WHEREAS the construction of the Home Port is over 50% complete, and this is a priority project for the government of the State of Sonora because of the economic impact it will have on the Sonora-Arizona region; WHEREAS in 2015, more than 474 thousand Arizonans took cruises, while in California the total for the same year and mode of transportation reached approximately 1.24 million; 2 WHEREAS the launch of operations of the cruise terminal is necessary because it represents an important tourism and economic focal point for the development of both States; and WHEREAS currently Puerto Penasco has sustainable hotel infrastructure to host the cruise travelers and it also has capacity for expansion."", ""timex_text"": ""2015"", ""timex_type"": ""DATE"", ""timex_value"": ""2015""}, {""text"": ""WHEREAS there is great interest by the States of Sonora and Arizona in promoting economic development and tourism, as well as taking advantage of the geographic location and the existing connectivity in the region with the objective of improving quality of life in the region; WHEREAS currently under construction is a maritime cruise ship terminal, named Home Port of Puerto Penasco, Sonora, located in the northwestern part of the State of Sonora, at a distance of 100 kilometers (62 miles) from Sonoyta-Lukville Port of Entry; WHEREAS Puerto Penasco is a tourism destination for many Arizonans; WHEREAS the Lukeville-Sonoyta Port of Entry is the principal border crossing for Arizona visitors to Puerto Penasco; WHEREAS Arizona, in a unique partnership with the Puerto Penasco Visitors and Conventions Bureau, and its federal partners, have invested $2.5 million to construct two additional inspection lanes at the Sonoyta-Lukeville Port of Entry; WHEREAS, in two-way traffic, more than 1.8 million people crossed at the Sonoyta-Lukeville port of entry in 2016; WHEREAS Puerto Penasco has an international airport, 340 kilometers (215 miles) away from Sky Harbor Airport in Phoenix, with an influx of more than 40 million passengers per year; WHEREAS the construction of the Home Port is over 50% complete, and this is a priority project for the government of the State of Sonora because of the economic impact it will have on the Sonora-Arizona region; WHEREAS in 2015, more than 474 thousand Arizonans took cruises, while in California the total for the same year and mode of transportation reached approximately 1.24 million; 2 WHEREAS the launch of operations of the cruise terminal is necessary because it represents an important tourism and economic focal point for the development of both States; and WHEREAS currently Puerto Penasco has sustainable hotel infrastructure to host the cruise travelers and it also has capacity for expansion."", ""timex_text"": ""currently"", ""timex_type"": ""DATE"", ""timex_value"": ""PRESENT_REF""}]",THE OF DITAT DEUS ESTADO DE SONORA 1912 DECLARATION OF COOPERATION BETWEEN THE STATE OF SONORA OF THE UNITED MEXICAN STA…,
Arizona/Arizona_7,Arizona,d:\NLP_Project_tasks_6_8_11\OCR_output\Arizona\Arizona_7.txt,2011-01-01,2013-01-01,over the last 10 years,,found,"[{""text"": ""according to their commitment to improving the quality ofl life in our region; and Whereas, today, Mexico is."", ""timex_text"": ""today"", ""timex_type"": ""DATE"", ""timex_value"": ""PRESENT_REF""}, {""text"": ""Arizona's largest international trading partner making up roughly 33 percent of Arizona's $6 billion in foreign exports; and Whereas, travel between the State of Arizona and the State of Sonora at the international border has increased significantly over the last 10 years, with nearly 42 million people crossing the border between Arizona and Sonora in 2011; and Whereas, nearly half of all of the winter produce consumed in the United States passes through the Arizona-Sonora land ports of entry,and Whereas, the transportation infrastructure that carries people, goods and services is a necessary foundation for continued economic development; and Whereas, the Arizona-Sonora Border Master Plan presents a comprehensive bi-national approach to coordinating the planning and delivery of projects to improve the capacity and operations oft both land ports of entry and the transportation infrastructure providing access to these ports; and Whereas, preparation of the Arizona-Sonora Border Master Plan is part of an overall effort by thel United States Federal Highway Administration and the Mexico Ministry of Communications and' Transportation to identify and implement methods to relieve congestion at border crossings."", ""timex_text"": ""over the last 10 years"", ""timex_type"": ""DURATION"", ""timex_value"": ""P10Y""}, {""text"": ""Arizona's largest international trading partner making up roughly 33 percent of Arizona's $6 billion in foreign exports; and Whereas, travel between the State of Arizona and the State of Sonora at the international border has increased significantly over the last 10 years, with nearly 42 million people crossing the border between Arizona and Sonora in 2011; and Whereas, nearly half of all of the winter produce consumed in the United States passes through the Arizona-Sonora land ports of entry,and Whereas, the transportation infrastructure that carries people, goods and services is a necessary foundation for continued economic development; and Whereas, the Arizona-Sonora Border Master Plan presents a comprehensive bi-national approach to coordinating the planning and delivery of projects to improve the capacity and operations oft both land ports of entry and the transportation infrastructure providing access to these ports; and Whereas, preparation of the Arizona-Sonora Border Master Plan is part of an overall effort by thel United States Federal Highway Administration and the Mexico Ministry of Communications and' Transportation to identify and implement methods to relieve congestion at border crossings."", ""timex_text"": ""2011"", ""timex_type"": ""DATE"", ""timex_value"": ""2011""}, {""text"": ""Arizona's largest international trading partner making up roughly 33 percent of Arizona's $6 billion in foreign exports; and Whereas, travel between the State of Arizona and the State of Sonora at the international border has increased significantly over the last 10 years, with nearly 42 million people crossing the border between Arizona and Sonora in 2011; and Whereas, nearly half of all of the winter produce consumed in the United States passes through the Arizona-Sonora land ports of entry,and Whereas, the transportation infrastructure that carries people, goods and services is a necessary foundation for continued economic development; and Whereas, the Arizona-Sonora Border Master Plan presents a comprehensive bi-national approach to coordinating the planning and delivery of projects to improve the capacity and operations oft both land ports of entry and the transportation infrastructure providing access to these ports; and Whereas, preparation of the Arizona-Sonora Border Master Plan is part of an overall effort by thel United States Federal Highway Administration and the Mexico Ministry of Communications and' Transportation to identify and implement methods to relieve congestion at border crossings."", ""timex_text"": ""the winter"", ""timex_type"": ""DATE"", ""timex_value"": ""2011-WI""}, {""text"": ""To work to institutionalize the border master plan byl having the plan be a dynamic living document that will be updated on an ongoing basis, ideally every three to five years."", ""timex_text"": ""three"", ""timex_type"": ""DURATION"", ""timex_value"": ""P3Y""}]","according to their commitment to improving the quality ofl life in our region; and Whereas, today, Mexico is.",
Arizona/Arizona_8,Arizona,d:\NLP_Project_tasks_6_8_11\OCR_output\Arizona\Arizona_8.txt,2012-01-01,2012-01-01,thirty years,,found,"[{""text"": ""BORDER GOVERNORS' CONFERENCE a - : rque Aico JOINT DECLARATION /DECLARACION CONJUNTA PREAMBLE PREAMBULO The Border Governors Conference is an inter- La Conferencia de Gobernadores Fronterizos es una national/regional organization that is comprised of the organizacion internacional/regional que comprende los ten states located along the United States-Mexico diez estados localizados a lo largo de la frontera border celebrates its XXX Border Governors México-Estados Unidos, la cual celebra el trigésimo Conference in Albuquerque, New Mexico, October 3- aniversario de este foro en Albuquerque, Nuevo 5, 2012."", ""timex_text"": ""October 3"", ""timex_type"": ""DATE"", ""timex_value"": ""XXXX-10-03""}, {""text"": ""BORDER GOVERNORS' CONFERENCE a - : rque Aico JOINT DECLARATION /DECLARACION CONJUNTA PREAMBLE PREAMBULO The Border Governors Conference is an inter- La Conferencia de Gobernadores Fronterizos es una national/regional organization that is comprised of the organizacion internacional/regional que comprende los ten states located along the United States-Mexico diez estados localizados a lo largo de la frontera border celebrates its XXX Border Governors México-Estados Unidos, la cual celebra el trigésimo Conference in Albuquerque, New Mexico, October 3- aniversario de este foro en Albuquerque, Nuevo 5, 2012."", ""timex_text"": ""2012"", ""timex_type"": ""DATE"", ""timex_value"": ""2012""}, {""text"": ""BORDER GOVERNORS' CONFERENCE a - : rque Aico JOINT DECLARATION /DECLARACION CONJUNTA PREAMBLE PREAMBULO The Border Governors Conference is an inter- La Conferencia de Gobernadores Fronterizos es una national/regional organization that is comprised of the organizacion internacional/regional que comprende los ten states located along the United States-Mexico diez estados localizados a lo largo de la frontera border celebrates its XXX Border Governors México-Estados Unidos, la cual celebra el trigésimo Conference in Albuquerque, New Mexico, October 3- aniversario de este foro en Albuquerque, Nuevo 5, 2012."", ""timex_text"": ""2012"", ""timex_type"": ""DATE"", ""timex_value"": ""2012""}, {""text"": ""Now more than ever, we are committed to this Ahora mâs que nunca estamos comprometidos a strategic alliance building on thirty years of mantener esta alianza estratégica fincada en treinta experience."", ""timex_text"": ""Now"", ""timex_type"": ""DATE"", ""timex_value"": ""PRESENT_REF""}, {""text"": ""Now more than ever, we are committed to this Ahora mâs que nunca estamos comprometidos a strategic alliance building on thirty years of mantener esta alianza estratégica fincada en treinta experience."", ""timex_text"": ""thirty years"", ""timex_type"": ""DURATION"", ""timex_value"": ""P30Y""}]",BORDER GOVERNORS' CONFERENCE a - : rque Aico JOINT DECLARATION /DECLARACION CONJUNTA PREAMBLE PREAMBULO The Border Gover…,
Arizona/Arizona_9,Arizona,d:\NLP_Project_tasks_6_8_11\OCR_output\Arizona\Arizona_9.txt,1982-01-01,2022-06-02,,,found,"[{""text"": ""Fish and Wildlife Service of the United States of America, the Arizona Game and Fish Department and the New Mexico Department of Game and Fish, hereinafter referred to as \""The Participants\"", KNOWING that in the early 1970s, the Mexican wolf (Canis lupus baileyi) was extirpated in the United States, and considered extinct in Mexico a decade later, eventually leading to the development of the Mexican Wolf Recovery Plan in 1982; CONSIDERING that between 2015 and 2017, the Mexican Wolf Recovery Plan was revised following a series of binational workshops to update and analyze the biological information supporting the full recovery of the Mexican wolfby maintaining a captive breeding program and reestablishing viable, self- sustaining populations of at least 320 and 200 individuals with appropriate gene diversity, within historical range in the United States and the United Mexican States, respectively; CONSIDERING that the goals and objectives of Mexico's Action Program for the Conservation of Species: Mexican Wolf (PACE Lobo Mexicano) which seeks the establishment of actions for the conservation and management of Mexican wolf populations and habitat within its historical range that ensure the success of the species and its self-sustainability within the ecosystem, as well as the compliance to the commitments established under the Mexican Wolf Recovery Plan taking into account its genetic and demographic goals for the subspecies; 1 RECOGNIZING that, while the Mexican wolf wild and captive populations are larger now, there are new ecological, social and financial challenges that must be addressed through renewed and strengthened inter-institutional strategies that assure the successful recovery of the Mexican wolf; HIGHLIGHTING the value and importance of the Mexican wolf to the environment and the residents oft both countries, Mexico and the United States have been working jointly, and individually, to recover and conserve native species, particularly the Mexican wolf, within its historical distribution on both sides of the border; HIGHLIGHTING the value of collaboration to achieve shared goals, \""The Participants\"" have been working together to manage the binational Mexican WolfSpecies Survival Plan (SSP) Captive Breeding Program to provide Mexican wolves for release in both countries and to collaborate on the release of wolves in the United States and Mexico; TAKING INTO ACCOUNT the provisions and guidelines stated in the Memorandum of Understanding to establish the Canada/Mexico/United States/ Trilateral Committee for Wildlife and Ecosystem Conservation and Management, signed on April 09, 1996; \""The Participants\"" have reached the below understandings and intend to cooperate, in accordance with their areas of responsibility, current legal mandates, plans and programs of each country: \""The Participants\"" will elaborate an annual joint Work Plan aimed to carry on specific activities for the conservation, management and recovery of the Mexican wolf on both sides of the border and foster long- term partnerships, as well as to strengthen the existing collaboration between Mexico and the United States in recovering the Mexican wolf."", ""timex_text"": ""the early 1970s"", ""timex_type"": ""DATE"", ""timex_value"": ""197""}, {""text"": ""Fish and Wildlife Service of the United States of America, the Arizona Game and Fish Department and the New Mexico Department of Game and Fish, hereinafter referred to as \""The Participants\"", KNOWING that in the early 1970s, the Mexican wolf (Canis lupus baileyi) was extirpated in the United States, and considered extinct in Mexico a decade later, eventually leading to the development of the Mexican Wolf Recovery Plan in 1982; CONSIDERING that between 2015 and 2017, the Mexican Wolf Recovery Plan was revised following a series of binational workshops to update and analyze the biological information supporting the full recovery of the Mexican wolfby maintaining a captive breeding program and reestablishing viable, self- sustaining populations of at least 320 and 200 individuals with appropriate gene diversity, within historical range in the United States and the United Mexican States, respectively; CONSIDERING that the goals and objectives of Mexico's Action Program for the Conservation of Species: Mexican Wolf (PACE Lobo Mexicano) which seeks the establishment of actions for the conservation and management of Mexican wolf populations and habitat within its historical range that ensure the success of the species and its self-sustainability within the ecosystem, as well as the compliance to the commitments established under the Mexican Wolf Recovery Plan taking into account its genetic and demographic goals for the subspecies; 1 RECOGNIZING that, while the Mexican wolf wild and captive populations are larger now, there are new ecological, social and financial challenges that must be addressed through renewed and strengthened inter-institutional strategies that assure the successful recovery of the Mexican wolf; HIGHLIGHTING the value and importance of the Mexican wolf to the environment and the residents oft both countries, Mexico and the United States have been working jointly, and individually, to recover and conserve native species, particularly the Mexican wolf, within its historical distribution on both sides of the border; HIGHLIGHTING the value of collaboration to achieve shared goals, \""The Participants\"" have been working together to manage the binational Mexican WolfSpecies Survival Plan (SSP) Captive Breeding Program to provide Mexican wolves for release in both countries and to collaborate on the release of wolves in the United States and Mexico; TAKING INTO ACCOUNT the provisions and guidelines stated in the Memorandum of Understanding to establish the Canada/Mexico/United States/ Trilateral Committee for Wildlife and Ecosystem Conservation and Management, signed on April 09, 1996; \""The Participants\"" have reached the below understandings and intend to cooperate, in accordance with their areas of responsibility, current legal mandates, plans and programs of each country: \""The Participants\"" will elaborate an annual joint Work Plan aimed to carry on specific activities for the conservation, management and recovery of the Mexican wolf on both sides of the border and foster long- term partnerships, as well as to strengthen the existing collaboration between Mexico and the United States in recovering the Mexican wolf."", ""timex_text"": ""a decade later"", ""timex_type"": ""DATE"", ""timex_value"": ""198""}, {""text"": ""Fish and Wildlife Service of the United States of America, the Arizona Game and Fish Department and the New Mexico Department of Game and Fish, hereinafter referred to as \""The Participants\"", KNOWING that in the early 1970s, the Mexican wolf (Canis lupus baileyi) was extirpated in the United States, and considered extinct in Mexico a decade later, eventually leading to the development of the Mexican Wolf Recovery Plan in 1982; CONSIDERING that between 2015 and 2017, the Mexican Wolf Recovery Plan was revised following a series of binational workshops to update and analyze the biological information supporting the full recovery of the Mexican wolfby maintaining a captive breeding program and reestablishing viable, self- sustaining populations of at least 320 and 200 individuals with appropriate gene diversity, within historical range in the United States and the United Mexican States, respectively; CONSIDERING that the goals and objectives of Mexico's Action Program for the Conservation of Species: Mexican Wolf (PACE Lobo Mexicano) which seeks the establishment of actions for the conservation and management of Mexican wolf populations and habitat within its historical range that ensure the success of the species and its self-sustainability within the ecosystem, as well as the compliance to the commitments established under the Mexican Wolf Recovery Plan taking into account its genetic and demographic goals for the subspecies; 1 RECOGNIZING that, while the Mexican wolf wild and captive populations are larger now, there are new ecological, social and financial challenges that must be addressed through renewed and strengthened inter-institutional strategies that assure the successful recovery of the Mexican wolf; HIGHLIGHTING the value and importance of the Mexican wolf to the environment and the residents oft both countries, Mexico and the United States have been working jointly, and individually, to recover and conserve native species, particularly the Mexican wolf, within its historical distribution on both sides of the border; HIGHLIGHTING the value of collaboration to achieve shared goals, \""The Participants\"" have been working together to manage the binational Mexican WolfSpecies Survival Plan (SSP) Captive Breeding Program to provide Mexican wolves for release in both countries and to collaborate on the release of wolves in the United States and Mexico; TAKING INTO ACCOUNT the provisions and guidelines stated in the Memorandum of Understanding to establish the Canada/Mexico/United States/ Trilateral Committee for Wildlife and Ecosystem Conservation and Management, signed on April 09, 1996; \""The Participants\"" have reached the below understandings and intend to cooperate, in accordance with their areas of responsibility, current legal mandates, plans and programs of each country: \""The Participants\"" will elaborate an annual joint Work Plan aimed to carry on specific activities for the conservation, management and recovery of the Mexican wolf on both sides of the border and foster long- term partnerships, as well as to strengthen the existing collaboration between Mexico and the United States in recovering the Mexican wolf."", ""timex_text"": ""1982"", ""timex_type"": ""DATE"", ""timex_value"": ""1982""}, {""text"": ""Fish and Wildlife Service of the United States of America, the Arizona Game and Fish Department and the New Mexico Department of Game and Fish, hereinafter referred to as \""The Participants\"", KNOWING that in the early 1970s, the Mexican wolf (Canis lupus baileyi) was extirpated in the United States, and considered extinct in Mexico a decade later, eventually leading to the development of the Mexican Wolf Recovery Plan in 1982; CONSIDERING that between 2015 and 2017, the Mexican Wolf Recovery Plan was revised following a series of binational workshops to update and analyze the biological information supporting the full recovery of the Mexican wolfby maintaining a captive breeding program and reestablishing viable, self- sustaining populations of at least 320 and 200 individuals with appropriate gene diversity, within historical range in the United States and the United Mexican States, respectively; CONSIDERING that the goals and objectives of Mexico's Action Program for the Conservation of Species: Mexican Wolf (PACE Lobo Mexicano) which seeks the establishment of actions for the conservation and management of Mexican wolf populations and habitat within its historical range that ensure the success of the species and its self-sustainability within the ecosystem, as well as the compliance to the commitments established under the Mexican Wolf Recovery Plan taking into account its genetic and demographic goals for the subspecies; 1 RECOGNIZING that, while the Mexican wolf wild and captive populations are larger now, there are new ecological, social and financial challenges that must be addressed through renewed and strengthened inter-institutional strategies that assure the successful recovery of the Mexican wolf; HIGHLIGHTING the value and importance of the Mexican wolf to the environment and the residents oft both countries, Mexico and the United States have been working jointly, and individually, to recover and conserve native species, particularly the Mexican wolf, within its historical distribution on both sides of the border; HIGHLIGHTING the value of collaboration to achieve shared goals, \""The Participants\"" have been working together to manage the binational Mexican WolfSpecies Survival Plan (SSP) Captive Breeding Program to provide Mexican wolves for release in both countries and to collaborate on the release of wolves in the United States and Mexico; TAKING INTO ACCOUNT the provisions and guidelines stated in the Memorandum of Understanding to establish the Canada/Mexico/United States/ Trilateral Committee for Wildlife and Ecosystem Conservation and Management, signed on April 09, 1996; \""The Participants\"" have reached the below understandings and intend to cooperate, in accordance with their areas of responsibility, current legal mandates, plans and programs of each country: \""The Participants\"" will elaborate an annual joint Work Plan aimed to carry on specific activities for the conservation, management and recovery of the Mexican wolf on both sides of the border and foster long- term partnerships, as well as to strengthen the existing collaboration between Mexico and the United States in recovering the Mexican wolf."", ""timex_text"": ""2015"", ""timex_type"": ""DATE"", ""timex_value"": ""2015""}, {""text"": ""Fish and Wildlife Service of the United States of America, the Arizona Game and Fish Department and the New Mexico Department of Game and Fish, hereinafter referred to as \""The Participants\"", KNOWING that in the early 1970s, the Mexican wolf (Canis lupus baileyi) was extirpated in the United States, and considered extinct in Mexico a decade later, eventually leading to the development of the Mexican Wolf Recovery Plan in 1982; CONSIDERING that between 2015 and 2017, the Mexican Wolf Recovery Plan was revised following a series of binational workshops to update and analyze the biological information supporting the full recovery of the Mexican wolfby maintaining a captive breeding program and reestablishing viable, self- sustaining populations of at least 320 and 200 individuals with appropriate gene diversity, within historical range in the United States and the United Mexican States, respectively; CONSIDERING that the goals and objectives of Mexico's Action Program for the Conservation of Species: Mexican Wolf (PACE Lobo Mexicano) which seeks the establishment of actions for the conservation and management of Mexican wolf populations and habitat within its historical range that ensure the success of the species and its self-sustainability within the ecosystem, as well as the compliance to the commitments established under the Mexican Wolf Recovery Plan taking into account its genetic and demographic goals for the subspecies; 1 RECOGNIZING that, while the Mexican wolf wild and captive populations are larger now, there are new ecological, social and financial challenges that must be addressed through renewed and strengthened inter-institutional strategies that assure the successful recovery of the Mexican wolf; HIGHLIGHTING the value and importance of the Mexican wolf to the environment and the residents oft both countries, Mexico and the United States have been working jointly, and individually, to recover and conserve native species, particularly the Mexican wolf, within its historical distribution on both sides of the border; HIGHLIGHTING the value of collaboration to achieve shared goals, \""The Participants\"" have been working together to manage the binational Mexican WolfSpecies Survival Plan (SSP) Captive Breeding Program to provide Mexican wolves for release in both countries and to collaborate on the release of wolves in the United States and Mexico; TAKING INTO ACCOUNT the provisions and guidelines stated in the Memorandum of Understanding to establish the Canada/Mexico/United States/ Trilateral Committee for Wildlife and Ecosystem Conservation and Management, signed on April 09, 1996; \""The Participants\"" have reached the below understandings and intend to cooperate, in accordance with their areas of responsibility, current legal mandates, plans and programs of each country: \""The Participants\"" will elaborate an annual joint Work Plan aimed to carry on specific activities for the conservation, management and recovery of the Mexican wolf on both sides of the border and foster long- term partnerships, as well as to strengthen the existing collaboration between Mexico and the United States in recovering the Mexican wolf."", ""timex_text"": ""2017"", ""timex_type"": ""DATE"", ""timex_value"": ""2017""}]","Fish and Wildlife Service of the United States of America, the Arizona Game and Fish Department and the New Mexico Depar…",
Arkansas/Arkansas_1,Arkansas,d:\NLP_Project_tasks_6_8_11\OCR_output\Arkansas\Arkansas_1.txt,2013-07-25,2020-01-01,5 years,,found,"[{""text"": ""AGREEMENT ON COOPERATION Between THE STATE OF ARKANSAS, THE UNITED STATES OF AMERICA And DONG NAI PROVINCE PEOPLE'S COMMITTEE, THE SOCIALIST REPUBLIC OF VIETNAM For the 2015-2020 period Dong Nai Province People's Committee, the Socialist Republic of Vietnam represented by Mr."", ""timex_text"": ""2015"", ""timex_type"": ""DATE"", ""timex_value"": ""2015""}, {""text"": ""AGREEMENT ON COOPERATION Between THE STATE OF ARKANSAS, THE UNITED STATES OF AMERICA And DONG NAI PROVINCE PEOPLE'S COMMITTEE, THE SOCIALIST REPUBLIC OF VIETNAM For the 2015-2020 period Dong Nai Province People's Committee, the Socialist Republic of Vietnam represented by Mr."", ""timex_text"": ""2020"", ""timex_type"": ""DATE"", ""timex_value"": ""2020""}, {""text"": ""Asa Hutchinson - Governor (hereinafter refered to as \""Parties\""); In accordance with the framework of the July 25th, 2013 Joint Statement by the United States and Vietnam on the Comprehensive Partnership which intended to contribute to the peace, stability, co-operation and prosperity for each country; based on the principles of equality and mutual benefit corresponding with the Law of each country, and International treaty and agreements that both countries are obligated to; Whereas the two Parties with their needs and capability desire to cooperate in order to promote economic development in the fields of trade, high-tech agriculture, services, healthcare, education, science and technology, industrial production; as well as the introduction of tourism, culture exchange, and people-to-people relations between Dong Nai Province, Vietnam and the State of Arkansas, the United States in the 2015 - 2020 period and the years after; The two Parties hereby agree to sign the \""Agreement on Cooperation\"" as follows: Article 1."", ""timex_text"": ""July 25th, 2013"", ""timex_type"": ""DATE"", ""timex_value"": ""2013-07-25""}, {""text"": ""AGREEMENT ON COOPERATION Between THE STATE OF ARKANSAS, THE UNITED STATES OF AMERICA And DONG NAI PROVINCE PEOPLE'S COMMITTEE, THE SOCIALIST REPUBLIC OF VIETNAM For the 2015-2020 period Dong Nai Province People's Committee, the Socialist Republic of Vietnam represented by Mr."", ""timex_text"": ""2015"", ""timex_type"": ""DATE"", ""timex_value"": ""2015""}, {""text"": ""AGREEMENT ON COOPERATION Between THE STATE OF ARKANSAS, THE UNITED STATES OF AMERICA And DONG NAI PROVINCE PEOPLE'S COMMITTEE, THE SOCIALIST REPUBLIC OF VIETNAM For the 2015-2020 period Dong Nai Province People's Committee, the Socialist Republic of Vietnam represented by Mr."", ""timex_text"": ""2020"", ""timex_type"": ""DATE"", ""timex_value"": ""2020""}]","AGREEMENT ON COOPERATION Between THE STATE OF ARKANSAS, THE UNITED STATES OF AMERICA And DONG NAI PROVINCE PEOPLE'S COMM…",
Arkansas/Arkansas_10,Arkansas,d:\NLP_Project_tasks_6_8_11\OCR_output\Arkansas\Arkansas_10.txt,0004-09-10,,three months,,found,"[{""text"": ""Arkansas and France agree to provide samples of driver's licenses currently in circulation as of the date of this Arrangement and any versions, which may be introduced at a later date."", ""timex_text"": ""currently"", ""timex_type"": ""DATE"", ""timex_value"": ""PRESENT_REF""}, {""text"": ""This Arrangement is effective upon the: signature of both parties and can be revoked by either party at any time, for any reason with three months from notice to implement this decision."", ""timex_text"": ""three months"", ""timex_type"": ""DURATION"", ""timex_value"": ""P3M""}, {""text"": ""w Date Signature Date W 04 09/10/04"", ""timex_text"": ""09/10/04"", ""timex_type"": ""DATE"", ""timex_value"": ""0004-09-10""}]",Arkansas and France agree to provide samples of driver's licenses currently in circulation as of the date of this Arrang…,
Arkansas/Arkansas_2,Arkansas,d:\NLP_Project_tasks_6_8_11\OCR_output\Arkansas\Arkansas_2.txt,1997-11-13,1997-12-01,,,found,"[{""text"": ""Box 3278 Little Rock - 72203 OFFICE OF THE DIRECTOR Phone (501) 682-2242 November 13, 1997 Federal Ministry of Transport of Germany C/O American Embassy PSC117, Box 330 APO, AE 09080 Dear Sir: As of December 1, 1997 the State of Arkansas, through the Department of Finance and Administration, Office of Driver Services, will no longer require German citizens residing here in Arkansas to take a practical or written drivers' test."", ""timex_text"": ""November 13, 1997"", ""timex_type"": ""DATE"", ""timex_value"": ""1997-11-13""}, {""text"": ""Box 3278 Little Rock - 72203 OFFICE OF THE DIRECTOR Phone (501) 682-2242 November 13, 1997 Federal Ministry of Transport of Germany C/O American Embassy PSC117, Box 330 APO, AE 09080 Dear Sir: As of December 1, 1997 the State of Arkansas, through the Department of Finance and Administration, Office of Driver Services, will no longer require German citizens residing here in Arkansas to take a practical or written drivers' test."", ""timex_text"": ""December 1, 1997"", ""timex_type"": ""DATE"", ""timex_value"": ""1997-12-01""}]","Box 3278 Little Rock - 72203 OFFICE OF THE DIRECTOR Phone (501) 682-2242 November 13, 1997 Federal Ministry of Transport…",
Arkansas/Arkansas_3,Arkansas,d:\NLP_Project_tasks_6_8_11\OCR_output\Arkansas\Arkansas_3.txt,1995-01-01,2015-01-01,,,found,"[{""text"": ""DRAFT Memorandum of Understanding Between Dông Nai Province of the Socialist Republic of Vietnam And the State of Arkansas of the United States of America In order to further friendly diplomatic relations, enhance cultural and historic understanding and cooperation, and to promote economic development and international trade between the State of Arkansas of the United States of America and the Dông Nai Province of the Socialist Republic of Vietnam, and in accordance with the principles of the 1995 Joint Statement on the Establishment of Diplomatic Relations between the Socialist Republic of Vietnam and the United States of America, the parties have resolved to enter into this Memorandum of Understanding hereby establishing a Sister State relationship between the parties in the fields of trade and economic cooperation, agriculture, manufacturing, education, culture, science, health and technology."", ""timex_text"": ""1995"", ""timex_type"": ""DATE"", ""timex_value"": ""1995""}, {""text"": ""Agreed upon in Little Rock, Arkansas, the United States of America, the day of April, 2015."", ""timex_text"": ""April"", ""timex_type"": ""DATE"", ""timex_value"": ""1995-04""}, {""text"": ""Agreed upon in Little Rock, Arkansas, the United States of America, the day of April, 2015."", ""timex_text"": ""2015"", ""timex_type"": ""DATE"", ""timex_value"": ""2015""}]",DRAFT Memorandum of Understanding Between Dông Nai Province of the Socialist Republic of Vietnam And the State of Arkans…,
Arkansas/Arkansas_4,Arkansas,d:\NLP_Project_tasks_6_8_11\OCR_output\Arkansas\Arkansas_4.txt,1900-01-01,2047-07-01,,,found,"[{""text"": ""Walter Anger, Assistant Commissioner Operations and Administration 1900 West Seventh Street 2047 Ragland Building Little Rock, Arkansas 72201 Tel: (1-501) 682-7025 Fax: (1-501) 682-1683 E-mail: Walter.Anger@DFA.Arkansas.gov Paragraph 4 a."", ""timex_text"": ""1900"", ""timex_type"": ""DATE"", ""timex_value"": ""1900""}, {""text"": ""Walter Anger, Assistant Commissioner Operations and Administration 1900 West Seventh Street 2047 Ragland Building Little Rock, Arkansas 72201 Tel: (1-501) 682-7025 Fax: (1-501) 682-1683 E-mail: Walter.Anger@DFA.Arkansas.gov Paragraph 4 a."", ""timex_text"": ""2047"", ""timex_type"": ""DATE"", ""timex_value"": ""2047""}, {""text"": ""Signed, at Little Rock, Arkansas, on the 11\""h day of July, 2014, in duplicate in the English and Korean language, both texts being equally valid."", ""timex_text"": ""July"", ""timex_type"": ""DATE"", ""timex_value"": ""2047-07""}, {""text"": ""Signed, at Little Rock, Arkansas, on the 11\""h day of July, 2014, in duplicate in the English and Korean language, both texts being equally valid."", ""timex_text"": ""2014"", ""timex_type"": ""DATE"", ""timex_value"": ""2014""}]","Walter Anger, Assistant Commissioner Operations and Administration 1900 West Seventh Street 2047 Ragland Building Little…",
Arkansas/Arkansas_5,Arkansas,d:\NLP_Project_tasks_6_8_11\OCR_output\Arkansas\Arkansas_5.txt,1900-01-01,2047-01-01,,,found,"[{""text"": ""Communication between the Sides under this MOU will be in English and in writing, and will be sent to the following addresses: Taipei Economic and Cultural Office in Houston Att: Consular Officer Consular Division 11 Greenway Plaza, Suite 2006 Houston, TX 77046 USA Tel: 1-717-626-7445 Fax: 1-713-626-0990 E-mail: tecohou@sbeglobal.net Arkansas Department of Finance & Administration Office of Driver Services Attn: Mr."", ""timex_text"": ""2006"", ""timex_type"": ""DATE"", ""timex_value"": ""2006""}, {""text"": ""Walter Anger, Assistant Commissioner Operations and Administration 1900 West Seventh Street 2047 Ragland Building Little Rock, Arkansas 72201 Tel: (501) 682-7025 Fax: (501) 682-1683 E-mail: Walter.AugereDFA.Arkansas.goY Section 4 a."", ""timex_text"": ""1900"", ""timex_type"": ""DATE"", ""timex_value"": ""1900""}, {""text"": ""Walter Anger, Assistant Commissioner Operations and Administration 1900 West Seventh Street 2047 Ragland Building Little Rock, Arkansas 72201 Tel: (501) 682-7025 Fax: (501) 682-1683 E-mail: Walter.AugereDFA.Arkansas.goY Section 4 a."", ""timex_text"": ""2047"", ""timex_type"": ""DATE"", ""timex_value"": ""2047""}]","Communication between the Sides under this MOU will be in English and in writing, and will be sent to the following addr…",
Arkansas/Arkansas_6,Arkansas,d:\NLP_Project_tasks_6_8_11\OCR_output\Arkansas\Arkansas_6.txt,2018-01-01,,5 years,,found,"[{""text"": ""This Agreement shall be in full force and effective for a period of 5 years."", ""timex_text"": ""5 years"", ""timex_type"": ""DURATION"", ""timex_value"": ""P5Y""}, {""text"": ""However, the Republic of Ghana and the State of Arkansas may terminate this Agreement at any time during the Agreement period by providing 30 days' written notice."", ""timex_text"": ""30 days"", ""timex_type"": ""DURATION"", ""timex_value"": ""P30D""}, {""text"": ""On this date June 13 in the year of 2018, we do hereby set our signatures to affirm and witness to make this MOU the official document by which all aforementioned activities and subsequent activities shall be implemented."", ""timex_text"": ""June 13"", ""timex_type"": ""DATE"", ""timex_value"": ""XXXX-06-13""}, {""text"": ""On this date June 13 in the year of 2018, we do hereby set our signatures to affirm and witness to make this MOU the official document by which all aforementioned activities and subsequent activities shall be implemented."", ""timex_text"": ""2018"", ""timex_type"": ""DATE"", ""timex_value"": ""2018""}]",This Agreement shall be in full force and effective for a period of 5 years.,
Arkansas/Arkansas_7,Arkansas,d:\NLP_Project_tasks_6_8_11\OCR_output\Arkansas\Arkansas_7.txt,2018-01-01,,5 years,,found,"[{""text"": ""This Agreement shall be in full force and effective for a period of 5 years."", ""timex_text"": ""5 years"", ""timex_type"": ""DURATION"", ""timex_value"": ""P5Y""}, {""text"": ""However, the Republic of Ghana and the State of Arkansas may terminate this Agreement at any time during the Agreement period by providing 30 days' written notice."", ""timex_text"": ""30 days"", ""timex_type"": ""DURATION"", ""timex_value"": ""P30D""}, {""text"": ""On this date June 13 in the year of 2018, we do hereby set our signatures to affirm and witness to make this MOU the official document by which all aforementioned activities and subsequent activities shall be implemented."", ""timex_text"": ""June 13"", ""timex_type"": ""DATE"", ""timex_value"": ""XXXX-06-13""}, {""text"": ""On this date June 13 in the year of 2018, we do hereby set our signatures to affirm and witness to make this MOU the official document by which all aforementioned activities and subsequent activities shall be implemented."", ""timex_text"": ""2018"", ""timex_type"": ""DATE"", ""timex_value"": ""2018""}]",This Agreement shall be in full force and effective for a period of 5 years.,
Arkansas/Arkansas_8,Arkansas,d:\NLP_Project_tasks_6_8_11\OCR_output\Arkansas\Arkansas_8.txt,2018-01-01,,5 years,,found,"[{""text"": ""This Agreement shall be in full force and effective for a period of 5 years."", ""timex_text"": ""5 years"", ""timex_type"": ""DURATION"", ""timex_value"": ""P5Y""}, {""text"": ""However, the Republic of Ghana and the State of Arkansas may terminate this Agreement at any time during the Agreement period by providing 30 days' written notice."", ""timex_text"": ""30 days"", ""timex_type"": ""DURATION"", ""timex_value"": ""P30D""}, {""text"": ""On this date June 13 in the year of 2018, we do hereby set our signatures to affirm and witness to make this MOU the official document by which all aforementioned activities and subsequent activities shall be implemented."", ""timex_text"": ""June 13"", ""timex_type"": ""DATE"", ""timex_value"": ""XXXX-06-13""}, {""text"": ""On this date June 13 in the year of 2018, we do hereby set our signatures to affirm and witness to make this MOU the official document by which all aforementioned activities and subsequent activities shall be implemented."", ""timex_text"": ""2018"", ""timex_type"": ""DATE"", ""timex_value"": ""2018""}]",This Agreement shall be in full force and effective for a period of 5 years.,
Arkansas/Arkansas_9,Arkansas,d:\NLP_Project_tasks_6_8_11\OCR_output\Arkansas\Arkansas_9.txt,1978-01-01,2920-01-01,"at least 30
days",,found,"[{""text"": ""Group framework The Bermuda Monetary Authority has determined that it is the Group Supervisor of the Group in accordance with the provisions of the Insurance Act 1978 of Bermuda (the \""Act\"")."", ""timex_text"": ""1978"", ""timex_type"": ""DATE"", ""timex_value"": ""1978""}, {""text"": ""The retiring Supervisor may continue to cooperate and exchange information according to this MMOU during the 30 days' notice period until its actual retirement date."", ""timex_text"": ""the 30 days"", ""timex_type"": ""DURATION"", ""timex_value"": ""P30D""}, {""text"": ""Authority Office of the Superintendent of Financial Institutions Office of the Commissioner of Insurance Central Bank of Ireland Monetary Authority of Singapore Swiss Financial Market Supervisory Authority FINMA Prudential Regulatory Authority Arkansas Insurance Department State of Delaware Department Stawsat of Insurance Karen weldin 10/2r1 Newl Hampshire Insurance Department 10 For Official Use Only APPENDIX: 1 GROUP STRUCTURE CHART Organizational Chart (as at February 17,: 2016) A WOHEB Allied World Assurance Compawntbetdangs Holdings, AG KCHNEN leu nco Alliea World Bemmudal - cuvrenaimonct.te Allina AllAS EU Eran ran - pmu WOINCH AE l Lu 11 For Official Use Only APPENDIX 2 LIST OF SUPERVISORS Australian Prudential Regulation Authority (Australia) Bermuda Monetary Authority (Bermuda) Office of the Superintendent of Financial Institutions (Canada) Office of the Commissioner of Insurance (HongKong) Central Bank of Ireland (Ireland) Monetary Authority of Singapore (Singapore) Swiss Financial Market Supervisory Authority FINMA (Switzerland) Prudential Regulatory."", ""timex_text"": ""February 17"", ""timex_type"": ""DATE"", ""timex_value"": ""1978-02-17""}, {""text"": ""Authority Office of the Superintendent of Financial Institutions Office of the Commissioner of Insurance Central Bank of Ireland Monetary Authority of Singapore Swiss Financial Market Supervisory Authority FINMA Prudential Regulatory Authority Arkansas Insurance Department State of Delaware Department Stawsat of Insurance Karen weldin 10/2r1 Newl Hampshire Insurance Department 10 For Official Use Only APPENDIX: 1 GROUP STRUCTURE CHART Organizational Chart (as at February 17,: 2016) A WOHEB Allied World Assurance Compawntbetdangs Holdings, AG KCHNEN leu nco Alliea World Bemmudal - cuvrenaimonct.te Allina AllAS EU Eran ran - pmu WOINCH AE l Lu 11 For Official Use Only APPENDIX 2 LIST OF SUPERVISORS Australian Prudential Regulation Authority (Australia) Bermuda Monetary Authority (Bermuda) Office of the Superintendent of Financial Institutions (Canada) Office of the Commissioner of Insurance (HongKong) Central Bank of Ireland (Ireland) Monetary Authority of Singapore (Singapore) Swiss Financial Market Supervisory Authority FINMA (Switzerland) Prudential Regulatory."", ""timex_text"": ""2016"", ""timex_type"": ""DATE"", ""timex_value"": ""2016""}, {""text"": ""Lam Insurance Assistant Commissioner of Insurance roslam@oci.gov.hk Hong Kong Tel: 852-2867-2547 Miss Regina Leung Senior Insurance Officer (Acting) regina mc leung@oci.gov.hk Jeff Cheung Insurance Officer (Acting) jeff ky cheung@oci.gov.hk Central Bank of Ireland Brian Balmforth Manager, Insurance Division Ireland brian.balmforth@centralbank.ie Tel: +353 (0) 1 224 4892 13 For Official Use Only Orla Kennedy orla.kennedy@centralbank.ie Tel: +353 (0) 1 224 6023 Monetary, Authority of Singapore Jesper Pan jesper pan@mas.gov.sg Singapore Theresa Jiang theresa jiang@mas.gov.5g Swiss Financial Market Supervisory Jens Gyger Authority FINMA jens.gyper@finma.ch Tel: +41 (0)31 327 96 50 Switzerland Daniel Weijand Daniel.Weijand@finma.ch Prudential Regulation Authority Nick Clements Nick."", ""timex_text"": ""2867"", ""timex_type"": ""DATE"", ""timex_value"": ""2867""}]",Group framework The Bermuda Monetary Authority has determined that it is the Group Supervisor of the Group in accordance…,
California/1 (5),California,d:\NLP_Project_tasks_6_8_11\OCR_output\California\1 (5).txt,1956-01-01,1961-06-30,twelve months,,found,"[{""text"": ""This Agreement, which British Columbia joined in 1961, is the oldest that we obtained."", ""timex_text"": ""1961"", ""timex_type"": ""DATE"", ""timex_value"": ""1961""}, {""text"": ""All fleet pro-rata registration fees shall be based upon the mileage proportions of the fleet during the period of twelve months ending on June 30 next preceding the commencement."", ""timex_text"": ""twelve months"", ""timex_type"": ""DURATION"", ""timex_value"": ""P1Y""}, {""text"": ""All fleet pro-rata registration fees shall be based upon the mileage proportions of the fleet during the period of twelve months ending on June 30 next preceding the commencement."", ""timex_text"": ""June 30"", ""timex_type"": ""DATE"", ""timex_value"": ""1961-06-30""}, {""text"": ""Whenever an individual who 1S the owner of a noncommercial vehicle granted reciprocity pursuant to this agreement establishes domicile during the registration period in another contracting State, he shall not be required to register his vehicle in such State, he shall not be required to register his vehicle in such State until the expiration of the current registration of the vehicle unless the law of the State otherwise provides."", ""timex_text"": ""current"", ""timex_type"": ""DATE"", ""timex_value"": ""PRESENT_REF""}, {""text"": ""This revised agreement shall become effective upon arrival and shall apply to registrations beginning with the 1957 registration year, but changes in the agreement shall not affect registrations for the 1956 registration year."", ""timex_text"": ""1957"", ""timex_type"": ""DATE"", ""timex_value"": ""1957""}]","This Agreement, which British Columbia joined in 1961, is the oldest that we obtained.",
California/1 (CA - Chille),California,d:\NLP_Project_tasks_6_8_11\OCR_output\California\1 (CA - Chille).txt,2015-01-01,,,,found,"[{""text"": ""Carbon Markets: Chile has seen the success in the development of an Emission Trading System (ETS) that currently operates in California, which includes positive indications for the private sector, creating business opportunities while at the same time contributing to a cleaner economy."", ""timex_text"": ""currently"", ""timex_type"": ""DATE"", ""timex_value"": ""PRESENT_REF""}, {""text"": ""REPUBLIC OF CHILE STATE OF CALIFORNIA New York, September, 2015"", ""timex_text"": ""September"", ""timex_type"": ""DATE"", ""timex_value"": ""XXXX-09""}, {""text"": ""REPUBLIC OF CHILE STATE OF CALIFORNIA New York, September, 2015"", ""timex_text"": ""2015"", ""timex_type"": ""DATE"", ""timex_value"": ""2015""}]",Carbon Markets: Chile has seen the success in the development of an Emission Trading System (ETS) that currently operate…,
California/110242023,California,d:\NLP_Project_tasks_6_8_11\OCR_output\California\110242023.txt,2021-01-01,2085-01-01,three years,,found,"[{""text"": ""Memorandum of Understanding to Enhance Cooperation on Green Development between the Government of Guangdong Province and the Government of the State of California To strengthen their sister State/Province relationship and enhance pragmatic cooperation in the area of green development, in support of the U.S.-China Joint Glasgow Declaration on Enhancing Climate Action in the 2020s, which was released in November 2021 during the 2021 United Nations Climate Change Conference, the Government of Guangdong Province and the Government of the State of California (hereafter referred to as \""the Participants\"") share as follows: WHEREAS Guangdong is committed to thoroughly implementing the new development philosophy, accelerating green and low-carbon transformation in the development mode, striving to reach carbon peak by 2030 and achieve carbon neutrality by 2060; WHEREAS California has committed to targets to reduce greenhouse gas emissions 40% below 1990 levels by 2030 and 85% by 2045, achieve 60% renewable electricity and double energy efficiency savings in electricity and natural gas end-uses by 2030, 100% renewable and zero-carbon electricity by 2045, 100% zero-emission new light duty vehicle sales by 2035, and carbon neutrality by 2045; CONSIDERING the opportunities for economic growth and the human health co-benefits that accompany the mitigation of greenhouse gas emissions and air pollution, the Participants desire to enhancing actions and policies to further strengthen and coordinate efforts to combat climate change and protect the environment."", ""timex_text"": ""the 2020s"", ""timex_type"": ""DATE"", ""timex_value"": ""202""}, {""text"": ""Memorandum of Understanding to Enhance Cooperation on Green Development between the Government of Guangdong Province and the Government of the State of California To strengthen their sister State/Province relationship and enhance pragmatic cooperation in the area of green development, in support of the U.S.-China Joint Glasgow Declaration on Enhancing Climate Action in the 2020s, which was released in November 2021 during the 2021 United Nations Climate Change Conference, the Government of Guangdong Province and the Government of the State of California (hereafter referred to as \""the Participants\"") share as follows: WHEREAS Guangdong is committed to thoroughly implementing the new development philosophy, accelerating green and low-carbon transformation in the development mode, striving to reach carbon peak by 2030 and achieve carbon neutrality by 2060; WHEREAS California has committed to targets to reduce greenhouse gas emissions 40% below 1990 levels by 2030 and 85% by 2045, achieve 60% renewable electricity and double energy efficiency savings in electricity and natural gas end-uses by 2030, 100% renewable and zero-carbon electricity by 2045, 100% zero-emission new light duty vehicle sales by 2035, and carbon neutrality by 2045; CONSIDERING the opportunities for economic growth and the human health co-benefits that accompany the mitigation of greenhouse gas emissions and air pollution, the Participants desire to enhancing actions and policies to further strengthen and coordinate efforts to combat climate change and protect the environment."", ""timex_text"": ""November 2021"", ""timex_type"": ""DATE"", ""timex_value"": ""2021-11""}, {""text"": ""Memorandum of Understanding to Enhance Cooperation on Green Development between the Government of Guangdong Province and the Government of the State of California To strengthen their sister State/Province relationship and enhance pragmatic cooperation in the area of green development, in support of the U.S.-China Joint Glasgow Declaration on Enhancing Climate Action in the 2020s, which was released in November 2021 during the 2021 United Nations Climate Change Conference, the Government of Guangdong Province and the Government of the State of California (hereafter referred to as \""the Participants\"") share as follows: WHEREAS Guangdong is committed to thoroughly implementing the new development philosophy, accelerating green and low-carbon transformation in the development mode, striving to reach carbon peak by 2030 and achieve carbon neutrality by 2060; WHEREAS California has committed to targets to reduce greenhouse gas emissions 40% below 1990 levels by 2030 and 85% by 2045, achieve 60% renewable electricity and double energy efficiency savings in electricity and natural gas end-uses by 2030, 100% renewable and zero-carbon electricity by 2045, 100% zero-emission new light duty vehicle sales by 2035, and carbon neutrality by 2045; CONSIDERING the opportunities for economic growth and the human health co-benefits that accompany the mitigation of greenhouse gas emissions and air pollution, the Participants desire to enhancing actions and policies to further strengthen and coordinate efforts to combat climate change and protect the environment."", ""timex_text"": ""2021"", ""timex_type"": ""DATE"", ""timex_value"": ""2021""}, {""text"": ""Memorandum of Understanding to Enhance Cooperation on Green Development between the Government of Guangdong Province and the Government of the State of California To strengthen their sister State/Province relationship and enhance pragmatic cooperation in the area of green development, in support of the U.S.-China Joint Glasgow Declaration on Enhancing Climate Action in the 2020s, which was released in November 2021 during the 2021 United Nations Climate Change Conference, the Government of Guangdong Province and the Government of the State of California (hereafter referred to as \""the Participants\"") share as follows: WHEREAS Guangdong is committed to thoroughly implementing the new development philosophy, accelerating green and low-carbon transformation in the development mode, striving to reach carbon peak by 2030 and achieve carbon neutrality by 2060; WHEREAS California has committed to targets to reduce greenhouse gas emissions 40% below 1990 levels by 2030 and 85% by 2045, achieve 60% renewable electricity and double energy efficiency savings in electricity and natural gas end-uses by 2030, 100% renewable and zero-carbon electricity by 2045, 100% zero-emission new light duty vehicle sales by 2035, and carbon neutrality by 2045; CONSIDERING the opportunities for economic growth and the human health co-benefits that accompany the mitigation of greenhouse gas emissions and air pollution, the Participants desire to enhancing actions and policies to further strengthen and coordinate efforts to combat climate change and protect the environment."", ""timex_text"": ""2030"", ""timex_type"": ""DATE"", ""timex_value"": ""2030""}, {""text"": ""Memorandum of Understanding to Enhance Cooperation on Green Development between the Government of Guangdong Province and the Government of the State of California To strengthen their sister State/Province relationship and enhance pragmatic cooperation in the area of green development, in support of the U.S.-China Joint Glasgow Declaration on Enhancing Climate Action in the 2020s, which was released in November 2021 during the 2021 United Nations Climate Change Conference, the Government of Guangdong Province and the Government of the State of California (hereafter referred to as \""the Participants\"") share as follows: WHEREAS Guangdong is committed to thoroughly implementing the new development philosophy, accelerating green and low-carbon transformation in the development mode, striving to reach carbon peak by 2030 and achieve carbon neutrality by 2060; WHEREAS California has committed to targets to reduce greenhouse gas emissions 40% below 1990 levels by 2030 and 85% by 2045, achieve 60% renewable electricity and double energy efficiency savings in electricity and natural gas end-uses by 2030, 100% renewable and zero-carbon electricity by 2045, 100% zero-emission new light duty vehicle sales by 2035, and carbon neutrality by 2045; CONSIDERING the opportunities for economic growth and the human health co-benefits that accompany the mitigation of greenhouse gas emissions and air pollution, the Participants desire to enhancing actions and policies to further strengthen and coordinate efforts to combat climate change and protect the environment."", ""timex_text"": ""2060"", ""timex_type"": ""DATE"", ""timex_value"": ""2060""}]",Memorandum of Understanding to Enhance Cooperation on Green Development between the Government of Guangdong Province and…,
California/110252023,California,d:\NLP_Project_tasks_6_8_11\OCR_output\California\110252023.txt,2015-09-15,2023-10-25,4 years,,found,"[{""text"": ""Establish a cooperation and exchange mechanism, promote exchanges and visits between the parties' relevant personnel, including exchange using conference calls and annually meeting; 3."", ""timex_text"": ""annually"", ""timex_type"": ""SET"", ""timex_value"": ""XXXX""}, {""text"": ""5 SECTION IX Final Provisions This MOU is effective from the date of its signature and the parties will review the MOU and its progress in 4 years."", ""timex_text"": ""4 years"", ""timex_type"": ""DURATION"", ""timex_value"": ""P4Y""}, {""text"": ""Any of the Parties may at any time withdraw from this MOU, and shall endeavor to provide prior written notice to the other Party three months in advance."", ""timex_text"": ""three months"", ""timex_type"": ""DURATION"", ""timex_value"": ""P3M""}, {""text"": ""Signed in Beijing, China on October 25th, 2023, in two original copies in English and Chinese."", ""timex_text"": ""October 25th, 2023"", ""timex_type"": ""DATE"", ""timex_value"": ""2023-10-25""}]","Establish a cooperation and exchange mechanism, promote exchanges and visits between the parties' relevant personnel, in…",
California/110262023,California,d:\NLP_Project_tasks_6_8_11\OCR_output\California\110262023.txt,2005-01-01,2023-01-01,"a
four-year period",,found,"[{""text"": ""Memorandum of Understanding on Environment and Climate Cooperation Between The California Air Resources Board And The Beijing Municipal Ecology and Environment Bureau The intent of this Memorandum of Understanding (MOU) on Environment and Climate Cooperation is to build on the relationship of cooperation between the California Environmental Protection Agency and the Beijing Municipal Ecology and Environment Bureau (hereinafter referred to as \""BEE\""), who signed the original MOU in 2005, and updated it respectively in 2013 and 2016, in order to promote cooperation and collaboration between BEE and relevant counterparts in California on science and policies in the field of environmental protection."", ""timex_text"": ""2005"", ""timex_type"": ""DATE"", ""timex_value"": ""2005""}, {""text"": ""Memorandum of Understanding on Environment and Climate Cooperation Between The California Air Resources Board And The Beijing Municipal Ecology and Environment Bureau The intent of this Memorandum of Understanding (MOU) on Environment and Climate Cooperation is to build on the relationship of cooperation between the California Environmental Protection Agency and the Beijing Municipal Ecology and Environment Bureau (hereinafter referred to as \""BEE\""), who signed the original MOU in 2005, and updated it respectively in 2013 and 2016, in order to promote cooperation and collaboration between BEE and relevant counterparts in California on science and policies in the field of environmental protection."", ""timex_text"": ""2013"", ""timex_type"": ""DATE"", ""timex_value"": ""2013""}, {""text"": ""Memorandum of Understanding on Environment and Climate Cooperation Between The California Air Resources Board And The Beijing Municipal Ecology and Environment Bureau The intent of this Memorandum of Understanding (MOU) on Environment and Climate Cooperation is to build on the relationship of cooperation between the California Environmental Protection Agency and the Beijing Municipal Ecology and Environment Bureau (hereinafter referred to as \""BEE\""), who signed the original MOU in 2005, and updated it respectively in 2013 and 2016, in order to promote cooperation and collaboration between BEE and relevant counterparts in California on science and policies in the field of environmental protection."", ""timex_text"": ""2016"", ""timex_type"": ""DATE"", ""timex_value"": ""2016""}, {""text"": ""Any of the Participants may at any time withdraw from this Memorandum of Understanding, and the Participants pledge to endeavor to provide prior written notice to the other Participant 30 days in advance."", ""timex_text"": ""30 days"", ""timex_type"": ""DURATION"", ""timex_value"": ""P30D""}, {""text"": ""This MOU is signed in Beijing on October - 2023 in duplicate, in English and Chinese."", ""timex_text"": ""October"", ""timex_type"": ""DATE"", ""timex_value"": ""2016-10""}]",Memorandum of Understanding on Environment and Climate Cooperation Between The California Air Resources Board And The Be…,
California/110282023,California,d:\NLP_Project_tasks_6_8_11\OCR_output\California\110282023.txt,2011-01-01,2023-10-28,30 days,,found,"[{""text"": ""MEMORANDUM OF UNDERSTANDING ON STRENGTHENING CLIMATE AND ENVIRONMENTAL COOPERATION BETWEEN THE GOVERNMENT OF THE JIANGSU PROVINCE AND THE GOVERNMENT OF THE STATE OF CALIFORNIA WHEREAS the Government of the State of California of the United States of America (\""California\"") and the Government of the Jiangsu Province of the People's Republic of China (\""Jiangsu\"") (hereinafter referred to as \""the Parties\"") officially established a sister state-province relationship in the year of 2011, and WHEREAS in June 2017, the Parties agreed to work collaboratively to facilitate cooperation on research, innovation, and investment aimed at advancing the development of low-carbon energy resources and clean technologies, by signing the \""Memorandum of Understanding on California-Jiangsu Clean Technology Partnership between the State of California of the United States of America and Province of Jiangsu of the People's Republic of China,\"" and WHEREAS in October 2019, the Parties agreed to further their relationship in areas of trade, innovation, climate change, education, and cultural exchange, by signing the \""Memorandum of Understanding between the State of California, United States of America, and Jiangsu Province, People's Republic of China,\"" and WHEREAS in May 2021, Governors of the Parties both participated in the first virtual meeting of the Sino-US Subnational Dialogue on Climate Change, focusing on the theme of \""Subnational Climate Change Planning and Measures,\"" and WHEREAS in May 2023, the Jiangsu Delegation visited Los Angeles, California, participating in \""China-California Business Forum 2023,\"" aiming to enhance cooperation on clean technologies, e-commerce, and direct investment, and WHEREAS in October 2023, the California Delegation visited Yancheng, Jiangsu, during which the Parties recapped the exchanges and cooperation that have been implemented in the sectors of clean technology, environmental protection, and subnational cooperation on combating climate change, THEREFORE, the Parties have agreed to strengthen their partnership, and have reached the following understanding: Paragraph I Objectives The purpose of this Memorandum of Understanding is to strengthen the partnership between California and Jiangsu, to establish a flexible framework between the Parties in order to permit them to collaborate on environmental protection, combating climate change, and advancing clean energy development."", ""timex_text"": ""2011"", ""timex_type"": ""DATE"", ""timex_value"": ""2011""}, {""text"": ""MEMORANDUM OF UNDERSTANDING ON STRENGTHENING CLIMATE AND ENVIRONMENTAL COOPERATION BETWEEN THE GOVERNMENT OF THE JIANGSU PROVINCE AND THE GOVERNMENT OF THE STATE OF CALIFORNIA WHEREAS the Government of the State of California of the United States of America (\""California\"") and the Government of the Jiangsu Province of the People's Republic of China (\""Jiangsu\"") (hereinafter referred to as \""the Parties\"") officially established a sister state-province relationship in the year of 2011, and WHEREAS in June 2017, the Parties agreed to work collaboratively to facilitate cooperation on research, innovation, and investment aimed at advancing the development of low-carbon energy resources and clean technologies, by signing the \""Memorandum of Understanding on California-Jiangsu Clean Technology Partnership between the State of California of the United States of America and Province of Jiangsu of the People's Republic of China,\"" and WHEREAS in October 2019, the Parties agreed to further their relationship in areas of trade, innovation, climate change, education, and cultural exchange, by signing the \""Memorandum of Understanding between the State of California, United States of America, and Jiangsu Province, People's Republic of China,\"" and WHEREAS in May 2021, Governors of the Parties both participated in the first virtual meeting of the Sino-US Subnational Dialogue on Climate Change, focusing on the theme of \""Subnational Climate Change Planning and Measures,\"" and WHEREAS in May 2023, the Jiangsu Delegation visited Los Angeles, California, participating in \""China-California Business Forum 2023,\"" aiming to enhance cooperation on clean technologies, e-commerce, and direct investment, and WHEREAS in October 2023, the California Delegation visited Yancheng, Jiangsu, during which the Parties recapped the exchanges and cooperation that have been implemented in the sectors of clean technology, environmental protection, and subnational cooperation on combating climate change, THEREFORE, the Parties have agreed to strengthen their partnership, and have reached the following understanding: Paragraph I Objectives The purpose of this Memorandum of Understanding is to strengthen the partnership between California and Jiangsu, to establish a flexible framework between the Parties in order to permit them to collaborate on environmental protection, combating climate change, and advancing clean energy development."", ""timex_text"": ""June 2017"", ""timex_type"": ""DATE"", ""timex_value"": ""2017-06""}, {""text"": ""MEMORANDUM OF UNDERSTANDING ON STRENGTHENING CLIMATE AND ENVIRONMENTAL COOPERATION BETWEEN THE GOVERNMENT OF THE JIANGSU PROVINCE AND THE GOVERNMENT OF THE STATE OF CALIFORNIA WHEREAS the Government of the State of California of the United States of America (\""California\"") and the Government of the Jiangsu Province of the People's Republic of China (\""Jiangsu\"") (hereinafter referred to as \""the Parties\"") officially established a sister state-province relationship in the year of 2011, and WHEREAS in June 2017, the Parties agreed to work collaboratively to facilitate cooperation on research, innovation, and investment aimed at advancing the development of low-carbon energy resources and clean technologies, by signing the \""Memorandum of Understanding on California-Jiangsu Clean Technology Partnership between the State of California of the United States of America and Province of Jiangsu of the People's Republic of China,\"" and WHEREAS in October 2019, the Parties agreed to further their relationship in areas of trade, innovation, climate change, education, and cultural exchange, by signing the \""Memorandum of Understanding between the State of California, United States of America, and Jiangsu Province, People's Republic of China,\"" and WHEREAS in May 2021, Governors of the Parties both participated in the first virtual meeting of the Sino-US Subnational Dialogue on Climate Change, focusing on the theme of \""Subnational Climate Change Planning and Measures,\"" and WHEREAS in May 2023, the Jiangsu Delegation visited Los Angeles, California, participating in \""China-California Business Forum 2023,\"" aiming to enhance cooperation on clean technologies, e-commerce, and direct investment, and WHEREAS in October 2023, the California Delegation visited Yancheng, Jiangsu, during which the Parties recapped the exchanges and cooperation that have been implemented in the sectors of clean technology, environmental protection, and subnational cooperation on combating climate change, THEREFORE, the Parties have agreed to strengthen their partnership, and have reached the following understanding: Paragraph I Objectives The purpose of this Memorandum of Understanding is to strengthen the partnership between California and Jiangsu, to establish a flexible framework between the Parties in order to permit them to collaborate on environmental protection, combating climate change, and advancing clean energy development."", ""timex_text"": ""October 2019"", ""timex_type"": ""DATE"", ""timex_value"": ""2019-10""}, {""text"": ""MEMORANDUM OF UNDERSTANDING ON STRENGTHENING CLIMATE AND ENVIRONMENTAL COOPERATION BETWEEN THE GOVERNMENT OF THE JIANGSU PROVINCE AND THE GOVERNMENT OF THE STATE OF CALIFORNIA WHEREAS the Government of the State of California of the United States of America (\""California\"") and the Government of the Jiangsu Province of the People's Republic of China (\""Jiangsu\"") (hereinafter referred to as \""the Parties\"") officially established a sister state-province relationship in the year of 2011, and WHEREAS in June 2017, the Parties agreed to work collaboratively to facilitate cooperation on research, innovation, and investment aimed at advancing the development of low-carbon energy resources and clean technologies, by signing the \""Memorandum of Understanding on California-Jiangsu Clean Technology Partnership between the State of California of the United States of America and Province of Jiangsu of the People's Republic of China,\"" and WHEREAS in October 2019, the Parties agreed to further their relationship in areas of trade, innovation, climate change, education, and cultural exchange, by signing the \""Memorandum of Understanding between the State of California, United States of America, and Jiangsu Province, People's Republic of China,\"" and WHEREAS in May 2021, Governors of the Parties both participated in the first virtual meeting of the Sino-US Subnational Dialogue on Climate Change, focusing on the theme of \""Subnational Climate Change Planning and Measures,\"" and WHEREAS in May 2023, the Jiangsu Delegation visited Los Angeles, California, participating in \""China-California Business Forum 2023,\"" aiming to enhance cooperation on clean technologies, e-commerce, and direct investment, and WHEREAS in October 2023, the California Delegation visited Yancheng, Jiangsu, during which the Parties recapped the exchanges and cooperation that have been implemented in the sectors of clean technology, environmental protection, and subnational cooperation on combating climate change, THEREFORE, the Parties have agreed to strengthen their partnership, and have reached the following understanding: Paragraph I Objectives The purpose of this Memorandum of Understanding is to strengthen the partnership between California and Jiangsu, to establish a flexible framework between the Parties in order to permit them to collaborate on environmental protection, combating climate change, and advancing clean energy development."", ""timex_text"": ""May 2021"", ""timex_type"": ""DATE"", ""timex_value"": ""2021-05""}, {""text"": ""MEMORANDUM OF UNDERSTANDING ON STRENGTHENING CLIMATE AND ENVIRONMENTAL COOPERATION BETWEEN THE GOVERNMENT OF THE JIANGSU PROVINCE AND THE GOVERNMENT OF THE STATE OF CALIFORNIA WHEREAS the Government of the State of California of the United States of America (\""California\"") and the Government of the Jiangsu Province of the People's Republic of China (\""Jiangsu\"") (hereinafter referred to as \""the Parties\"") officially established a sister state-province relationship in the year of 2011, and WHEREAS in June 2017, the Parties agreed to work collaboratively to facilitate cooperation on research, innovation, and investment aimed at advancing the development of low-carbon energy resources and clean technologies, by signing the \""Memorandum of Understanding on California-Jiangsu Clean Technology Partnership between the State of California of the United States of America and Province of Jiangsu of the People's Republic of China,\"" and WHEREAS in October 2019, the Parties agreed to further their relationship in areas of trade, innovation, climate change, education, and cultural exchange, by signing the \""Memorandum of Understanding between the State of California, United States of America, and Jiangsu Province, People's Republic of China,\"" and WHEREAS in May 2021, Governors of the Parties both participated in the first virtual meeting of the Sino-US Subnational Dialogue on Climate Change, focusing on the theme of \""Subnational Climate Change Planning and Measures,\"" and WHEREAS in May 2023, the Jiangsu Delegation visited Los Angeles, California, participating in \""China-California Business Forum 2023,\"" aiming to enhance cooperation on clean technologies, e-commerce, and direct investment, and WHEREAS in October 2023, the California Delegation visited Yancheng, Jiangsu, during which the Parties recapped the exchanges and cooperation that have been implemented in the sectors of clean technology, environmental protection, and subnational cooperation on combating climate change, THEREFORE, the Parties have agreed to strengthen their partnership, and have reached the following understanding: Paragraph I Objectives The purpose of this Memorandum of Understanding is to strengthen the partnership between California and Jiangsu, to establish a flexible framework between the Parties in order to permit them to collaborate on environmental protection, combating climate change, and advancing clean energy development."", ""timex_text"": ""May 2023"", ""timex_type"": ""DATE"", ""timex_value"": ""2023-05""}]",MEMORANDUM OF UNDERSTANDING ON STRENGTHENING CLIMATE AND ENVIRONMENTAL COOPERATION BETWEEN THE GOVERNMENT OF THE JIANGSU…,
California/110292023,California,d:\NLP_Project_tasks_6_8_11\OCR_output\California\110292023.txt,2005-01-01,2085-01-01,30 days,,found,"[{""text"": ""MEMORANDUM OF UNDERSTANDING ON ENHANCING COOPERATION ON CLIMATE AND ENVIRONMENT BETWEEN SHANGHAI MUNICIPAL BUREAU OF ECOLOGY AND ENVIRONMENT AND CALIFORNIA AIR RESOURCES BOARD Shanghai Municipal Bureau of Ecology and Environment (\""Shanghai\"") and California Air Resources Board (\""California\""), hereinafter referred to as \""the Participants, declare as follows; ACKNOWLEDGING that Shanghai and California have expressed intentions to cooperate on climate change and environmental protection; WHEREAS Shanghai is committed to improving air quality and aims to achieve these targets by 2025: the annual average concentration of PM 2.5 in Shanghai will not exceed 30 micrograms per cubic meter, and the AQI excellent and good rate will be greater than or equal to 89%."", ""timex_text"": ""2025"", ""timex_type"": ""DATE"", ""timex_value"": ""2025""}, {""text"": ""Shanghai is committed to reduce greenhouse gas emissions and achieve the following targets by 2030: the proportion of non-fossil fuel energy consumption will reach 25%, and carbon dioxide emissions per unit of GDP will decrease by 70% than 2005, and peak carbon emissions; by 2060, non-fossil fuel energy will account for 80% the energy consumption and carbon neutrality will be successfully achieved; WHEREAS Californial has committed to targets to reduce greenhouse gas emissions 40% below 1990 levels by 2030 and 85% by 2045, achieve 60% renewable electricity and double energy efficiency savings in electricity and natural gas end-uses by 2030, 100% renewable and zero-carbon electricity by: 2045, 100% zero-emission new light duty vehicle sales by 2035, and carbon neutrality by 2045; WHEREAS the Participants desire to enhance ctions and policies to further strengthen and coordinate efforts to combat climate change and protect the environment; CONSIDERING the opportunities for economic growth and the human health CO- benefits that accompany the mitigation of greenhouse gas emissions and air pollution; Therefore, the Participants have reached the following understanding: SECTION I Objectives The purpose of this Memorandum of Understanding is to establish a flexible framework between the Participants in order to collaborate on protecting the environment, combating climate change and advancing clean energy development."", ""timex_text"": ""2030"", ""timex_type"": ""DATE"", ""timex_value"": ""2030""}, {""text"": ""Shanghai is committed to reduce greenhouse gas emissions and achieve the following targets by 2030: the proportion of non-fossil fuel energy consumption will reach 25%, and carbon dioxide emissions per unit of GDP will decrease by 70% than 2005, and peak carbon emissions; by 2060, non-fossil fuel energy will account for 80% the energy consumption and carbon neutrality will be successfully achieved; WHEREAS Californial has committed to targets to reduce greenhouse gas emissions 40% below 1990 levels by 2030 and 85% by 2045, achieve 60% renewable electricity and double energy efficiency savings in electricity and natural gas end-uses by 2030, 100% renewable and zero-carbon electricity by: 2045, 100% zero-emission new light duty vehicle sales by 2035, and carbon neutrality by 2045; WHEREAS the Participants desire to enhance ctions and policies to further strengthen and coordinate efforts to combat climate change and protect the environment; CONSIDERING the opportunities for economic growth and the human health CO- benefits that accompany the mitigation of greenhouse gas emissions and air pollution; Therefore, the Participants have reached the following understanding: SECTION I Objectives The purpose of this Memorandum of Understanding is to establish a flexible framework between the Participants in order to collaborate on protecting the environment, combating climate change and advancing clean energy development."", ""timex_text"": ""2005"", ""timex_type"": ""DATE"", ""timex_value"": ""2005""}, {""text"": ""Shanghai is committed to reduce greenhouse gas emissions and achieve the following targets by 2030: the proportion of non-fossil fuel energy consumption will reach 25%, and carbon dioxide emissions per unit of GDP will decrease by 70% than 2005, and peak carbon emissions; by 2060, non-fossil fuel energy will account for 80% the energy consumption and carbon neutrality will be successfully achieved; WHEREAS Californial has committed to targets to reduce greenhouse gas emissions 40% below 1990 levels by 2030 and 85% by 2045, achieve 60% renewable electricity and double energy efficiency savings in electricity and natural gas end-uses by 2030, 100% renewable and zero-carbon electricity by: 2045, 100% zero-emission new light duty vehicle sales by 2035, and carbon neutrality by 2045; WHEREAS the Participants desire to enhance ctions and policies to further strengthen and coordinate efforts to combat climate change and protect the environment; CONSIDERING the opportunities for economic growth and the human health CO- benefits that accompany the mitigation of greenhouse gas emissions and air pollution; Therefore, the Participants have reached the following understanding: SECTION I Objectives The purpose of this Memorandum of Understanding is to establish a flexible framework between the Participants in order to collaborate on protecting the environment, combating climate change and advancing clean energy development."", ""timex_text"": ""2060"", ""timex_type"": ""DATE"", ""timex_value"": ""2060""}, {""text"": ""Shanghai is committed to reduce greenhouse gas emissions and achieve the following targets by 2030: the proportion of non-fossil fuel energy consumption will reach 25%, and carbon dioxide emissions per unit of GDP will decrease by 70% than 2005, and peak carbon emissions; by 2060, non-fossil fuel energy will account for 80% the energy consumption and carbon neutrality will be successfully achieved; WHEREAS Californial has committed to targets to reduce greenhouse gas emissions 40% below 1990 levels by 2030 and 85% by 2045, achieve 60% renewable electricity and double energy efficiency savings in electricity and natural gas end-uses by 2030, 100% renewable and zero-carbon electricity by: 2045, 100% zero-emission new light duty vehicle sales by 2035, and carbon neutrality by 2045; WHEREAS the Participants desire to enhance ctions and policies to further strengthen and coordinate efforts to combat climate change and protect the environment; CONSIDERING the opportunities for economic growth and the human health CO- benefits that accompany the mitigation of greenhouse gas emissions and air pollution; Therefore, the Participants have reached the following understanding: SECTION I Objectives The purpose of this Memorandum of Understanding is to establish a flexible framework between the Participants in order to collaborate on protecting the environment, combating climate change and advancing clean energy development."", ""timex_text"": ""2030"", ""timex_type"": ""DATE"", ""timex_value"": ""2030""}]",MEMORANDUM OF UNDERSTANDING ON ENHANCING COOPERATION ON CLIMATE AND ENVIRONMENT BETWEEN SHANGHAI MUNICIPAL BUREAU OF ECO…,
California/111102021,California,d:\NLP_Project_tasks_6_8_11\OCR_output\California\111102021.txt,2021-11-10,2050-01-01,,,found,"[{""text"": ""New York Vision and Actions Norway We aim to work with all stakeholders toward a collective goal of making all passenger and Oregon medium- and heavy-duty vehicle sales in our jurisdictions ZEVS as fast as possible, and no Québec later than 2050."", ""timex_text"": ""2050"", ""timex_type"": ""DATE"", ""timex_value"": ""2050""}, {""text"": ""Research now recognizes the need to move to all ZEV sales by 2035 or Rhode Island earlier in order to decarbonize the vehicle fleet by 2050, and many governments are working to create their own targets for light, medium-, and heavy-duty vehicles as market United Kingdom developments and technology allows."", ""timex_text"": ""now"", ""timex_type"": ""DATE"", ""timex_value"": ""PRESENT_REF""}, {""text"": ""Research now recognizes the need to move to all ZEV sales by 2035 or Rhode Island earlier in order to decarbonize the vehicle fleet by 2050, and many governments are working to create their own targets for light, medium-, and heavy-duty vehicles as market United Kingdom developments and technology allows."", ""timex_text"": ""2035"", ""timex_type"": ""DATE"", ""timex_value"": ""2035""}, {""text"": ""New York Vision and Actions Norway We aim to work with all stakeholders toward a collective goal of making all passenger and Oregon medium- and heavy-duty vehicle sales in our jurisdictions ZEVS as fast as possible, and no Québec later than 2050."", ""timex_text"": ""2050"", ""timex_type"": ""DATE"", ""timex_value"": ""2050""}, {""text"": ""New York Vision and Actions Norway We aim to work with all stakeholders toward a collective goal of making all passenger and Oregon medium- and heavy-duty vehicle sales in our jurisdictions ZEVS as fast as possible, and no Québec later than 2050."", ""timex_text"": ""2050"", ""timex_type"": ""DATE"", ""timex_value"": ""2050""}]",New York Vision and Actions Norway We aim to work with all stakeholders toward a collective goal of making all passenger…,
California/11182021,California,d:\NLP_Project_tasks_6_8_11\OCR_output\California\11182021.txt,2008-01-01,2035-01-01,"the next
seven years",,found,"[{""text"": ""& TECHNOLOGY CLIMATE KNOWLEDGE AND INNOVATION COMMUNITY (EIT CLIMATE-KIC) AND THE GOVERNOR'S OFFICE PLANNING AND RESEARCH (OPR) OF THE STATE OF CALIFORNIA OF THE UNITED STATES OF AMERICA The European Institute of Innovation & Technology Climate Knowledge and Innovation Community (EIT Climate-KIC) and the Governor's Office ofl Planning and Research (OPR) (hereinafter referred to as \""the Participants\"") agree as follows; WHEREAS The State of California, the fifth largest economy in the world, and the European Union are equally committed to stringent climate change action programs to meet 2050 goals in terms of greenhouse gas reductions, clean power generation, and transport safety; and through these efforts achieve the sustainable transformation of cities and regions, and the rebuilding their economies post-Covid-19 in a just and equitable manner; WHEREAS EIT Climate-KIC is a knowledge and innovation community established by the European Institute of Innovation & Technology (EIT), an independent body of the European Union set up in 2008 to deliver innovation across Europe."", ""timex_text"": ""2008"", ""timex_type"": ""DATE"", ""timex_value"": ""2008""}, {""text"": ""This includes EIT Climate-KIC supporting the European Green Deal in building low-carbon, climate resilient future through research and innovation, such as through the NetZeroCities project to support 100 European cities to cut down on greenhouse gas emissions to achieve climate neutrality; WHEREAS EIT Climate-KIC, as an EIT Knowledge and Innovation Community contributes to the European Union's and EITs international cooperation objectives in full alignment with the Commission Communication on Global Approach (May 2021)1, the https:/Jec.europa.eu/info/sites/default/files/research and innovation/strategy on research and innovation/doc uments/ec rtd com2021-252.pdf 2 Council Conclusions on Global approach to Research and Innovation - Europe's strategy for international cooperation in a changing world (September 2021)2, the Horizon Europe Regulation (April 2021)3 and the EIT Strategic Framework for EIT Community Global Outreach Activities (June 2019)4; WHEREAS OPR, the California Environmental Protection Agency (CalEPA), the California Natural Resources Agency (CNRA), the Governor's Offices of Business and Economic Development (GO-Biz), and the Coast to Coast Initiative are leading efforts to collaborate with partners to effect systemic change in a manner that benefits all segments of society, especially disadvantaged communities, and develop an economic recovery plan, land use strategy, and a transportation program to accelerate the adoption of innovation that enables the State to reach its stated climate change objectives; WHEREAS the EU released its \""Sustainable and Smart Mobility Strategy\"" for the next seven years (December 9, 2020) and the State of California finalized its \""ZEV Market Development Strategy\"" to meet the 2035 100% Zero Emission Vehicle Mandate (February 2, 2021); WHEREAS Both parties are looking for partners to share learning experiences, develop collaborative programs, and employ new investment instruments with the intention to accelerate both regional and global progress on climate change; WHEREAS since the first talks regarding a possible MOU started in the Summer of 2019, parties have already successfully started and/or completed various projects: a."", ""timex_text"": ""May"", ""timex_type"": ""DATE"", ""timex_value"": ""2008-05""}, {""text"": ""This includes EIT Climate-KIC supporting the European Green Deal in building low-carbon, climate resilient future through research and innovation, such as through the NetZeroCities project to support 100 European cities to cut down on greenhouse gas emissions to achieve climate neutrality; WHEREAS EIT Climate-KIC, as an EIT Knowledge and Innovation Community contributes to the European Union's and EITs international cooperation objectives in full alignment with the Commission Communication on Global Approach (May 2021)1, the https:/Jec.europa.eu/info/sites/default/files/research and innovation/strategy on research and innovation/doc uments/ec rtd com2021-252.pdf 2 Council Conclusions on Global approach to Research and Innovation - Europe's strategy for international cooperation in a changing world (September 2021)2, the Horizon Europe Regulation (April 2021)3 and the EIT Strategic Framework for EIT Community Global Outreach Activities (June 2019)4; WHEREAS OPR, the California Environmental Protection Agency (CalEPA), the California Natural Resources Agency (CNRA), the Governor's Offices of Business and Economic Development (GO-Biz), and the Coast to Coast Initiative are leading efforts to collaborate with partners to effect systemic change in a manner that benefits all segments of society, especially disadvantaged communities, and develop an economic recovery plan, land use strategy, and a transportation program to accelerate the adoption of innovation that enables the State to reach its stated climate change objectives; WHEREAS the EU released its \""Sustainable and Smart Mobility Strategy\"" for the next seven years (December 9, 2020) and the State of California finalized its \""ZEV Market Development Strategy\"" to meet the 2035 100% Zero Emission Vehicle Mandate (February 2, 2021); WHEREAS Both parties are looking for partners to share learning experiences, develop collaborative programs, and employ new investment instruments with the intention to accelerate both regional and global progress on climate change; WHEREAS since the first talks regarding a possible MOU started in the Summer of 2019, parties have already successfully started and/or completed various projects: a."", ""timex_text"": ""September"", ""timex_type"": ""DATE"", ""timex_value"": ""2008-09""}, {""text"": ""This includes EIT Climate-KIC supporting the European Green Deal in building low-carbon, climate resilient future through research and innovation, such as through the NetZeroCities project to support 100 European cities to cut down on greenhouse gas emissions to achieve climate neutrality; WHEREAS EIT Climate-KIC, as an EIT Knowledge and Innovation Community contributes to the European Union's and EITs international cooperation objectives in full alignment with the Commission Communication on Global Approach (May 2021)1, the https:/Jec.europa.eu/info/sites/default/files/research and innovation/strategy on research and innovation/doc uments/ec rtd com2021-252.pdf 2 Council Conclusions on Global approach to Research and Innovation - Europe's strategy for international cooperation in a changing world (September 2021)2, the Horizon Europe Regulation (April 2021)3 and the EIT Strategic Framework for EIT Community Global Outreach Activities (June 2019)4; WHEREAS OPR, the California Environmental Protection Agency (CalEPA), the California Natural Resources Agency (CNRA), the Governor's Offices of Business and Economic Development (GO-Biz), and the Coast to Coast Initiative are leading efforts to collaborate with partners to effect systemic change in a manner that benefits all segments of society, especially disadvantaged communities, and develop an economic recovery plan, land use strategy, and a transportation program to accelerate the adoption of innovation that enables the State to reach its stated climate change objectives; WHEREAS the EU released its \""Sustainable and Smart Mobility Strategy\"" for the next seven years (December 9, 2020) and the State of California finalized its \""ZEV Market Development Strategy\"" to meet the 2035 100% Zero Emission Vehicle Mandate (February 2, 2021); WHEREAS Both parties are looking for partners to share learning experiences, develop collaborative programs, and employ new investment instruments with the intention to accelerate both regional and global progress on climate change; WHEREAS since the first talks regarding a possible MOU started in the Summer of 2019, parties have already successfully started and/or completed various projects: a."", ""timex_text"": ""April"", ""timex_type"": ""DATE"", ""timex_value"": ""2008-04""}, {""text"": ""This includes EIT Climate-KIC supporting the European Green Deal in building low-carbon, climate resilient future through research and innovation, such as through the NetZeroCities project to support 100 European cities to cut down on greenhouse gas emissions to achieve climate neutrality; WHEREAS EIT Climate-KIC, as an EIT Knowledge and Innovation Community contributes to the European Union's and EITs international cooperation objectives in full alignment with the Commission Communication on Global Approach (May 2021)1, the https:/Jec.europa.eu/info/sites/default/files/research and innovation/strategy on research and innovation/doc uments/ec rtd com2021-252.pdf 2 Council Conclusions on Global approach to Research and Innovation - Europe's strategy for international cooperation in a changing world (September 2021)2, the Horizon Europe Regulation (April 2021)3 and the EIT Strategic Framework for EIT Community Global Outreach Activities (June 2019)4; WHEREAS OPR, the California Environmental Protection Agency (CalEPA), the California Natural Resources Agency (CNRA), the Governor's Offices of Business and Economic Development (GO-Biz), and the Coast to Coast Initiative are leading efforts to collaborate with partners to effect systemic change in a manner that benefits all segments of society, especially disadvantaged communities, and develop an economic recovery plan, land use strategy, and a transportation program to accelerate the adoption of innovation that enables the State to reach its stated climate change objectives; WHEREAS the EU released its \""Sustainable and Smart Mobility Strategy\"" for the next seven years (December 9, 2020) and the State of California finalized its \""ZEV Market Development Strategy\"" to meet the 2035 100% Zero Emission Vehicle Mandate (February 2, 2021); WHEREAS Both parties are looking for partners to share learning experiences, develop collaborative programs, and employ new investment instruments with the intention to accelerate both regional and global progress on climate change; WHEREAS since the first talks regarding a possible MOU started in the Summer of 2019, parties have already successfully started and/or completed various projects: a."", ""timex_text"": ""June"", ""timex_type"": ""DATE"", ""timex_value"": ""2008-06""}]",& TECHNOLOGY CLIMATE KNOWLEDGE AND INNOVATION COMMUNITY (EIT CLIMATE-KIC) AND THE GOVERNOR'S OFFICE PLANNING AND RESEARC…,
California/11212021,California,d:\NLP_Project_tasks_6_8_11\OCR_output\California\11212021.txt,2021-01-21,,"a five
year period",,found,"[{""text"": ""MEMORANDUM OF UNDERSTANDING BETWEEN MINISTRY OF FOOD, AGRICULTURE AND FISHERIES OF DENMARK AND THE CALIFORNIA DEPARTMENT OF FOOD AND AGRICULTURE OF THE STATE OF CALIFORNIA OF THE UNITED STATES OF AMERICA The Ministry of Food, Agriculture and Fisheries of Denmark and the California Department of Food and Agriculture hereinafter referred to as \""the Participants\""; WHEREAS considering the strategic role of agriculture in addressing current global, national, regional, and local food security needs and environmental challenges relating to the climate change and aspiring to show global leadership, while ensuring that local agricultural sectors stay competitive in an evolving national and international marketplace; WHEREAS recognizing that dairy operations in California and Denmark already are amongst the most efficient and innovative globally and that there are opportunities to explore and reimagine the dairy farm of the future to produce more efficiently and with a smaller environmental footprint."", ""timex_text"": ""current"", ""timex_type"": ""DATE"", ""timex_value"": ""PRESENT_REF""}, {""text"": ""This will be achieved through initiatives focused particularly on, but not limited to, the following areas of cooperation: a) Exchange of information regarding policies and regulations, governance models, and documentation; b) Intergovernmental and international visits involving policymakers, regulators, academic institutions, and businesses; Joint activities such as organization of and participation in seminars, workshops, and meetings to share information and practices, educate key stakeholders, and promote ties between our two agricultural sectors twice annually; d) Facilitation of innovative partnerships, bringing together parties from public, private and academic entities, bilaterally or multilaterally, to co-develop new technologies and solutions."", ""timex_text"": ""annually"", ""timex_type"": ""SET"", ""timex_value"": ""XXXX""}, {""text"": ""This will be achieved through initiatives focused particularly on, but not limited to, the following areas of cooperation: a) Exchange of information regarding policies and regulations, governance models, and documentation; b) Intergovernmental and international visits involving policymakers, regulators, academic institutions, and businesses; Joint activities such as organization of and participation in seminars, workshops, and meetings to share information and practices, educate key stakeholders, and promote ties between our two agricultural sectors twice annually; d) Facilitation of innovative partnerships, bringing together parties from public, private and academic entities, bilaterally or multilaterally, to co-develop new technologies and solutions."", ""timex_text"": ""annually"", ""timex_type"": ""SET"", ""timex_value"": ""XXXX""}, {""text"": ""A Participant who 5 intends to withdraw from this MOU shall endeavor to provide notice of such withdrawal to other Participants 60 days in advance."", ""timex_text"": ""60 days"", ""timex_type"": ""DURATION"", ""timex_value"": ""P60D""}, {""text"": ""Signed in Sacramento and Copenhagen on January 21, 2021."", ""timex_text"": ""January 21, 2021"", ""timex_type"": ""DATE"", ""timex_value"": ""2021-01-21""}]","MEMORANDUM OF UNDERSTANDING BETWEEN MINISTRY OF FOOD, AGRICULTURE AND FISHERIES OF DENMARK AND THE CALIFORNIA DEPARTMENT…",
California/112122022,California,d:\NLP_Project_tasks_6_8_11\OCR_output\California\112122022.txt,2022-12-12,,three years,,found,"[{""text"": ""Paragraph 7 Final Provisions This LOI is effective from the date of its signature for three years."", ""timex_text"": ""three years"", ""timex_type"": ""DURATION"", ""timex_value"": ""P3Y""}, {""text"": ""A Party that intends to withdraw from this LOI shall endeavor to provide notice of such withdrawal to the other Party 30 days in advance."", ""timex_text"": ""30 days"", ""timex_type"": ""DURATION"", ""timex_value"": ""P30D""}, {""text"": ""This Letter of Intent is signed by Executive Director Wada Takashi in Kaunsnki, Japai on Dec 12 2022 and by Chair David Hochschild in Saxscamcash.Ccalifornia on Decemier 14,2022 FOR THE NEW ENERGY AND INDUSTRIAL TECHNOLOGY DEVELOPMENT ORGANIZATION A APia 1N Wada Takashi, Executive Director FOR THE CALIFORNIA ENERGY COMMISSION David Hochschild, Chair"", ""timex_text"": ""Dec 12 2022"", ""timex_type"": ""DATE"", ""timex_value"": ""2022-12-12""}]",Paragraph 7 Final Provisions This LOI is effective from the date of its signature for three years.,
California/1282023 (1),California,d:\NLP_Project_tasks_6_8_11\OCR_output\California\1282023 (1).txt,2024-12-31,2050-02-01,60 days,explicit,found,"[{""text"": ""In 2015, Denmark committed to the Paris Climate Accords and California committed to the Under2 Coalition."", ""timex_text"": ""2015"", ""timex_type"": ""DATE"", ""timex_value"": ""2015""}, {""text"": ""In 2015, Denmark committed to the Paris Climate Accords and California committed to the Under2 Coalition."", ""timex_text"": ""2015"", ""timex_type"": ""DATE"", ""timex_value"": ""2015""}, {""text"": ""Coalition members pledge to limit greenhouse gas emissions to 2 tons per capita or 80 to 95 percent below 1990 levels by 2050."", ""timex_text"": ""2050"", ""timex_type"": ""DATE"", ""timex_value"": ""2050""}, {""text"": ""Denmark became an Endorsing Partner to the Under2 Coalition Memorandum of Understanding in February, 2017; WHEREAS Denmark has experience and history in developing offshore wind energy facilities and California is assessing a range of considerations for deploying floating wind energy facilities offshore the coast of California; WHEREAS Denmark has robust policies and programs to reduce energy consumption and greenhouse gas emissions from industry and buildings, and California as the fifth largest economy in the world has significant energy consumption and emissions from the building, industrial, and agricultural sectors; WHEREAS Denmark has committed to and invested in projects developing hydrogen and carbon capture technologies that may have applications in California to reduce emissions; WHEREAS California and Denmark currently have Memoranda of Understanding on energy efficiency and the development of offshore wind that are set to expire by 2022; Therefore, the Participants have reached the following understanding: 2 SECTION I Objective The purpose of this Memorandum of Understanding is to establish a flexible framework between the Participants to promote sharing of knowledge, experiences, data, and best practices relevant to offshore wind energy and the decarbonization of the industrial and building sectors."", ""timex_text"": ""February"", ""timex_type"": ""DATE"", ""timex_value"": ""2050-02""}, {""text"": ""Denmark became an Endorsing Partner to the Under2 Coalition Memorandum of Understanding in February, 2017; WHEREAS Denmark has experience and history in developing offshore wind energy facilities and California is assessing a range of considerations for deploying floating wind energy facilities offshore the coast of California; WHEREAS Denmark has robust policies and programs to reduce energy consumption and greenhouse gas emissions from industry and buildings, and California as the fifth largest economy in the world has significant energy consumption and emissions from the building, industrial, and agricultural sectors; WHEREAS Denmark has committed to and invested in projects developing hydrogen and carbon capture technologies that may have applications in California to reduce emissions; WHEREAS California and Denmark currently have Memoranda of Understanding on energy efficiency and the development of offshore wind that are set to expire by 2022; Therefore, the Participants have reached the following understanding: 2 SECTION I Objective The purpose of this Memorandum of Understanding is to establish a flexible framework between the Participants to promote sharing of knowledge, experiences, data, and best practices relevant to offshore wind energy and the decarbonization of the industrial and building sectors."", ""timex_text"": ""2017"", ""timex_type"": ""DATE"", ""timex_value"": ""2017""}]","In 2015, Denmark committed to the Paris Climate Accords and California committed to the Under2 Coalition.",
California/1282023,California,d:\NLP_Project_tasks_6_8_11\OCR_output\California\1282023.txt,2024-12-31,2050-02-01,60 days,explicit,found,"[{""text"": ""In 2015, Denmark committed to the Paris Climate Accords and California committed to the Under2 Coalition."", ""timex_text"": ""2015"", ""timex_type"": ""DATE"", ""timex_value"": ""2015""}, {""text"": ""In 2015, Denmark committed to the Paris Climate Accords and California committed to the Under2 Coalition."", ""timex_text"": ""2015"", ""timex_type"": ""DATE"", ""timex_value"": ""2015""}, {""text"": ""Coalition members pledge to limit greenhouse gas emissions to 2 tons per capita or 80 to 95 percent below 1990 levels by 2050."", ""timex_text"": ""2050"", ""timex_type"": ""DATE"", ""timex_value"": ""2050""}, {""text"": ""Denmark became an Endorsing Partner to the Under2 Coalition Memorandum of Understanding in February, 2017; WHEREAS Denmark has experience and history in developing offshore wind energy facilities and California is assessing a range of considerations for deploying floating wind energy facilities offshore the coast of California; WHEREAS Denmark has robust policies and programs to reduce energy consumption and greenhouse gas emissions from industry and buildings, and California as the fifth largest economy in the world has significant energy consumption and emissions from the building, industrial, and agricultural sectors; WHEREAS Denmark has committed to and invested in projects developing hydrogen and carbon capture technologies that may have applications in California to reduce emissions; WHEREAS California and Denmark currently have Memoranda of Understanding on energy efficiency and the development of offshore wind that are set to expire by 2022; Therefore, the Participants have reached the following understanding: 2 SECTION I Objective The purpose of this Memorandum of Understanding is to establish a flexible framework between the Participants to promote sharing of knowledge, experiences, data, and best practices relevant to offshore wind energy and the decarbonization of the industrial and building sectors."", ""timex_text"": ""February"", ""timex_type"": ""DATE"", ""timex_value"": ""2050-02""}, {""text"": ""Denmark became an Endorsing Partner to the Under2 Coalition Memorandum of Understanding in February, 2017; WHEREAS Denmark has experience and history in developing offshore wind energy facilities and California is assessing a range of considerations for deploying floating wind energy facilities offshore the coast of California; WHEREAS Denmark has robust policies and programs to reduce energy consumption and greenhouse gas emissions from industry and buildings, and California as the fifth largest economy in the world has significant energy consumption and emissions from the building, industrial, and agricultural sectors; WHEREAS Denmark has committed to and invested in projects developing hydrogen and carbon capture technologies that may have applications in California to reduce emissions; WHEREAS California and Denmark currently have Memoranda of Understanding on energy efficiency and the development of offshore wind that are set to expire by 2022; Therefore, the Participants have reached the following understanding: 2 SECTION I Objective The purpose of this Memorandum of Understanding is to establish a flexible framework between the Participants to promote sharing of knowledge, experiences, data, and best practices relevant to offshore wind energy and the decarbonization of the industrial and building sectors."", ""timex_text"": ""2017"", ""timex_type"": ""DATE"", ""timex_value"": ""2017""}]","In 2015, Denmark committed to the Paris Climate Accords and California committed to the Under2 Coalition.",
California/13112022,California,d:\NLP_Project_tasks_6_8_11\OCR_output\California\13112022.txt,2022-03-11,,"a five
year period",,found,"[{""text"": ""As Mediterranean climates, both regions are important to global food production and security; AND CONSIDERING the strategic role of agriculture in addressing current global, national, regional, and local food security needs and environmental challenges, the Participants are committed to ensuring that local agricultural sectors stay competitive in an evolving national and international marketplace, while continuously adapting on-farm practices to address climate change; WHEREAS ongoing collaboration between the Participants will help to inform on climate smart agricultural practices through exchanges and connections between farmers, ranchers, academia and government."", ""timex_text"": ""current"", ""timex_type"": ""DATE"", ""timex_value"": ""PRESENT_REF""}, {""text"": ""In doing so, the Participants share the following common objectives: a) Expand the exchange of information, on-farm practices and technologies to support a robust and climate resilient agricultural sector; b) Work collaboratively to further international engagement by sub-national governments on climate smart agricultural initiatives; SECTION II Areas of Cooperation The Participants intend to expand the exchange of information, on-farm practices and technologies to support a robusta and climate resilient agricultural sector, through initiatives focused particularly on, but not limited to, the following areas of cooperation: a) Improve water-use efficiency with specific reference to groundwater modeling and remote sensing; b) Modeling the impact of climate change on the agricultural sector; c) Exchange ofi information regarding policies and regulations, governance models, and documentation; d) Intergovernmental and international visits involving policymakers, regulators, academic institutions, and businesses; e) Joint activities such as organization of and participation in seminars, workshops, and meetings to share information and practices, educate key stakeholders, and promote ties between our two agricultural sectors twice annually; f) Facilitation of innovative partnerships, bringing together parties from public, private and academic entities, bilaterally or multilaterally, to co-develop new technologies and solutions."", ""timex_text"": ""annually"", ""timex_type"": ""SET"", ""timex_value"": ""XXXX""}, {""text"": ""In doing so, the Participants share the following common objectives: a) Expand the exchange of information, on-farm practices and technologies to support a robust and climate resilient agricultural sector; b) Work collaboratively to further international engagement by sub-national governments on climate smart agricultural initiatives; SECTION II Areas of Cooperation The Participants intend to expand the exchange of information, on-farm practices and technologies to support a robusta and climate resilient agricultural sector, through initiatives focused particularly on, but not limited to, the following areas of cooperation: a) Improve water-use efficiency with specific reference to groundwater modeling and remote sensing; b) Modeling the impact of climate change on the agricultural sector; c) Exchange ofi information regarding policies and regulations, governance models, and documentation; d) Intergovernmental and international visits involving policymakers, regulators, academic institutions, and businesses; e) Joint activities such as organization of and participation in seminars, workshops, and meetings to share information and practices, educate key stakeholders, and promote ties between our two agricultural sectors twice annually; f) Facilitation of innovative partnerships, bringing together parties from public, private and academic entities, bilaterally or multilaterally, to co-develop new technologies and solutions."", ""timex_text"": ""annually"", ""timex_type"": ""SET"", ""timex_value"": ""XXXX""}]","As Mediterranean climates, both regions are important to global food production and security; AND CONSIDERING the strate…",
California/13142023,California,d:\NLP_Project_tasks_6_8_11\OCR_output\California\13142023.txt,2023-03-14,2050-01-01,no longer than two years,,found,"[{""text"": ""WHEREAS: The Memorandum of Cooperation on Strengthening Efforts to Combat Climate Change and Economic and Trade Relations Between the Government of Japan and the State of California, The United States of America renewed in 2022 (2022 Japan - California Climate Change and Trade MOCI memorializes intentions from both Japan and California to strengthen and coordinate collective and individual efforts to act on climate change through renewable energy, zero- emission vehicles, transportation and other means."", ""timex_text"": ""2022"", ""timex_type"": ""DATE"", ""timex_value"": ""2022""}, {""text"": ""WHEREAS: The Memorandum of Cooperation on Strengthening Efforts to Combat Climate Change and Economic and Trade Relations Between the Government of Japan and the State of California, The United States of America renewed in 2022 (2022 Japan - California Climate Change and Trade MOCI memorializes intentions from both Japan and California to strengthen and coordinate collective and individual efforts to act on climate change through renewable energy, zero- emission vehicles, transportation and other means."", ""timex_text"": ""2022"", ""timex_type"": ""DATE"", ""timex_value"": ""2022""}, {""text"": ""WHEREAS: The Memorandum of Cooperation on Strengthening Efforts to Combat Climate Change and Economic and Trade Relations Between the Government of Japan and the State of California, The United States of America renewed in 2022 (2022 Japan - California Climate Change and Trade MOCI memorializes intentions from both Japan and California to strengthen and coordinate collective and individual efforts to act on climate change through renewable energy, zero- emission vehicles, transportation and other means."", ""timex_text"": ""2022"", ""timex_type"": ""DATE"", ""timex_value"": ""2022""}, {""text"": ""WHEREAS: The State of California recognizes the urgent need to reduce greenhouse gas emissions and recently passed Assembly Bill (AB) 1279, codifying the goal to reach carbon neutrality by 2045, and to reduce anthropogenic greenhouse gas emissions 85 percent below 1990 levels by 2045."", ""timex_text"": ""recently"", ""timex_type"": ""DATE"", ""timex_value"": ""PAST_REF""}, {""text"": ""WHEREAS: The State of California recognizes the urgent need to reduce greenhouse gas emissions and recently passed Assembly Bill (AB) 1279, codifying the goal to reach carbon neutrality by 2045, and to reduce anthropogenic greenhouse gas emissions 85 percent below 1990 levels by 2045."", ""timex_text"": ""1279"", ""timex_type"": ""DATE"", ""timex_value"": ""1279""}]",WHEREAS: The Memorandum of Cooperation on Strengthening Efforts to Combat Climate Change and Economic and Trade Relation…,
California/13212022,California,d:\NLP_Project_tasks_6_8_11\OCR_output\California\13212022.txt,2022-03-21,2050-01-01,a four-year period,,found,"[{""text"": ""In this regard, the Californian side welcomed the Japanese side's declaration that by 2050 Japan will aim to reduce greenhouse gas emissions to net-zero; Trade and investment, including economic and business development activities related to the clean technology sector through the enhancement of business relationships, promotion of mutual investment, and the facilitation of collaboration between Japanese and Californian entrepreneurs through (but not limited to) California's innovation hub (iHub) network, trade delegations, and public-private partnerships."", ""timex_text"": ""2050"", ""timex_type"": ""DATE"", ""timex_value"": ""2050""}, {""text"": ""SECTION IX Final Provisions The cooperation under this MOC commences on the date ofits signature, for a four-year period, unless renewed or extended by thel Participants in the same manner thati the Participants may otherwise modify this MOC."", ""timex_text"": ""a four-year period"", ""timex_type"": ""DURATION"", ""timex_value"": ""P4Y""}, {""text"": ""Each Participant will endeavor to provide a written notice tot the other Participant 45 days in advance ofthe decision to withdraw."", ""timex_text"": ""45 days"", ""timex_type"": ""DURATION"", ""timex_value"": ""P45D""}, {""text"": ""Signed in Sacramento, California on March 21, 2022, in two original copies in English and Japanese both texts having equal value."", ""timex_text"": ""March 21, 2022"", ""timex_type"": ""DATE"", ""timex_value"": ""2022-03-21""}]","In this regard, the Californian side welcomed the Japanese side's declaration that by 2050 Japan will aim to reduce gree…",
California/1352021,California,d:\NLP_Project_tasks_6_8_11\OCR_output\California\1352021.txt,2021-03-01,2021-03-05,6 months,,found,"[{""text"": ""MEMORANDUM OF UNDERSTANDING BETWEEN THE STATE OF CALIFORNIA AND JAPAN BANK FOR INTERNATIONAL COOPERATION This Memorandum of Understanding (\""MOU\"") is agreed upon as of March 5th, 2021 by the California Governor's Office of Business and Economic Development (\""GO-Biz\"") and Japan Bank for International Cooperation (\""JBIC\"") (hereinafter referred to as the \""Parties\"")."", ""timex_text"": ""March 5th, 2021"", ""timex_type"": ""DATE"", ""timex_value"": ""2021-03-05""}, {""text"": ""WHEREAS, California and Japan, as neighbors on either side of the Pacific Ocean, have a long relationship dating back to the arrival of the first Japanese mission to the United States of America (the \""U.S.\"") in San Francisco in 1860."", ""timex_text"": ""1860"", ""timex_type"": ""DATE"", ""timex_value"": ""1860""}, {""text"": ""WHEREAS, Today, this strong relationship is evidenced by the fact that Japan is one of the largest exporting and importing partners for California and that Japanese companies are the largest foreign employer of Californians."", ""timex_text"": ""Today"", ""timex_type"": ""DATE"", ""timex_value"": ""PRESENT_REF""}, {""text"": ""SECTION IV Specific Activities The Parties shall endeavor to develop cooperation in the following ways: 4.1 GO-Biz and JBIC will share relevant information regarding policies such as applicable legal and regulatory frameworks, economic policy and investment incentives or product offerings (California state incentives, JBIC financial product offerings, etc.), and specific projects ongoing in California in which Japanese companies might consider participating or are already participants; 4.2 The Parties will communicate closely with one another and representatives of the Parties will have a meeting at least annually to exchange views and information with respect to agreed upon policies and projects."", ""timex_text"": ""annually"", ""timex_type"": ""SET"", ""timex_value"": ""XXXX""}, {""text"": ""The timing of the first meeting and its details will be discussed within 6 months from the signature of this MOU; 4.3 The Parties will aim to hold joint workshops or seminars in California, Japan, or by webinar, as appropriate, in order to (i) conduct the activities referred to above or (ii) to promote collaboration between Japanese companies and 3 companies in California."", ""timex_text"": ""6 months"", ""timex_type"": ""DURATION"", ""timex_value"": ""P6M""}]",MEMORANDUM OF UNDERSTANDING BETWEEN THE STATE OF CALIFORNIA AND JAPAN BANK FOR INTERNATIONAL COOPERATION This Memorandum…,
California/1392021,California,d:\NLP_Project_tasks_6_8_11\OCR_output\California\1392021.txt,2017-09-19,2021-03-09,"60
days",,found,"[{""text"": ""22 w2 MEMORANDUM OF UNDERSTANDING BETWEEN THE DANISH MINISTRY OF ENVIRONMENT AND THE CALIFORNIA ENVIRONMENTAL AGENCY AND THE CALIFORNIA NATURAL S RESOURCES AGENCY OF THE STATE OF CALIFORNIA OF THE UNITED STATES OF AMERICA The Danish Ministry of Environment and the California Environmental Agency and the California Natural Resources Agency of the State of California of the United States of America, hereinafter referred to as \""the Participants\"", agree as follows; WHEREAS the Participants to this Memorandum of Understanding are parties to a previous Memorandum of Understanding signed September 19, 2017; WHEREAS the subsequent collaboration under the previous Memorandum of Understanding positively impacted water and climate awareness and facilitated the transfer of knowledge between the Participants; WHEREAS water issues have a strategic role in addressing current global, national, regional, and local challenges, including climate change and water pollution; WHEREAS efficient wastewater and water use technologies reduce greenhouse gas emissions from the water sector to further the mitigation of climate change; and WHEREAS the Participants wish to promote mutually beneficial cooperation in the field of water resource management and development and use of water technology, including more robust data generation and management tools, digitization of water data, and communication with users to further water conservation and efficient resource utilization."", ""timex_text"": ""September 19, 2017"", ""timex_type"": ""DATE"", ""timex_value"": ""2017-09-19""}, {""text"": ""22 w2 MEMORANDUM OF UNDERSTANDING BETWEEN THE DANISH MINISTRY OF ENVIRONMENT AND THE CALIFORNIA ENVIRONMENTAL AGENCY AND THE CALIFORNIA NATURAL S RESOURCES AGENCY OF THE STATE OF CALIFORNIA OF THE UNITED STATES OF AMERICA The Danish Ministry of Environment and the California Environmental Agency and the California Natural Resources Agency of the State of California of the United States of America, hereinafter referred to as \""the Participants\"", agree as follows; WHEREAS the Participants to this Memorandum of Understanding are parties to a previous Memorandum of Understanding signed September 19, 2017; WHEREAS the subsequent collaboration under the previous Memorandum of Understanding positively impacted water and climate awareness and facilitated the transfer of knowledge between the Participants; WHEREAS water issues have a strategic role in addressing current global, national, regional, and local challenges, including climate change and water pollution; WHEREAS efficient wastewater and water use technologies reduce greenhouse gas emissions from the water sector to further the mitigation of climate change; and WHEREAS the Participants wish to promote mutually beneficial cooperation in the field of water resource management and development and use of water technology, including more robust data generation and management tools, digitization of water data, and communication with users to further water conservation and efficient resource utilization."", ""timex_text"": ""current"", ""timex_type"": ""DATE"", ""timex_value"": ""PRESENT_REF""}, {""text"": ""During the three months in which both Memoranda of Understanding remain in effect, this Memorandum of Understanding shall supplement the terms of the prior Memorandum of Understanding."", ""timex_text"": ""the three months"", ""timex_type"": ""DURATION"", ""timex_value"": ""P3M""}, {""text"": ""Signed in Sacramento, California and Copenhagen, Denmark, on March 9, 2021, in three original copies in English."", ""timex_text"": ""March 9, 2021"", ""timex_type"": ""DATE"", ""timex_value"": ""2021-03-09""}]",22 w2 MEMORANDUM OF UNDERSTANDING BETWEEN THE DANISH MINISTRY OF ENVIRONMENT AND THE CALIFORNIA ENVIRONMENTAL AGENCY AND…,
California/1392022,California,d:\NLP_Project_tasks_6_8_11\OCR_output\California\1392022.txt,2023-12-09,2023-12-09,two-year term,explicit,found,"[{""text"": ""AEEJ Desarrollo Aprewodestrvnke de Jalisco Economico ENERGY COMMISSIO Jalisco GOBIERNO DEL ESTAOO MEMORANDUM OF UNDERSTANDING BETWEEN THE GOVERNMENT OF THE STATE OF JALISCO OF THE UNITED MEXICAN STATES AND THE ENERGY RESOURCES CONSERVATION AND DEVELOPMENT COMMISSION OF THE STATE OF CALIFORNIA OF THE UNITED STATES OF AMERICA ON COOPERATION ON CLEAN ENERGYPOLICIES AND PROGRAMS This Memorandum of Understanding is entered into between the Government of the State of Jalisco of the United Mexican States, through the Ministry of Economic Development (\""Jalisco\""), and the Energy Resources Conservation and Development Commission of the State of California of the United States of America (\""California Energy Commission\""), collectively, hereinafter referred to as \""the Participants\""; WHEREAS, on August 30, 2016, the Participants entered into a Memorandum of Understanding between the State of Jalisco of the United Mexican States and the California Energy Commission on Cooperation on Clean Energy Policies and Programs; WHEREAS, the initial two-year term of the Memorandum of Understanding signed by the Participants in 2016 remained in effect until August 30, 2018; RECOGNIZING the value of the knowledge, experiences, data, and best practices shared between the Participants, the Participants wish to enter into a Memorandum of Understanding again; Therefore, the Participants have reached the following understanding: SECTION I Objective The objective of this Memorandum of Understanding is to encourage future collaboration for the development of clean energy policies and programs between the Participants on the basis of equality and mutual benefit."", ""timex_text"": ""August 30, 2016"", ""timex_type"": ""DATE"", ""timex_value"": ""2016-08-30""}, {""text"": ""AEEJ Desarrollo Aprewodestrvnke de Jalisco Economico ENERGY COMMISSIO Jalisco GOBIERNO DEL ESTAOO MEMORANDUM OF UNDERSTANDING BETWEEN THE GOVERNMENT OF THE STATE OF JALISCO OF THE UNITED MEXICAN STATES AND THE ENERGY RESOURCES CONSERVATION AND DEVELOPMENT COMMISSION OF THE STATE OF CALIFORNIA OF THE UNITED STATES OF AMERICA ON COOPERATION ON CLEAN ENERGYPOLICIES AND PROGRAMS This Memorandum of Understanding is entered into between the Government of the State of Jalisco of the United Mexican States, through the Ministry of Economic Development (\""Jalisco\""), and the Energy Resources Conservation and Development Commission of the State of California of the United States of America (\""California Energy Commission\""), collectively, hereinafter referred to as \""the Participants\""; WHEREAS, on August 30, 2016, the Participants entered into a Memorandum of Understanding between the State of Jalisco of the United Mexican States and the California Energy Commission on Cooperation on Clean Energy Policies and Programs; WHEREAS, the initial two-year term of the Memorandum of Understanding signed by the Participants in 2016 remained in effect until August 30, 2018; RECOGNIZING the value of the knowledge, experiences, data, and best practices shared between the Participants, the Participants wish to enter into a Memorandum of Understanding again; Therefore, the Participants have reached the following understanding: SECTION I Objective The objective of this Memorandum of Understanding is to encourage future collaboration for the development of clean energy policies and programs between the Participants on the basis of equality and mutual benefit."", ""timex_text"": ""two-year term"", ""timex_type"": ""DURATION"", ""timex_value"": ""P2Y""}, {""text"": ""AEEJ Desarrollo Aprewodestrvnke de Jalisco Economico ENERGY COMMISSIO Jalisco GOBIERNO DEL ESTAOO MEMORANDUM OF UNDERSTANDING BETWEEN THE GOVERNMENT OF THE STATE OF JALISCO OF THE UNITED MEXICAN STATES AND THE ENERGY RESOURCES CONSERVATION AND DEVELOPMENT COMMISSION OF THE STATE OF CALIFORNIA OF THE UNITED STATES OF AMERICA ON COOPERATION ON CLEAN ENERGYPOLICIES AND PROGRAMS This Memorandum of Understanding is entered into between the Government of the State of Jalisco of the United Mexican States, through the Ministry of Economic Development (\""Jalisco\""), and the Energy Resources Conservation and Development Commission of the State of California of the United States of America (\""California Energy Commission\""), collectively, hereinafter referred to as \""the Participants\""; WHEREAS, on August 30, 2016, the Participants entered into a Memorandum of Understanding between the State of Jalisco of the United Mexican States and the California Energy Commission on Cooperation on Clean Energy Policies and Programs; WHEREAS, the initial two-year term of the Memorandum of Understanding signed by the Participants in 2016 remained in effect until August 30, 2018; RECOGNIZING the value of the knowledge, experiences, data, and best practices shared between the Participants, the Participants wish to enter into a Memorandum of Understanding again; Therefore, the Participants have reached the following understanding: SECTION I Objective The objective of this Memorandum of Understanding is to encourage future collaboration for the development of clean energy policies and programs between the Participants on the basis of equality and mutual benefit."", ""timex_text"": ""2016"", ""timex_type"": ""DATE"", ""timex_value"": ""2016""}, {""text"": ""AEEJ Desarrollo Aprewodestrvnke de Jalisco Economico ENERGY COMMISSIO Jalisco GOBIERNO DEL ESTAOO MEMORANDUM OF UNDERSTANDING BETWEEN THE GOVERNMENT OF THE STATE OF JALISCO OF THE UNITED MEXICAN STATES AND THE ENERGY RESOURCES CONSERVATION AND DEVELOPMENT COMMISSION OF THE STATE OF CALIFORNIA OF THE UNITED STATES OF AMERICA ON COOPERATION ON CLEAN ENERGYPOLICIES AND PROGRAMS This Memorandum of Understanding is entered into between the Government of the State of Jalisco of the United Mexican States, through the Ministry of Economic Development (\""Jalisco\""), and the Energy Resources Conservation and Development Commission of the State of California of the United States of America (\""California Energy Commission\""), collectively, hereinafter referred to as \""the Participants\""; WHEREAS, on August 30, 2016, the Participants entered into a Memorandum of Understanding between the State of Jalisco of the United Mexican States and the California Energy Commission on Cooperation on Clean Energy Policies and Programs; WHEREAS, the initial two-year term of the Memorandum of Understanding signed by the Participants in 2016 remained in effect until August 30, 2018; RECOGNIZING the value of the knowledge, experiences, data, and best practices shared between the Participants, the Participants wish to enter into a Memorandum of Understanding again; Therefore, the Participants have reached the following understanding: SECTION I Objective The objective of this Memorandum of Understanding is to encourage future collaboration for the development of clean energy policies and programs between the Participants on the basis of equality and mutual benefit."", ""timex_text"": ""August 30, 2018"", ""timex_type"": ""DATE"", ""timex_value"": ""2018-08-30""}, {""text"": ""SECTION III Coordination The Participants may choose to meet annually and develop annual work plans focused on the areas of cooperation identified in Section Il."", ""timex_text"": ""annually"", ""timex_type"": ""SET"", ""timex_value"": ""XXXX""}]",AEEJ Desarrollo Aprewodestrvnke de Jalisco Economico ENERGY COMMISSIO Jalisco GOBIERNO DEL ESTAOO MEMORANDUM OF UNDERSTA…,
California/14182022,California,d:\NLP_Project_tasks_6_8_11\OCR_output\California\14182022.txt,2018-11-08,2060-01-01,Five Year,,found,"[{""text"": ""And the State ofCalifornia ofthe United States ofAmerica which took effect on November 8, 2018, but has now expired; WHEREAS California has strong climate mitigation policies, including reducing greenhouse gas emissions 40% below 1990 levels by 2030, 50% renewable energy and doubling of energy efficiency by 2030, and achieving carbon neutrality by 2045; WHEREAS China is committed to improving air quality and aims to reduce greenhouse gas emissions, with the goal to peak its carbon emission before 2030 and try to achieve carbon neutrality by 2060; WHEREAS the Participants are committed to enhancing actions and policies to further strengthen and coordinate efforts to combat climate change and protect the environment; Therefore, the Participants have reached the following understanding: SECTION."", ""timex_text"": ""November 8, 2018"", ""timex_type"": ""DATE"", ""timex_value"": ""2018-11-08""}, {""text"": ""And the State ofCalifornia ofthe United States ofAmerica which took effect on November 8, 2018, but has now expired; WHEREAS California has strong climate mitigation policies, including reducing greenhouse gas emissions 40% below 1990 levels by 2030, 50% renewable energy and doubling of energy efficiency by 2030, and achieving carbon neutrality by 2045; WHEREAS China is committed to improving air quality and aims to reduce greenhouse gas emissions, with the goal to peak its carbon emission before 2030 and try to achieve carbon neutrality by 2060; WHEREAS the Participants are committed to enhancing actions and policies to further strengthen and coordinate efforts to combat climate change and protect the environment; Therefore, the Participants have reached the following understanding: SECTION."", ""timex_text"": ""now"", ""timex_type"": ""DATE"", ""timex_value"": ""PRESENT_REF""}, {""text"": ""And the State ofCalifornia ofthe United States ofAmerica which took effect on November 8, 2018, but has now expired; WHEREAS California has strong climate mitigation policies, including reducing greenhouse gas emissions 40% below 1990 levels by 2030, 50% renewable energy and doubling of energy efficiency by 2030, and achieving carbon neutrality by 2045; WHEREAS China is committed to improving air quality and aims to reduce greenhouse gas emissions, with the goal to peak its carbon emission before 2030 and try to achieve carbon neutrality by 2060; WHEREAS the Participants are committed to enhancing actions and policies to further strengthen and coordinate efforts to combat climate change and protect the environment; Therefore, the Participants have reached the following understanding: SECTION."", ""timex_text"": ""2030"", ""timex_type"": ""DATE"", ""timex_value"": ""2030""}, {""text"": ""And the State ofCalifornia ofthe United States ofAmerica which took effect on November 8, 2018, but has now expired; WHEREAS California has strong climate mitigation policies, including reducing greenhouse gas emissions 40% below 1990 levels by 2030, 50% renewable energy and doubling of energy efficiency by 2030, and achieving carbon neutrality by 2045; WHEREAS China is committed to improving air quality and aims to reduce greenhouse gas emissions, with the goal to peak its carbon emission before 2030 and try to achieve carbon neutrality by 2060; WHEREAS the Participants are committed to enhancing actions and policies to further strengthen and coordinate efforts to combat climate change and protect the environment; Therefore, the Participants have reached the following understanding: SECTION."", ""timex_text"": ""2030"", ""timex_type"": ""DATE"", ""timex_value"": ""2030""}, {""text"": ""And the State ofCalifornia ofthe United States ofAmerica which took effect on November 8, 2018, but has now expired; WHEREAS California has strong climate mitigation policies, including reducing greenhouse gas emissions 40% below 1990 levels by 2030, 50% renewable energy and doubling of energy efficiency by 2030, and achieving carbon neutrality by 2045; WHEREAS China is committed to improving air quality and aims to reduce greenhouse gas emissions, with the goal to peak its carbon emission before 2030 and try to achieve carbon neutrality by 2060; WHEREAS the Participants are committed to enhancing actions and policies to further strengthen and coordinate efforts to combat climate change and protect the environment; Therefore, the Participants have reached the following understanding: SECTION."", ""timex_text"": ""2045"", ""timex_type"": ""DATE"", ""timex_value"": ""2045""}]","And the State ofCalifornia ofthe United States ofAmerica which took effect on November 8, 2018, but has now expired; WHE…",
California/14212023,California,d:\NLP_Project_tasks_6_8_11\OCR_output\California\14212023.txt,2019-10-02,2024-10-04,the two-year term,explicit,found,"[{""text"": ""MEMORANDUM OF UNDERSTANDING BETWEEN THE SECRETARIAT OF THE ENVIRONMENT OF THE GOVERNMENT OF MEXICO CITY OF THE UNITED MEXICAN STATES AND THE GOVERNMENT OF THE STATE OF CALIFORNIA OF THE UNITED STATES OF AMERICA The Secretariat of the Environment of the Government of Mexico City of the United Mexican States (SEDEMA), the California Environmental Protection Agency (CalEPA) and the Energy Resources Conservation and Development Commission, commonly known as the California Energy Commission (CEC), hereinafter referred to as \""the Participants,\"" agree as follows; WHEREAS on October 2, 2019, SEDEMA and the Government of the State of California entered into a Memorandum of Understanding for Strengthening Cooperation on Energy and Environmental Policies and Practices, the two-year term of which ended on October 2, 2021; WHEREAS the subsequent collaboration under the previous Memorandum of Understanding positively impacted the transfer of knowledge on energy and environment between the Participants; ACKNOWLEDGING that climate change threatens every nation, and for the sake of our collective future health and well-being must be addressed at all levels of government through urgent reduction of greenhouse gas emissions and preparation for climate impacts; NOTING the potential for mutual benefit from expanding the current level of cooperation on energy and environmental policies and practices, including, but not limited to, cooperation on policies related to energy efficiency, renewable energy, clean energy technology, pollution abatement, and infrastructure for moving goods, people, and energy resources across the border; STRIVING to develop a mutually beneficial relationship of partnership and cooperation between the Participants consistent with the governing laws of their respective countries; Therefore, the Participants have reached the following understanding: 2 SECTION I Objective The purpose of this Memorandum of Understanding (MOU) is to establish a flexible framework between the Participants in order to permit them to expand cooperation on the basis of equality and mutual benefit in the arenas of energy and environmental policies and practices."", ""timex_text"": ""October 2, 2019"", ""timex_type"": ""DATE"", ""timex_value"": ""2019-10-02""}, {""text"": ""MEMORANDUM OF UNDERSTANDING BETWEEN THE SECRETARIAT OF THE ENVIRONMENT OF THE GOVERNMENT OF MEXICO CITY OF THE UNITED MEXICAN STATES AND THE GOVERNMENT OF THE STATE OF CALIFORNIA OF THE UNITED STATES OF AMERICA The Secretariat of the Environment of the Government of Mexico City of the United Mexican States (SEDEMA), the California Environmental Protection Agency (CalEPA) and the Energy Resources Conservation and Development Commission, commonly known as the California Energy Commission (CEC), hereinafter referred to as \""the Participants,\"" agree as follows; WHEREAS on October 2, 2019, SEDEMA and the Government of the State of California entered into a Memorandum of Understanding for Strengthening Cooperation on Energy and Environmental Policies and Practices, the two-year term of which ended on October 2, 2021; WHEREAS the subsequent collaboration under the previous Memorandum of Understanding positively impacted the transfer of knowledge on energy and environment between the Participants; ACKNOWLEDGING that climate change threatens every nation, and for the sake of our collective future health and well-being must be addressed at all levels of government through urgent reduction of greenhouse gas emissions and preparation for climate impacts; NOTING the potential for mutual benefit from expanding the current level of cooperation on energy and environmental policies and practices, including, but not limited to, cooperation on policies related to energy efficiency, renewable energy, clean energy technology, pollution abatement, and infrastructure for moving goods, people, and energy resources across the border; STRIVING to develop a mutually beneficial relationship of partnership and cooperation between the Participants consistent with the governing laws of their respective countries; Therefore, the Participants have reached the following understanding: 2 SECTION I Objective The purpose of this Memorandum of Understanding (MOU) is to establish a flexible framework between the Participants in order to permit them to expand cooperation on the basis of equality and mutual benefit in the arenas of energy and environmental policies and practices."", ""timex_text"": ""the two-year term"", ""timex_type"": ""DURATION"", ""timex_value"": ""P2Y""}, {""text"": ""MEMORANDUM OF UNDERSTANDING BETWEEN THE SECRETARIAT OF THE ENVIRONMENT OF THE GOVERNMENT OF MEXICO CITY OF THE UNITED MEXICAN STATES AND THE GOVERNMENT OF THE STATE OF CALIFORNIA OF THE UNITED STATES OF AMERICA The Secretariat of the Environment of the Government of Mexico City of the United Mexican States (SEDEMA), the California Environmental Protection Agency (CalEPA) and the Energy Resources Conservation and Development Commission, commonly known as the California Energy Commission (CEC), hereinafter referred to as \""the Participants,\"" agree as follows; WHEREAS on October 2, 2019, SEDEMA and the Government of the State of California entered into a Memorandum of Understanding for Strengthening Cooperation on Energy and Environmental Policies and Practices, the two-year term of which ended on October 2, 2021; WHEREAS the subsequent collaboration under the previous Memorandum of Understanding positively impacted the transfer of knowledge on energy and environment between the Participants; ACKNOWLEDGING that climate change threatens every nation, and for the sake of our collective future health and well-being must be addressed at all levels of government through urgent reduction of greenhouse gas emissions and preparation for climate impacts; NOTING the potential for mutual benefit from expanding the current level of cooperation on energy and environmental policies and practices, including, but not limited to, cooperation on policies related to energy efficiency, renewable energy, clean energy technology, pollution abatement, and infrastructure for moving goods, people, and energy resources across the border; STRIVING to develop a mutually beneficial relationship of partnership and cooperation between the Participants consistent with the governing laws of their respective countries; Therefore, the Participants have reached the following understanding: 2 SECTION I Objective The purpose of this Memorandum of Understanding (MOU) is to establish a flexible framework between the Participants in order to permit them to expand cooperation on the basis of equality and mutual benefit in the arenas of energy and environmental policies and practices."", ""timex_text"": ""current"", ""timex_type"": ""DATE"", ""timex_value"": ""PRESENT_REF""}, {""text"": ""SECTION X Final Provisions This Memorandum of Understanding is valid from the date of its signature, and will be in force until October 4, 2024, after which any Participant may negotiate the extension of this Memorandum of Understanding or formalize a new one."", ""timex_text"": ""October 4, 2024"", ""timex_type"": ""DATE"", ""timex_value"": ""2024-10-04""}, {""text"": ""Signed in Mexico City on April 21, 2023, in two original copies in Spanish and English, both texts being equally authentic."", ""timex_text"": ""April 21, 2023"", ""timex_type"": ""DATE"", ""timex_value"": ""2023-04-21""}]",MEMORANDUM OF UNDERSTANDING BETWEEN THE SECRETARIAT OF THE ENVIRONMENT OF THE GOVERNMENT OF MEXICO CITY OF THE UNITED ME…,
California/14282021,California,d:\NLP_Project_tasks_6_8_11\OCR_output\California\14282021.txt,2021-04-28,2050-01-01,60 days,,found,"[{""text"": ""MEMORANDUM OF UNDERSTANDING BETWEEN INNOVATION NORWAY AND THE GOVERNOR'S OFFICE OF BUSINESS AND ECONOMIC DEVELOPMENT OF THE STATE OF CALIFORNIA OF THE UNITED STATES OF AMERICA Innovation Norway and the Governor's Office of Business and Economic Development (\""GO-Biz\""), hereinafter referred to as \""the Participants, agree as follows; WHEREAS, California and Norway are equally committed to significant climate change action and share the long-term goal of becoming low emission societies by 2050."", ""timex_text"": ""2050"", ""timex_type"": ""DATE"", ""timex_value"": ""2050""}, {""text"": ""Norway has a target to reduce emission by at least 50 percent, but working towards 55 percent, by 2030 and California aims to achieve carbon neutrality by 2045."", ""timex_text"": ""2030"", ""timex_type"": ""DATE"", ""timex_value"": ""2030""}, {""text"": ""Norway has a target to reduce emission by at least 50 percent, but working towards 55 percent, by 2030 and California aims to achieve carbon neutrality by 2045."", ""timex_text"": ""2045"", ""timex_type"": ""DATE"", ""timex_value"": ""2045""}, {""text"": ""and the world, and continues to lead in the research and development of advanced technologies, and GO-Biz is responsible for economic development within the State of California; WHEREAS, Innovation Norway is the Government of Norway's most important instrument for innovation and development of Norwegian enterprises and industry; is owned by the Norwegian Government (the Ministry of Trade, Industry, and Fisheries) (51%) and by the county authorities (49%) with the purpose of creating value by stimulating sustainable growth and business development throughout Norway; and is actively engaged in demonstration and deployment programs focused on innovation, regional business development, clusters, entrepreneurs, scale ups, and exports; WHEREAS, GO-Biz and Innovation Norway have expressed interest in strengthening the relationship with one another, particularly concerning building a sustainable economy; advancing innovation and commercial development in zero-emission vehicles, such as through the recently adopted ZEV Market Development Strategy and through the International Zero Emission Vehicle Alliance, clean technology, renewable energy, and overall the blue-green economy; employing new investment instruments with the intention to accelerate both a regional and global impact on climate change and sustainable development; and developing collaborative programs to further commercial activity and trade."", ""timex_text"": ""recently"", ""timex_type"": ""DATE"", ""timex_value"": ""PAST_REF""}, {""text"": ""A Participant who intends to withdraw from this MOU shall endeavor to provide notice of such withdrawal to other Participants 60 days in advance."", ""timex_text"": ""60 days"", ""timex_type"": ""DURATION"", ""timex_value"": ""P60D""}]",MEMORANDUM OF UNDERSTANDING BETWEEN INNOVATION NORWAY AND THE GOVERNOR'S OFFICE OF BUSINESS AND ECONOMIC DEVELOPMENT OF …,
California/15272022,California,d:\NLP_Project_tasks_6_8_11\OCR_output\California\15272022.txt,2021-01-01,2050-01-01,a five year period,,found,"[{""text"": ""Memorandum of Cooperation between New Zealand Government and The Environmental Protection Agency of the State of California of the United States of America The New Zealand Government and the California Environmental Protection Agency, hereinafter referred to as \""the Participants,\"" decide as follows; WHEREAS California and New Zealand are committed to significant climate change action and share the long-term goal of becoming carbon-neutral societies by 2050."", ""timex_text"": ""2050"", ""timex_type"": ""DATE"", ""timex_value"": ""2050""}, {""text"": ""California aims to achieve carbon neutrality by 2045, and New Zealand has a target to achieve net zero carbon emissions by 2050."", ""timex_text"": ""2045"", ""timex_type"": ""DATE"", ""timex_value"": ""2045""}, {""text"": ""Memorandum of Cooperation between New Zealand Government and The Environmental Protection Agency of the State of California of the United States of America The New Zealand Government and the California Environmental Protection Agency, hereinafter referred to as \""the Participants,\"" decide as follows; WHEREAS California and New Zealand are committed to significant climate change action and share the long-term goal of becoming carbon-neutral societies by 2050."", ""timex_text"": ""2050"", ""timex_type"": ""DATE"", ""timex_value"": ""2050""}, {""text"": ""WHEREAS in 2021, California, New Zealand, and Québec signed a Joint Declaration to strengthen cooperation in the fight against climate change by sharing information, experiences, and best practices and promoting the environmental integrity of carbon pricing instruments to reduce greenhouse gas emissions worldwide, and explore opportunities for potential future alignment of our respective cap-and-trade programs."", ""timex_text"": ""2021"", ""timex_type"": ""DATE"", ""timex_value"": ""2021""}, {""text"": ""SECTION X Final Provisions This MOC is effective from the date of its signature, for a five year period, unless renewed or extended by the Participants in the same manner that the Participants may otherwise modify this Memorandum of Cooperation."", ""timex_text"": ""a five year period"", ""timex_type"": ""DURATION"", ""timex_value"": ""P5Y""}]",Memorandum of Cooperation between New Zealand Government and The Environmental Protection Agency of the State of Califor…,
California/1692022,California,d:\NLP_Project_tasks_6_8_11\OCR_output\California\1692022.txt,2030-01-01,2030-01-01,five years,,found,"[{""text"": ""health ofthe environment and ecosystems, including wildlife, rivers, lakes and oceans, and to accelerate the adoption ofi innovative technologies and advance the transition towards a circular economy for plastics that will reduce pollution and have positive economic impacts; CONSIDERING that both California and Canada are experiencing more frequent extreme weather events, such as wildfires, stronger storms and droughts, eroding coastlines and floods, as well as experiencing increasing social and economic losses from current and future impacts of climate change and that urgent action is needed to adapt and build resilience, including through the use of nature-based solutions; CONSIDERING that California has recently updated its Climate Adaptation Strategy and Canada is developing a National Adaptation Strategy; CONSIDERING that both California and Canada are working to accelerate action on biodiversity conservation in the face of the climate crisis, in particular through California's commitment to conserve 30 percent ofits lands and coastal waters by 2030 and Canada's similar commitment to conserve 30 percent ofits lands and waters by 2030; CONSIDERING that Indigenous knowledge, including customary practices and cultural values, is essential in the fight against climate change, land degradation and biodiversity loss and that both California and Canada have committed to engaging Indigenous peoples; CONSIDERING that further collaboration between the Government of California and the Government of Canada would help them to achieve their climate change mitigation, adaptation and biodiversity objectives; HAVE REACHED the following understanding: 1."", ""timex_text"": ""current"", ""timex_type"": ""DATE"", ""timex_value"": ""PRESENT_REF""}, {""text"": ""health ofthe environment and ecosystems, including wildlife, rivers, lakes and oceans, and to accelerate the adoption ofi innovative technologies and advance the transition towards a circular economy for plastics that will reduce pollution and have positive economic impacts; CONSIDERING that both California and Canada are experiencing more frequent extreme weather events, such as wildfires, stronger storms and droughts, eroding coastlines and floods, as well as experiencing increasing social and economic losses from current and future impacts of climate change and that urgent action is needed to adapt and build resilience, including through the use of nature-based solutions; CONSIDERING that California has recently updated its Climate Adaptation Strategy and Canada is developing a National Adaptation Strategy; CONSIDERING that both California and Canada are working to accelerate action on biodiversity conservation in the face of the climate crisis, in particular through California's commitment to conserve 30 percent ofits lands and coastal waters by 2030 and Canada's similar commitment to conserve 30 percent ofits lands and waters by 2030; CONSIDERING that Indigenous knowledge, including customary practices and cultural values, is essential in the fight against climate change, land degradation and biodiversity loss and that both California and Canada have committed to engaging Indigenous peoples; CONSIDERING that further collaboration between the Government of California and the Government of Canada would help them to achieve their climate change mitigation, adaptation and biodiversity objectives; HAVE REACHED the following understanding: 1."", ""timex_text"": ""recently"", ""timex_type"": ""DATE"", ""timex_value"": ""PAST_REF""}, {""text"": ""health ofthe environment and ecosystems, including wildlife, rivers, lakes and oceans, and to accelerate the adoption ofi innovative technologies and advance the transition towards a circular economy for plastics that will reduce pollution and have positive economic impacts; CONSIDERING that both California and Canada are experiencing more frequent extreme weather events, such as wildfires, stronger storms and droughts, eroding coastlines and floods, as well as experiencing increasing social and economic losses from current and future impacts of climate change and that urgent action is needed to adapt and build resilience, including through the use of nature-based solutions; CONSIDERING that California has recently updated its Climate Adaptation Strategy and Canada is developing a National Adaptation Strategy; CONSIDERING that both California and Canada are working to accelerate action on biodiversity conservation in the face of the climate crisis, in particular through California's commitment to conserve 30 percent ofits lands and coastal waters by 2030 and Canada's similar commitment to conserve 30 percent ofits lands and waters by 2030; CONSIDERING that Indigenous knowledge, including customary practices and cultural values, is essential in the fight against climate change, land degradation and biodiversity loss and that both California and Canada have committed to engaging Indigenous peoples; CONSIDERING that further collaboration between the Government of California and the Government of Canada would help them to achieve their climate change mitigation, adaptation and biodiversity objectives; HAVE REACHED the following understanding: 1."", ""timex_text"": ""2030"", ""timex_type"": ""DATE"", ""timex_value"": ""2030""}, {""text"": ""health ofthe environment and ecosystems, including wildlife, rivers, lakes and oceans, and to accelerate the adoption ofi innovative technologies and advance the transition towards a circular economy for plastics that will reduce pollution and have positive economic impacts; CONSIDERING that both California and Canada are experiencing more frequent extreme weather events, such as wildfires, stronger storms and droughts, eroding coastlines and floods, as well as experiencing increasing social and economic losses from current and future impacts of climate change and that urgent action is needed to adapt and build resilience, including through the use of nature-based solutions; CONSIDERING that California has recently updated its Climate Adaptation Strategy and Canada is developing a National Adaptation Strategy; CONSIDERING that both California and Canada are working to accelerate action on biodiversity conservation in the face of the climate crisis, in particular through California's commitment to conserve 30 percent ofits lands and coastal waters by 2030 and Canada's similar commitment to conserve 30 percent ofits lands and waters by 2030; CONSIDERING that Indigenous knowledge, including customary practices and cultural values, is essential in the fight against climate change, land degradation and biodiversity loss and that both California and Canada have committed to engaging Indigenous peoples; CONSIDERING that further collaboration between the Government of California and the Government of Canada would help them to achieve their climate change mitigation, adaptation and biodiversity objectives; HAVE REACHED the following understanding: 1."", ""timex_text"": ""2030"", ""timex_type"": ""DATE"", ""timex_value"": ""2030""}, {""text"": ""health ofthe environment and ecosystems, including wildlife, rivers, lakes and oceans, and to accelerate the adoption ofi innovative technologies and advance the transition towards a circular economy for plastics that will reduce pollution and have positive economic impacts; CONSIDERING that both California and Canada are experiencing more frequent extreme weather events, such as wildfires, stronger storms and droughts, eroding coastlines and floods, as well as experiencing increasing social and economic losses from current and future impacts of climate change and that urgent action is needed to adapt and build resilience, including through the use of nature-based solutions; CONSIDERING that California has recently updated its Climate Adaptation Strategy and Canada is developing a National Adaptation Strategy; CONSIDERING that both California and Canada are working to accelerate action on biodiversity conservation in the face of the climate crisis, in particular through California's commitment to conserve 30 percent ofits lands and coastal waters by 2030 and Canada's similar commitment to conserve 30 percent ofits lands and waters by 2030; CONSIDERING that Indigenous knowledge, including customary practices and cultural values, is essential in the fight against climate change, land degradation and biodiversity loss and that both California and Canada have committed to engaging Indigenous peoples; CONSIDERING that further collaboration between the Government of California and the Government of Canada would help them to achieve their climate change mitigation, adaptation and biodiversity objectives; HAVE REACHED the following understanding: 1."", ""timex_text"": ""2030"", ""timex_type"": ""DATE"", ""timex_value"": ""2030""}]","health ofthe environment and ecosystems, including wildlife, rivers, lakes and oceans, and to accelerate the adoption of…",
California/18122021,California,d:\NLP_Project_tasks_6_8_11\OCR_output\California\18122021.txt,1516-01-01,2021-08-01,a three year period,,found,"[{""text"": ""FITFUTEEA HEUR 7 UE 5 SKEII inifedrn Thay X - VRIT E CK MEMORANDUM OF UNDERSTANDING BETWEEN LHANGJIAKOU CITY ENERGY BUREAU OF LHANGJIAKOU MUNICIPAL PEOPLE'S GOVERNMENT AND THE CALIFORNIA ENERGY COMMISSION OF THE STATE OF CALIFORNIA OF THE UNITED STATES OF AMERICA I FH August 2021 XIMMALNJESEMH HEEDA 'j XTTNHEU RE MEMORANDUM OF UNDERSTANDING BETWEEN ZHANGJIAKOU CITY ENERGY BUREAU OF ZHANGJIAKOU MUNICIPAL PEOPLE'S GOVERNMENT AND THE CALIFORNIA ENERGY COMMISSION OF THE STATE OF CALIFORNIA OF THE UNITED STATES OF AMERICA k KIITIHEN RUNAIANVE IK H E i1 2s (LI FMEXX\"") HEL FHH: The Zhangjiakou City Energy Bureau and the California Energy Commission (CEC), hereinafter referenced as \""participants,\"" agree as follows: HVE SECTION 1 Objective Ai E KAITRA JXXTH 17 MRIAMEHER, AETHRAR EURAIZI 16B0RS3ELEMAM, HEH JR J4 HTERIX HAK, Xtil EUFHI: 1."", ""timex_text"": ""August 2021"", ""timex_type"": ""DATE"", ""timex_value"": ""2021-08""}, {""text"": ""FIE AEJAE MXRAO ATXH I TKHISENE, EIFMAHLA9MFAHL-1546: DAM-T E AUKETTIPALIhESHRPERENROTESL MTHLMALLLARSZLII IHEHO IMEHNEHE HUL Enz, TIDTAURE THFit, HETH, HRERULMIAMEK#F, EIETHUKR, 1ik, Eiti, WELHLHARIHER NLAA AXHHTHER -."", ""timex_text"": ""1546"", ""timex_type"": ""DATE"", ""timex_value"": ""1546""}, {""text"": ""RUIH Alana Sanchez DIMBEUA 5 A Z E XABIN JUFUTE SEAN, B*EAITHE, 91j 1516 L Alana.Sanchez@energy.ca.gov The Zhangjiakou Energy Bureau and the CEC will also serve as the respective contact points for communication and information exchange, as well as any notice required to be submitted under this MOU."", ""timex_text"": ""1516"", ""timex_type"": ""DATE"", ""timex_value"": ""1516""}, {""text"": ""RUIH Alana Sanchez DIMBEUA 5 A Z E XABIN JUFUTE SEAN, B*EAITHE, 91j 1516 L Alana.Sanchez@energy.ca.gov The Zhangjiakou Energy Bureau and the CEC will also serve as the respective contact points for communication and information exchange, as well as any notice required to be submitted under this MOU."", ""timex_text"": ""1516"", ""timex_type"": ""DATE"", ""timex_value"": ""1516""}, {""text"": ""SECTION X Final Provisions This MOU is effective from the date of its signature, for a three year period."", ""timex_text"": ""a three year period"", ""timex_type"": ""DURATION"", ""timex_value"": ""P3Y""}]",FITFUTEEA HEUR 7 UE 5 SKEII inifedrn Thay X - VRIT E CK MEMORANDUM OF UNDERSTANDING BETWEEN LHANGJIAKOU CITY ENERGY BURE…,
California/1962022,California,d:\NLP_Project_tasks_6_8_11\OCR_output\California\1962022.txt,2017-01-01,2050-01-01,60 days,,found,"[{""text"": ""MEMORANDUM OF UNDERSTANDING BETWEEN THE MINISTRY OF INFRASTRUCTURE AND WATER MANAGEMENT OF THE NETHERLANDS AND THE ENVIRONMENTAL PROTECTION AGENCY OF THE STATE OF CALIFORNIA OF THE UNITED STATES OF AMERICA ON CLIMATE CHANGE PLANNING AND ACTION The Ministry of Infrastructure and Water Management of the Netherlands (\""Netherlands\"") and the Environmental Protection Agency of the State of California (\""California\""), hereinafter referred to as \""the Participants,\"" agree as follows; WHEREAS the Netherlands and California are equally committed to significant climate change action and share the long-term goal of becoming climate neutral societies by 2050."", ""timex_text"": ""2050"", ""timex_type"": ""DATE"", ""timex_value"": ""2050""}, {""text"": ""California aims to achieve carbon neutrality no later than 2045, and the Netherlands has a target to achieve net zero emissions by 2050."", ""timex_text"": ""2045"", ""timex_type"": ""DATE"", ""timex_value"": ""2045""}, {""text"": ""MEMORANDUM OF UNDERSTANDING BETWEEN THE MINISTRY OF INFRASTRUCTURE AND WATER MANAGEMENT OF THE NETHERLANDS AND THE ENVIRONMENTAL PROTECTION AGENCY OF THE STATE OF CALIFORNIA OF THE UNITED STATES OF AMERICA ON CLIMATE CHANGE PLANNING AND ACTION The Ministry of Infrastructure and Water Management of the Netherlands (\""Netherlands\"") and the Environmental Protection Agency of the State of California (\""California\""), hereinafter referred to as \""the Participants,\"" agree as follows; WHEREAS the Netherlands and California are equally committed to significant climate change action and share the long-term goal of becoming climate neutral societies by 2050."", ""timex_text"": ""2050"", ""timex_type"": ""DATE"", ""timex_value"": ""2050""}, {""text"": ""WHEREAS in 2017, the Netherlands and California signed a Letter of Intent (LOI) to strengthen cooperation in the areas of climate change, smart and low carbon mobility, and energy innovation, and whereas, in 2019, the Participants signed an LOI to work together towards transitioning to sustainable economies through the acceleration of zero emission transportation, energy innovation, and zero waste initiatives, and strengthening cooperation in the areas of sustainable mobility, circular economy, climate change, and resiliency."", ""timex_text"": ""2017"", ""timex_type"": ""DATE"", ""timex_value"": ""2017""}, {""text"": ""WHEREAS in 2017, the Netherlands and California signed a Letter of Intent (LOI) to strengthen cooperation in the areas of climate change, smart and low carbon mobility, and energy innovation, and whereas, in 2019, the Participants signed an LOI to work together towards transitioning to sustainable economies through the acceleration of zero emission transportation, energy innovation, and zero waste initiatives, and strengthening cooperation in the areas of sustainable mobility, circular economy, climate change, and resiliency."", ""timex_text"": ""2019"", ""timex_type"": ""DATE"", ""timex_value"": ""2019""}]",MEMORANDUM OF UNDERSTANDING BETWEEN THE MINISTRY OF INFRASTRUCTURE AND WATER MANAGEMENT OF THE NETHERLANDS AND THE ENVIR…,
California/1April10 ( CA - China Provinces),California,d:\NLP_Project_tasks_6_8_11\OCR_output\California\1April10 ( CA - China Provinces).txt,2012-02-01,2013-04-10,"90
days",,found,"[{""text"": ""MEMORANDUM OF UNDERSTANDING ON ESTABLISHING \""CHINA PROVINCES AND US CALIFORNIA JOINT WORKING GROUP ON TRADE AND INVESTMENT COOPERATION\"" The State of California of the United States and the Ministry of Commerce and relevant provinces of the People's Republic of China (hereinafter referred to as \""the Two Parties\""), through friendly consultation, have decided to establish the \""China Provinces and US California Joint Working Group on Trade and Investment Cooperation\"" (hereinafter referred to as the \""Working Group\""), and reached the following understanding: Article I The objectives of the Working Group are to expand trade and investment cooperation, strengthen communication, enhance trust, boost economic growth, and create jobs so as to implement the consensus reached between the then Vice President Xi Jinping of China and Governor Jerry Brown when the then Vice President Xi visited the US in February 2012."", ""timex_text"": ""February 2012"", ""timex_type"": ""DATE"", ""timex_value"": ""2012-02""}, {""text"": ""Article X This MOU is done in duplicate in Beijing on April 10th, 2013, in the English and Chinese languages, both texts being equally authentic."", ""timex_text"": ""April 10th, 2013"", ""timex_type"": ""DATE"", ""timex_value"": ""2013-04-10""}]","MEMORANDUM OF UNDERSTANDING ON ESTABLISHING ""CHINA PROVINCES AND US CALIFORNIA JOINT WORKING GROUP ON TRADE AND INVESTME…",
California/1April14,California,d:\NLP_Project_tasks_6_8_11\OCR_output\California\1April14.txt,2013-01-01,2013-04-14,,,found,"[{""text"": ""Edmund Gerald Brown, Governor of California led an official and business delegation to visit Nanjing, Jiangsu on April 14, 2013."", ""timex_text"": ""April 14, 2013"", ""timex_type"": ""DATE"", ""timex_value"": ""2013-04-14""}, {""text"": ""Edmund Gerald Brown, Governor of California led an official and business delegation to visit Nanjing, Jiangsu on April 14, 2013."", ""timex_text"": ""2013"", ""timex_type"": ""DATE"", ""timex_value"": ""2013""}, {""text"": ""Jiangsu Week will be jointly held by California and Jiangsu in the second half of 2013 at a mutually convenient time to enhance exchanges in culture, humanities and promote pragmatic cooperation."", ""timex_text"": ""the second half of 2013"", ""timex_type"": ""DATE"", ""timex_value"": ""2013-H2""}, {""text"": ""Edmund Gerald Brown, Governor of California led an official and business delegation to visit Nanjing, Jiangsu on April 14, 2013."", ""timex_text"": ""2013"", ""timex_type"": ""DATE"", ""timex_value"": ""2013""}]","Edmund Gerald Brown, Governor of California led an official and business delegation to visit Nanjing, Jiangsu on April 1…",
California/1April15,California,d:\NLP_Project_tasks_6_8_11\OCR_output\California\1April15.txt,2013-04-01,,,,found,"[{""text"": ""Signed in Guangzhou on the fifteenth day of April 2013, this MoU is written in English and Chinese languages, both in duplicate and deemed equally authentic."", ""timex_text"": ""April 2013"", ""timex_type"": ""DATE"", ""timex_value"": ""2013-04""}]","Signed in Guangzhou on the fifteenth day of April 2013, this MoU is written in English and Chinese languages, both in du…",
California/1April17,California,d:\NLP_Project_tasks_6_8_11\OCR_output\California\1April17.txt,2017-04-01,2050-01-01,,,found,"[{""text"": ""LETTER OF COOPERATION between THE GOVERNMENT OF CALIFORNIA FOUNDER OF THE Under2 MOU and THE GOVERNMENT OF SCOTLAND on Ambitious Action on Climate Change and the Low Carbon Economy April 2017 1 LETTER OF COOPERATION between THE GOVERNMENT OF CALIFORNIA Founder of the Under2 MOU and THE GOVERNMENT OF SCOTLAND on Ambitious Action on Climate Change and the Low Carbon Economy As recognized by the global community in the Paris Agreement, climate change concerns and connects all humankind."", ""timex_text"": ""April 2017"", ""timex_type"": ""DATE"", ""timex_value"": ""2017-04""}, {""text"": ""California and Scotland have set ambitious climate and clean energy goals; both jurisdictions seek to cut greenhouse gases 80% by 2050."", ""timex_text"": ""2050"", ""timex_type"": ""DATE"", ""timex_value"": ""2050""}, {""text"": ""In the coming years, there will be crucial opportunities for the Governments of California and Scotland to influence higher global ambition on climate change, and to work together to support concrete climate action through the opportunities set out in the Under2 MOU: 2 Scotland and California will support the efforts of other state, regional and city signatories to the Under2 MOU to share ideas and best practices on how we have reduced greenhouse gases and expanded renewable energy development, including by providing expert staff support to other jurisdictions and leading working groups within the Under2 MOU Coalition on these and related topics; Through the Under2 MOU Scotland and California will also share information and best practices with other signatories on how we have undertaken long-term, deep decarbonization planning; Scotland and California will work individually and together to raise international attention to the actions and ambitious reduction goals of climate leaders at a subnational level around the globe, including at key upcoming international climate and energy conferences and summits, in the lead-up to 2018 and beyond."", ""timex_text"": ""coming years"", ""timex_type"": ""DATE"", ""timex_value"": ""FUTURE_REF""}, {""text"": ""In the coming years, there will be crucial opportunities for the Governments of California and Scotland to influence higher global ambition on climate change, and to work together to support concrete climate action through the opportunities set out in the Under2 MOU: 2 Scotland and California will support the efforts of other state, regional and city signatories to the Under2 MOU to share ideas and best practices on how we have reduced greenhouse gases and expanded renewable energy development, including by providing expert staff support to other jurisdictions and leading working groups within the Under2 MOU Coalition on these and related topics; Through the Under2 MOU Scotland and California will also share information and best practices with other signatories on how we have undertaken long-term, deep decarbonization planning; Scotland and California will work individually and together to raise international attention to the actions and ambitious reduction goals of climate leaders at a subnational level around the globe, including at key upcoming international climate and energy conferences and summits, in the lead-up to 2018 and beyond."", ""timex_text"": ""2018"", ""timex_type"": ""DATE"", ""timex_value"": ""2018""}]",LETTER OF COOPERATION between THE GOVERNMENT OF CALIFORNIA FOUNDER OF THE Under2 MOU and THE GOVERNMENT OF SCOTLAND on A…,
California/1April19,California,d:\NLP_Project_tasks_6_8_11\OCR_output\California\1April19.txt,2017-04-19,2050-01-01,,,found,"[{""text"": ""Sweden and California recognise the vital importance of leadership at all levels and support the Under2 Coalition - the ambitious commitment to bold and decisive climate action covering more than one billion people and one third of the global economy - as a key mechanism to guide deep, ambitious emission reductions to 2050."", ""timex_text"": ""2050"", ""timex_type"": ""DATE"", ""timex_value"": ""2050""}, {""text"": ""In the coming years, Sweden and California will push for higher global ambitions on climate change through the UNFCCC and Under2 Coalition, and will work individually and together to link and align efforts between the two, as well as to draw more international attention to the actions and ambitious reduction goals that are needed."", ""timex_text"": ""coming years"", ""timex_type"": ""DATE"", ""timex_value"": ""FUTURE_REF""}, {""text"": ""Furthermore, they will also support climate leaders at the national and sub-national level around the globe, including at key upcoming international climate and energy conferences and summits, in the run-up to 2018 and beyond."", ""timex_text"": ""2018"", ""timex_type"": ""DATE"", ""timex_value"": ""2018""}, {""text"": ""Furthermore, they will also support climate leaders at the national and sub-national level around the globe, including at key upcoming international climate and energy conferences and summits, in the run-up to 2018 and beyond."", ""timex_text"": ""2018"", ""timex_type"": ""DATE"", ""timex_value"": ""2018""}, {""text"": ""Signed on 19 April 2017 in Sacramento, in English."", ""timex_text"": ""19 April 2017"", ""timex_type"": ""DATE"", ""timex_value"": ""2017-04-19""}]",Sweden and California recognise the vital importance of leadership at all levels and support the Under2 Coalition - the …,
California/1April30,California,d:\NLP_Project_tasks_6_8_11\OCR_output\California\1April30.txt,2019-12-31,2022-12-31,,explicit,found,"[{""text"": ""The Coalition was formed in 2015 by the states of California and Baden-Wirtemberg, Germany to mobilize and galvanize bold climate action from like-minded city, state and regional governments around the globe."", ""timex_text"": ""2015"", ""timex_type"": ""DATE"", ""timex_value"": ""2015""}, {""text"": ""Coalition members pledge to limit greenhouse gas emissions to 2 tons per capita or 80 to 95 percent below 1990 levels by 2050."", ""timex_text"": ""2050"", ""timex_type"": ""DATE"", ""timex_value"": ""2050""}, {""text"": ""Denmark became an Endorsing Partner to the Under2 MOU in February 2017; WHEREAS, Denmark has experience and history in developing offshore wind energy facilities and California is exploring the feasibility, potential impacts, and appropriate locations of, and for, wind facilities offshore the California Coast; NOW THEREFORE, the Participants have reached the following understanding: SECTION 1."", ""timex_text"": ""February 2017"", ""timex_type"": ""DATE"", ""timex_value"": ""2017-02""}, {""text"": ""The term ofthis Memorandum ofUnderstanding shall be from the effective date until December 31, 2019."", ""timex_text"": ""December 31, 2019"", ""timex_type"": ""DATE"", ""timex_value"": ""2019-12-31""}, {""text"": ""LILLEHOLT KAREN DOUGLAS Minister for Energy, Utilities and Climate Commissioner J California Energy Resources Conservation Che.pllult and Development Commission dun Signed on April 30th: 2018 Signed on at Copenhagen at April 3 OnI 2018 Sacramento, California CONTINUATION AND RENEWAL OF MEMORANDUM OF UNDERSTANDING ON THE DEVELOPMENT OF OFFSHORE WIND BETWEEN THE GOVERNMENT OF DENMARK AND THE CALIFORNIA ENERGY COMMISSION hereby jointly referred to as \""the Participants\"" The purpose of this document is to continue and renew the Memorandum of Understanding between the Government of Denmark and the California Energy Commission that was signed by the Participants on April 30, 2018."", ""timex_text"": ""April 30th"", ""timex_type"": ""DATE"", ""timex_value"": ""2019-04-30""}]","The Coalition was formed in 2015 by the states of California and Baden-Wirtemberg, Germany to mobilize and galvanize bol…",
California/1April6 (CA - Catalonia),California,d:\NLP_Project_tasks_6_8_11\OCR_output\California\1April6 (CA - Catalonia).txt,2015-01-01,2015-04-06,,,found,"[{""text"": ""2 TERCER THIRD Reconeixent les conclusions del Consens Recognizing the conclusions in the Scientific Cientific per al Manteniment dels Sistemes Consensus on Maintaining Humanity's Life Ecologics Essencials per a la Supervivència Support Systems in the 21st Century, which Humana del segle XXI, el qual posa l'èmfasi en notes that global greenhouse gas emissions l'increment de les emissions de gasos amb are increasing due to human activities, efecte hivernacle amb motiu de l'activitat causing irreversible climate change including humana, el qual causa efectes irreversibles sea level rise, local changes in temperature, com ara l'increment del nivell del mar, as well as changes in the amount and timing l'increment de les temperatures, que propicien of rainfall and snowfall, length and character desastres naturals amb consequències of seasons, and frequency of extreme storms, devastadores per a la integritat fisica, la salut i floods and droughts, directly influencing the les propietats de les poblacions que els wellbeing of people through damaging their pateixen, les parts acorden: livelihoods, property, and health, the parties further agree: Treballar conjuntament amb altres governs To work cooperatively with other subnational nacionals i subestatals per coordinar les and national governments to coordinate and accions en la lluita contra el canvi climàtic, en combine our climate change efforts where particular fer lobby per a l'adopcio d'un acord appropriate, in particular to press for an internacional ambicios sobre el canvi climàtic ambitious international agreement on climate el 2015 que inclogui compromisos multinivell change in 2015 that includes meaningful per al les autoritats publiques; commitments at the subnational, national and international levels; Donar suport i encoratjar la cooperacio en les To support and encourage cooperation on regulacions i les politiques publiques sobre la regulations, policies, incentives, and trade matèria, aixi com en els incentius i les and investment opportunities to reducing oportunitats d'inversio que sorgeixin per a la greenhouse gas emissions and promoting low reduccio de les emissions i el carbon development."", ""timex_text"": ""the 21st Century"", ""timex_type"": ""DATE"", ""timex_value"": ""20""}, {""text"": ""2 TERCER THIRD Reconeixent les conclusions del Consens Recognizing the conclusions in the Scientific Cientific per al Manteniment dels Sistemes Consensus on Maintaining Humanity's Life Ecologics Essencials per a la Supervivència Support Systems in the 21st Century, which Humana del segle XXI, el qual posa l'èmfasi en notes that global greenhouse gas emissions l'increment de les emissions de gasos amb are increasing due to human activities, efecte hivernacle amb motiu de l'activitat causing irreversible climate change including humana, el qual causa efectes irreversibles sea level rise, local changes in temperature, com ara l'increment del nivell del mar, as well as changes in the amount and timing l'increment de les temperatures, que propicien of rainfall and snowfall, length and character desastres naturals amb consequències of seasons, and frequency of extreme storms, devastadores per a la integritat fisica, la salut i floods and droughts, directly influencing the les propietats de les poblacions que els wellbeing of people through damaging their pateixen, les parts acorden: livelihoods, property, and health, the parties further agree: Treballar conjuntament amb altres governs To work cooperatively with other subnational nacionals i subestatals per coordinar les and national governments to coordinate and accions en la lluita contra el canvi climàtic, en combine our climate change efforts where particular fer lobby per a l'adopcio d'un acord appropriate, in particular to press for an internacional ambicios sobre el canvi climàtic ambitious international agreement on climate el 2015 que inclogui compromisos multinivell change in 2015 that includes meaningful per al les autoritats publiques; commitments at the subnational, national and international levels; Donar suport i encoratjar la cooperacio en les To support and encourage cooperation on regulacions i les politiques publiques sobre la regulations, policies, incentives, and trade matèria, aixi com en els incentius i les and investment opportunities to reducing oportunitats d'inversio que sorgeixin per a la greenhouse gas emissions and promoting low reduccio de les emissions i el carbon development."", ""timex_text"": ""2015"", ""timex_type"": ""DATE"", ""timex_value"": ""2015""}, {""text"": ""2 TERCER THIRD Reconeixent les conclusions del Consens Recognizing the conclusions in the Scientific Cientific per al Manteniment dels Sistemes Consensus on Maintaining Humanity's Life Ecologics Essencials per a la Supervivència Support Systems in the 21st Century, which Humana del segle XXI, el qual posa l'èmfasi en notes that global greenhouse gas emissions l'increment de les emissions de gasos amb are increasing due to human activities, efecte hivernacle amb motiu de l'activitat causing irreversible climate change including humana, el qual causa efectes irreversibles sea level rise, local changes in temperature, com ara l'increment del nivell del mar, as well as changes in the amount and timing l'increment de les temperatures, que propicien of rainfall and snowfall, length and character desastres naturals amb consequències of seasons, and frequency of extreme storms, devastadores per a la integritat fisica, la salut i floods and droughts, directly influencing the les propietats de les poblacions que els wellbeing of people through damaging their pateixen, les parts acorden: livelihoods, property, and health, the parties further agree: Treballar conjuntament amb altres governs To work cooperatively with other subnational nacionals i subestatals per coordinar les and national governments to coordinate and accions en la lluita contra el canvi climàtic, en combine our climate change efforts where particular fer lobby per a l'adopcio d'un acord appropriate, in particular to press for an internacional ambicios sobre el canvi climàtic ambitious international agreement on climate el 2015 que inclogui compromisos multinivell change in 2015 that includes meaningful per al les autoritats publiques; commitments at the subnational, national and international levels; Donar suport i encoratjar la cooperacio en les To support and encourage cooperation on regulacions i les politiques publiques sobre la regulations, policies, incentives, and trade matèria, aixi com en els incentius i les and investment opportunities to reducing oportunitats d'inversio que sorgeixin per a la greenhouse gas emissions and promoting low reduccio de les emissions i el carbon development."", ""timex_text"": ""2015"", ""timex_type"": ""DATE"", ""timex_value"": ""2015""}, {""text"": ""2 TERCER THIRD Reconeixent les conclusions del Consens Recognizing the conclusions in the Scientific Cientific per al Manteniment dels Sistemes Consensus on Maintaining Humanity's Life Ecologics Essencials per a la Supervivència Support Systems in the 21st Century, which Humana del segle XXI, el qual posa l'èmfasi en notes that global greenhouse gas emissions l'increment de les emissions de gasos amb are increasing due to human activities, efecte hivernacle amb motiu de l'activitat causing irreversible climate change including humana, el qual causa efectes irreversibles sea level rise, local changes in temperature, com ara l'increment del nivell del mar, as well as changes in the amount and timing l'increment de les temperatures, que propicien of rainfall and snowfall, length and character desastres naturals amb consequències of seasons, and frequency of extreme storms, devastadores per a la integritat fisica, la salut i floods and droughts, directly influencing the les propietats de les poblacions que els wellbeing of people through damaging their pateixen, les parts acorden: livelihoods, property, and health, the parties further agree: Treballar conjuntament amb altres governs To work cooperatively with other subnational nacionals i subestatals per coordinar les and national governments to coordinate and accions en la lluita contra el canvi climàtic, en combine our climate change efforts where particular fer lobby per a l'adopcio d'un acord appropriate, in particular to press for an internacional ambicios sobre el canvi climàtic ambitious international agreement on climate el 2015 que inclogui compromisos multinivell change in 2015 that includes meaningful per al les autoritats publiques; commitments at the subnational, national and international levels; Donar suport i encoratjar la cooperacio en les To support and encourage cooperation on regulacions i les politiques publiques sobre la regulations, policies, incentives, and trade matèria, aixi com en els incentius i les and investment opportunities to reducing oportunitats d'inversio que sorgeixin per a la greenhouse gas emissions and promoting low reduccio de les emissions i el carbon development."", ""timex_text"": ""2015"", ""timex_type"": ""DATE"", ""timex_value"": ""2015""}, {""text"": ""Signat a San Francisco, el 6 d'abril de 2015, Signed in San Francisco, on April 6th 2015 in per duplicat, en català i en anglès, i a un sol duplicate in English and Catalan, and on efecte, essent cadascun dels dos textos single effect, each of the two original texts originals igualment autèntics."", ""timex_text"": ""April 6th 2015"", ""timex_type"": ""DATE"", ""timex_value"": ""2015-04-06""}]",2 TERCER THIRD Reconeixent les conclusions del Consens Recognizing the conclusions in the Scientific Cientific per al Ma…,
California/1August11,California,d:\NLP_Project_tasks_6_8_11\OCR_output\California\1August11.txt,2006-01-01,2020-01-01,,,found,"[{""text"": ""Governors' Climate & Forests Task Force (GCF) Rio Branco Declaration Building Partnerships & Securing Support for Forests, Climate, & Livelihoods Rio Branco, Brazil II August 11, 2014 USA o CALIFORNIA SPAIN ILLINOIS CATALONIA MEXICO o NIGERIA o CAMPECHE CROSS RIVER CHIAPAS BRAZIL ACRE AMAPA INDONESIAG PERU - AMAZONAS ACEH LORETO MATO GROSSO CENTRAL MADRE DE DIOS PARA KALIMANTAN SAN MARTIN TOCANTINS EASTI KALIMANTAN UCAYALI PAPUA WEST KALIMANTAN WESTI PAPUA We, the members of the Governors' Climate & Forests Task Force (GCF), a subnational collaboration of 22 states and provinces!"", ""timex_text"": ""August 11, 2014"", ""timex_type"": ""DATE"", ""timex_value"": ""2014-08-11""}, {""text"": ""Governors' Climate & Forests Task Force (GCF) Rio Branco Declaration Building Partnerships & Securing Support for Forests, Climate, & Livelihoods Rio Branco, Brazil II August 11, 2014 USA o CALIFORNIA SPAIN ILLINOIS CATALONIA MEXICO o NIGERIA o CAMPECHE CROSS RIVER CHIAPAS BRAZIL ACRE AMAPA INDONESIAG PERU - AMAZONAS ACEH LORETO MATO GROSSO CENTRAL MADRE DE DIOS PARA KALIMANTAN SAN MARTIN TOCANTINS EASTI KALIMANTAN UCAYALI PAPUA WEST KALIMANTAN WESTI PAPUA We, the members of the Governors' Climate & Forests Task Force (GCF), a subnational collaboration of 22 states and provinces!"", ""timex_text"": ""2014"", ""timex_type"": ""DATE"", ""timex_value"": ""2014""}, {""text"": ""Our efforts to build jurisdictional strategies and programs for low emissions development cannot be 1 Currently, the GCF consists ofthe following 38 jurisdictions: Acre, Amapa, Amazonas, Maranhao, Mato Grosso, Para, Rondônia, Roraima, Tocantins (Brazil), Caqueta (Colombia), Pastaza (Ecuador), Aceh, Central Kalimantan, East Kalimantan, North Kalimantan, Papua, West Kalimantan, West Papua (Indonesia), Chiapas, Campeche, Jalisco, Oaxaca, Quintana Roo, Tabasco, Yucatan (Mexico), Bélier, Cavally (Ivory Coast), Cross River State (Nigeria), Amazonas, Huanuco, Loreto, Madre de Dios, Piura, Ucayali, San Martin (Peru), Catalonia (Spain), California and Illinois (US)."", ""timex_text"": ""Currently"", ""timex_type"": ""DATE"", ""timex_value"": ""PRESENT_REF""}, {""text"": ""Since 2008, GCF states and provinces have pioneered efforts to promote the integration of forest and climate protection."", ""timex_text"": ""2008"", ""timex_type"": ""DATE"", ""timex_value"": ""2008""}, {""text"": ""In the six Brazilian GCF states, for example, deforestation declined by more than 70% from 2006-2012, resulting in more than three billion tons of avoided CO2 emissions."", ""timex_text"": ""2006"", ""timex_type"": ""DATE"", ""timex_value"": ""2006""}]",Governors' Climate & Forests Task Force (GCF) Rio Branco Declaration Building Partnerships & Securing Support for Forest…,
California/1August23,California,d:\NLP_Project_tasks_6_8_11\OCR_output\California\1August23.txt,1220-01-01,2016-06-14,,,found,"[{""text"": ""Phone number: (686) 551-73-15 and 16 E-mail: bavendano@baja.gob.mx For the CDFA all the communication will be directed to: Josh Eddy Address: 1220 N Street, Room A 400, Sacramento, California, EUA Phone number: 916-654-0433 E-mail: josh.eddy@cdfa.ca.gov If one of the Parties decides to change the contact, this shall be informed and the new contact will be delivered."", ""timex_text"": ""1220"", ""timex_type"": ""DATE"", ""timex_value"": ""1220""}, {""text"": ""Signed in Mexicali, Baja California on june 14th, 2016 in two original copies in the Spanish and English languages, being both texts equally authentic."", ""timex_text"": ""june 14th, 2016"", ""timex_type"": ""DATE"", ""timex_value"": ""2016-06-14""}]",Phone number: (686) 551-73-15 and 16 E-mail: bavendano@baja.gob.mx For the CDFA all the communication will be directed t…,
California/1August26,California,d:\NLP_Project_tasks_6_8_11\OCR_output\California\1August26.txt,2014-01-01,,,,found,"[{""text"": ""Signed in Sacramento, California, on August twenty-six, two thousand fourteen, in two original copies in the Spanish and English languages."", ""timex_text"": ""August"", ""timex_type"": ""DATE"", ""timex_value"": ""XXXX-08""}, {""text"": ""Signed in Sacramento, California, on August twenty-six, two thousand fourteen, in two original copies in the Spanish and English languages."", ""timex_text"": ""two thousand fourteen"", ""timex_type"": ""DATE"", ""timex_value"": ""2014""}]","Signed in Sacramento, California, on August twenty-six, two thousand fourteen, in two original copies in the Spanish and…",
California/1December10,California,d:\NLP_Project_tasks_6_8_11\OCR_output\California\1December10.txt,2013-10-01,2015-12-10,,,found,"[{""text"": ""This Letter of Intent builds upon the mutually beneficial partnership of the State of California and the Netherlands on environmental cooperation, established (October 2013) and renewed (March 2015)."", ""timex_text"": ""March 2015"", ""timex_type"": ""DATE"", ""timex_value"": ""2015-03""}, {""text"": ""The Hague, December 10th, 2015 Karen Ross Taren Secretary for Food and Agriculture State of California, United States of America Martijn van Dam Minister for Agriculture the Netherlands 0028"", ""timex_text"": ""December 10th, 2015"", ""timex_type"": ""DATE"", ""timex_value"": ""2015-12-10""}]",This Letter of Intent builds upon the mutually beneficial partnership of the State of California and the Netherlands on …,
California/1December18,California,d:\NLP_Project_tasks_6_8_11\OCR_output\California\1December18.txt,0018-12-18,0019-11-05,,,found,"[{""text"": ""Date 12/18/18 Hilary Franz Comnissioner of Public Lands Washington State Department of Natural Resources The State of Washington UA Date_ 12/18/18 John Laird, Secretary California Natural Resources The State of California Date_ 12/18/18 Doug Donaldson, Minister British Columbia Ministry of Forests, Lands, Natural Resource Operations and Rural Development The Province of British Columbia Date_ 11/05/19 Petér Daugherty, Oregon State Forester Oregon Department of Forestry The State of Oregon"", ""timex_text"": ""12/18/18"", ""timex_type"": ""DATE"", ""timex_value"": ""0018-12-18""}, {""text"": ""Date 12/18/18 Hilary Franz Comnissioner of Public Lands Washington State Department of Natural Resources The State of Washington UA Date_ 12/18/18 John Laird, Secretary California Natural Resources The State of California Date_ 12/18/18 Doug Donaldson, Minister British Columbia Ministry of Forests, Lands, Natural Resource Operations and Rural Development The Province of British Columbia Date_ 11/05/19 Petér Daugherty, Oregon State Forester Oregon Department of Forestry The State of Oregon"", ""timex_text"": ""12/18/18"", ""timex_type"": ""DATE"", ""timex_value"": ""0018-12-18""}, {""text"": ""Date 12/18/18 Hilary Franz Comnissioner of Public Lands Washington State Department of Natural Resources The State of Washington UA Date_ 12/18/18 John Laird, Secretary California Natural Resources The State of California Date_ 12/18/18 Doug Donaldson, Minister British Columbia Ministry of Forests, Lands, Natural Resource Operations and Rural Development The Province of British Columbia Date_ 11/05/19 Petér Daugherty, Oregon State Forester Oregon Department of Forestry The State of Oregon"", ""timex_text"": ""12/18/18"", ""timex_type"": ""DATE"", ""timex_value"": ""0018-12-18""}, {""text"": ""Date 12/18/18 Hilary Franz Comnissioner of Public Lands Washington State Department of Natural Resources The State of Washington UA Date_ 12/18/18 John Laird, Secretary California Natural Resources The State of California Date_ 12/18/18 Doug Donaldson, Minister British Columbia Ministry of Forests, Lands, Natural Resource Operations and Rural Development The Province of British Columbia Date_ 11/05/19 Petér Daugherty, Oregon State Forester Oregon Department of Forestry The State of Oregon"", ""timex_text"": ""11/05/19"", ""timex_type"": ""DATE"", ""timex_value"": ""0019-11-05""}]",Date 12/18/18 Hilary Franz Comnissioner of Public Lands Washington State Department of Natural Resources The State of Wa…,
California/1December21,California,d:\NLP_Project_tasks_6_8_11\OCR_output\California\1December21.txt,2015-01-01,2050-01-01,,,found,"[{""text"": ""The Coalition was formed in 2015 by the states of California and Baden-Wirttemberg, Germany to mobilize and galvanize bold climate action from like-minded city, state and regional governments around the globe."", ""timex_text"": ""2015"", ""timex_type"": ""DATE"", ""timex_value"": ""2015""}, {""text"": ""Coalition members pledge to limit greenhouse gas emissions to 2 tons per capita or 80 to 95 percent below 1990 levels by 2050."", ""timex_text"": ""2050"", ""timex_type"": ""DATE"", ""timex_value"": ""2050""}, {""text"": ""Scotland signed the Under2 MOU in July 2015; WHEREAS, The Government of California and Government of Scotland entered into a Letter of Cooperation on Ambitious Action on Climate Change and the Low Carbon Economy in April of 2017."", ""timex_text"": ""July 2015"", ""timex_type"": ""DATE"", ""timex_value"": ""2015-07""}, {""text"": ""Scotland signed the Under2 MOU in July 2015; WHEREAS, The Government of California and Government of Scotland entered into a Letter of Cooperation on Ambitious Action on Climate Change and the Low Carbon Economy in April of 2017."", ""timex_text"": ""April of 2017"", ""timex_type"": ""DATE"", ""timex_value"": ""2017-04""}, {""text"": ""For the Scottish Government For the California Energy Commission CHRIS STARK KAREN DOUGLAS Director of Energy & Climate Change Commissioner Directorate California Energy Resources Conservation and Development Commission Signed on IS Janeuy 2018 Signed on 12/21/ 17 in Gloogen, Scoul in sacramento, Calforhia"", ""timex_text"": ""2018"", ""timex_type"": ""DATE"", ""timex_value"": ""2018""}]","The Coalition was formed in 2015 by the states of California and Baden-Wirttemberg, Germany to mobilize and galvanize bo…",
California/1December4,California,d:\NLP_Project_tasks_6_8_11\OCR_output\California\1December4.txt,2019-12-04,,,,found,"[{""text"": ""This MOU is signed in San Diego, California, on December 4, 2019 in three (3) original copiés of the same content in English and Spanish languages."", ""timex_text"": ""December 4, 2019"", ""timex_type"": ""DATE"", ""timex_value"": ""2019-12-04""}]","This MOU is signed in San Diego, California, on December 4, 2019 in three (3) original copiés of the same content in Eng…",
California/1December7 (1),California,d:\NLP_Project_tasks_6_8_11\OCR_output\California\1December7 (1).txt,1001-01-01,2018-12-01,,,found,"[{""text"": ""1001 I Street, Sacramento, CA 95812 For the Municipality of Mexicali, Baja California: the Senior Officer of the 22nd City Council of Mexicali."", ""timex_text"": ""1001"", ""timex_type"": ""DATE"", ""timex_value"": ""1001""}]","1001 I Street, Sacramento, CA 95812 For the Municipality of Mexicali, Baja California: the Senior Officer of the 22nd Ci…",
California/1December7 (2),California,d:\NLP_Project_tasks_6_8_11\OCR_output\California\1December7 (2).txt,2015-01-01,2016-10-01,,,found,"[{""text"": ""N EA VX 6 2015 # 9 F 15 Kt HL V A XABIH E X: To strengthen the cooperation on low carbon development, Zhenjiang Municipal People's Government, China and State of California, the United States of America (hereinafter referred to as the \""two parties\"") reach a Plan of Actions to cooperate with each other in the near term on the basis of the Memorandum of Understanding signed by the two parties on September 15 in Los Angeles, as an effort to expand the scope of cooperation and promote the commitment of making maximum contributions to addressing climate change."", ""timex_text"": ""2015"", ""timex_type"": ""DATE"", ""timex_value"": ""2015""}, {""text"": ""N EA VX 6 2015 # 9 F 15 Kt HL V A XABIH E X: To strengthen the cooperation on low carbon development, Zhenjiang Municipal People's Government, China and State of California, the United States of America (hereinafter referred to as the \""two parties\"") reach a Plan of Actions to cooperate with each other in the near term on the basis of the Memorandum of Understanding signed by the two parties on September 15 in Los Angeles, as an effort to expand the scope of cooperation and promote the commitment of making maximum contributions to addressing climate change."", ""timex_text"": ""September 15"", ""timex_type"": ""DATE"", ""timex_value"": ""2015-09-15""}, {""text"": ""The two parties shall take turns organizing the annual low carbon leaders' conference, review the progress of existing cooperation programs, and discuss the plan of cooperation in the next year."", ""timex_text"": ""the next year"", ""timex_type"": ""DATE"", ""timex_value"": ""2016""}, {""text"": ""Zhenjiang will organize an International Low Carbon Expo in October every year from 2016 in Zhenjiang, exhibiting low carbon technologies and products from around the world."", ""timex_text"": ""October"", ""timex_type"": ""DATE"", ""timex_value"": ""2016-10""}, {""text"": ""Zhenjiang will organize an International Low Carbon Expo in October every year from 2016 in Zhenjiang, exhibiting low carbon technologies and products from around the world."", ""timex_text"": ""every year"", ""timex_type"": ""SET"", ""timex_value"": ""P1Y""}]","N EA VX 6 2015 # 9 F 15 Kt HL V A XABIH E X: To strengthen the cooperation on low carbon development, Zhenjiang Municipa…",
California/1December7,California,d:\NLP_Project_tasks_6_8_11\OCR_output\California\1December7.txt,2015-12-01,2015-12-07,4 years,,found,"[{""text"": ""PURPOSE This joint declaration is being signed on the occasion and in the spirit of the COP21 international climate talks being held in Paris, France in December 2015, to promote cooperation on ambitious responses to climate change and related environmental issues, including Sustainable Urban Infrastructure, Water Management, Biodiversity, Transportation, Applied Science, Energy, and Climate Technologies."", ""timex_text"": ""December 2015"", ""timex_type"": ""DATE"", ""timex_value"": ""2015-12""}, {""text"": ""DURATION Unless otherwise extended in writing, this Joint Declaration is effective for a period of 4 years from the date of signing."", ""timex_text"": ""4 years"", ""timex_type"": ""DURATION"", ""timex_value"": ""P4Y""}, {""text"": ""This Joint Declaration is signed in Paris, France on December 7th, 2015 in two originals, with both the English and French language originals being equally valid."", ""timex_text"": ""December 7th, 2015"", ""timex_type"": ""DATE"", ""timex_value"": ""2015-12-07""}]",PURPOSE This joint declaration is being signed on the occasion and in the spirit of the COP21 international climate talk…,
California/1February14,California,d:\NLP_Project_tasks_6_8_11\OCR_output\California\1February14.txt,0030-01-01,2017-02-14,,,found,"[{""text"": ""AMENDMENT - February 2017 Article III."", ""timex_text"": ""February 2017"", ""timex_type"": ""DATE"", ""timex_value"": ""2017-02""}, {""text"": ""0030 The original Letter of Intent was effective on December 10th, 2015 and this Amendment will become effective on the date of signature and is done in duplicate in the English language."", ""timex_text"": ""0030"", ""timex_type"": ""DATE"", ""timex_value"": ""0030""}, {""text"": ""0030 The original Letter of Intent was effective on December 10th, 2015 and this Amendment will become effective on the date of signature and is done in duplicate in the English language."", ""timex_text"": ""December 10th, 2015"", ""timex_type"": ""DATE"", ""timex_value"": ""2015-12-10""}, {""text"": ""The Hague, Sacramento, 14 February, 2017 February, 2017 o Martijn van-Dam Karen Ross Minister for Agriculture Secretary for Food and Agriculture the Netherlands State of California, United States of America 0031"", ""timex_text"": ""14 February, 2017"", ""timex_type"": ""DATE"", ""timex_value"": ""2017-02-14""}, {""text"": ""AMENDMENT - February 2017 Article III."", ""timex_text"": ""February"", ""timex_type"": ""DATE"", ""timex_value"": ""2017-02""}]",AMENDMENT - February 2017 Article III.,
California/1February26,California,d:\NLP_Project_tasks_6_8_11\OCR_output\California\1February26.txt,2014-02-01,,,,found,"[{""text"": ""SIGNED this twenty-sixth day of February 2014 at San Francisco, California, in duplicate in the English and Spanish languages, each text being equally authentic."", ""timex_text"": ""February 2014"", ""timex_type"": ""DATE"", ""timex_value"": ""2014-02""}]","SIGNED this twenty-sixth day of February 2014 at San Francisco, California, in duplicate in the English and Spanish lang…",
California/1January30,California,d:\NLP_Project_tasks_6_8_11\OCR_output\California\1January30.txt,2050-01-01,2050-01-01,two years,,found,"[{""text"": ""MEMORANDUM OF UNDERSTANDING BETWEEN OF F THE STATE OF AGUASCALIENTES TERRA,BONA OF THE UNITED MEXICAN STATES AND THE CALIFORNIA ENERGY RESOURCES CONSERVATION AND ENERGY COMMISSION DEVELOPMENT COMMISSION ON COOPERATION ON CLEAN ENERGY POLICIES AND PROGRAMS This Memorandum of Understanding (MOU) is entered into between the State of Aguascalientes of the United Mexican States (\""Aguascalientes\"") and the California Energy Resources Conservation and Development Commission (the \""Energy Commission\""), (hereinafter referred to as \""the Participants\""), ACKNOWLEDGING that climate change presents worldwide challenges and risks to the environment, economies, and human health, and that governments at all levels need to act now to reduce greenhouse gas emissions; ACKNOWLEDGING that Aguascalientes and California are signatories to the MOU on Subnational Global Climate Leadership (Under2 MOU) and have agreed to limit greenhouse gas emissions to 80 percent below 1990 levels or below two metric tons per capita by 2050; RECOGNIZING that California has strong climate mitigation policies, including developing renewable energy and improving energy efficiency, which have proven effective at reducing greenhouse gas emissions while continuing to grow the economy; RECOGNIZING that Aguascalientes has a strong commitment to climate mitigation, including developing renewable energy, promoting clean transportation, improving energy efficiency, and expanding these technologies in order to reduce greenhouse gas emissions and continue to grow its clean tech economy; NOTING the potential economic, environmental, public health, and job creation benefits derived from implementing clean energy policies and programs; STRIVING to develop a mutually beneficial relationship of partnership and cooperation between the Participants; CONSISTENT with the governing laws of their respective countries; Have reached the following understanding: Paragraph 1 OBJECTIVE The objective of this MOU is to encourage future collaboration on clean energy policies and programs between the Participants on the basis of equality and mutual benefit."", ""timex_text"": ""now"", ""timex_type"": ""DATE"", ""timex_value"": ""PRESENT_REF""}, {""text"": ""MEMORANDUM OF UNDERSTANDING BETWEEN OF F THE STATE OF AGUASCALIENTES TERRA,BONA OF THE UNITED MEXICAN STATES AND THE CALIFORNIA ENERGY RESOURCES CONSERVATION AND ENERGY COMMISSION DEVELOPMENT COMMISSION ON COOPERATION ON CLEAN ENERGY POLICIES AND PROGRAMS This Memorandum of Understanding (MOU) is entered into between the State of Aguascalientes of the United Mexican States (\""Aguascalientes\"") and the California Energy Resources Conservation and Development Commission (the \""Energy Commission\""), (hereinafter referred to as \""the Participants\""), ACKNOWLEDGING that climate change presents worldwide challenges and risks to the environment, economies, and human health, and that governments at all levels need to act now to reduce greenhouse gas emissions; ACKNOWLEDGING that Aguascalientes and California are signatories to the MOU on Subnational Global Climate Leadership (Under2 MOU) and have agreed to limit greenhouse gas emissions to 80 percent below 1990 levels or below two metric tons per capita by 2050; RECOGNIZING that California has strong climate mitigation policies, including developing renewable energy and improving energy efficiency, which have proven effective at reducing greenhouse gas emissions while continuing to grow the economy; RECOGNIZING that Aguascalientes has a strong commitment to climate mitigation, including developing renewable energy, promoting clean transportation, improving energy efficiency, and expanding these technologies in order to reduce greenhouse gas emissions and continue to grow its clean tech economy; NOTING the potential economic, environmental, public health, and job creation benefits derived from implementing clean energy policies and programs; STRIVING to develop a mutually beneficial relationship of partnership and cooperation between the Participants; CONSISTENT with the governing laws of their respective countries; Have reached the following understanding: Paragraph 1 OBJECTIVE The objective of this MOU is to encourage future collaboration on clean energy policies and programs between the Participants on the basis of equality and mutual benefit."", ""timex_text"": ""2050"", ""timex_type"": ""DATE"", ""timex_value"": ""2050""}, {""text"": ""Drew Bohan Address: 1516 9th Street, Sacramento, CA 95814, USA E-mail: Drew.Bohan@energy.ca.gov For the State of Aguascalientes Name: Mr."", ""timex_text"": ""1516"", ""timex_type"": ""DATE"", ""timex_value"": ""1516""}, {""text"": ""Jose Maria Chavez 1917, Aguascalientes, CP 20280 E-mail: julio.medina@aguascalientes.gob.mx Paragraph 10 FINAL PROVISIONS This MOU is neither a contract nor a treaty."", ""timex_text"": ""1917"", ""timex_type"": ""DATE"", ""timex_value"": ""1917""}, {""text"": ""This MOU will be effective upon the date of its signature by both participants, will remain in force for two years thereafter, and may be renewed for equal periods by mutual consent of the Participants until terminated through written notice."", ""timex_text"": ""two years"", ""timex_type"": ""DURATION"", ""timex_value"": ""P2Y""}]","MEMORANDUM OF UNDERSTANDING BETWEEN OF F THE STATE OF AGUASCALIENTES TERRA,BONA OF THE UNITED MEXICAN STATES AND THE CAL…",
California/1January9,California,d:\NLP_Project_tasks_6_8_11\OCR_output\California\1January9.txt,2017-01-09,2017-01-09,Over the past few years,,found,"[{""text"": ""AND WHEREAS: Over the past few years several California State and Dutch Agencies have signed various agreements to combat climate change (e.g."", ""timex_text"": ""Over the past few years"", ""timex_type"": ""DURATION"", ""timex_value"": ""PXY""}, {""text"": ""LOI on Environmental Cooperation, October 2013; MoU to enhance International Cooperation on Zero Emission Vehicles, May 2015); The Netherlands and various subnational provinces have signed the Under2MoU, including the commitment to develop sustainable transportation and energy solutions like SolaRoad and Smart Mobility."", ""timex_text"": ""October 2013"", ""timex_type"": ""DATE"", ""timex_value"": ""2013-10""}, {""text"": ""LOI on Environmental Cooperation, October 2013; MoU to enhance International Cooperation on Zero Emission Vehicles, May 2015); The Netherlands and various subnational provinces have signed the Under2MoU, including the commitment to develop sustainable transportation and energy solutions like SolaRoad and Smart Mobility."", ""timex_text"": ""May 2015"", ""timex_type"": ""DATE"", ""timex_value"": ""2015-05""}, {""text"": ""AND WHEREAS: The California Energy Commission (CEC) and the Province of Noord-Holland have signed the Working Agreement MoU (March 2015) to archive tangible results related to Zero Emission transportation, Smart Mobility and SolaRoad; The California Department of Transportation and the Province of Noord-Holland have signed a Letter of Intent to exchange information and understanding with respect to the use of SolaRoad in The Netherlands, to collaborate and realize options for the implementation of a Demonstration Project in LA/Ventura/Kern County."", ""timex_text"": ""March 2015"", ""timex_type"": ""DATE"", ""timex_value"": ""2015-03""}, {""text"": ""LOI on Environmental Cooperation, October 2013; MoU to enhance International Cooperation on Zero Emission Vehicles, May 2015); The Netherlands and various subnational provinces have signed the Under2MoU, including the commitment to develop sustainable transportation and energy solutions like SolaRoad and Smart Mobility."", ""timex_text"": ""2015"", ""timex_type"": ""DATE"", ""timex_value"": ""2015""}]",AND WHEREAS: Over the past few years several California State and Dutch Agencies have signed various agreements to comba…,
California/1July12,California,d:\NLP_Project_tasks_6_8_11\OCR_output\California\1July12.txt,2013-07-12,,,,found,"[{""text"": ""ERUVIEL AVILLEGAS Brotnl - com 2 - This Letter of Intent is signed in duplicate, both English and Spanish version, in the city of Monterey, California, United States of America, on July 12th, 2013."", ""timex_text"": ""July 12th, 2013"", ""timex_type"": ""DATE"", ""timex_value"": ""2013-07-12""}]","ERUVIEL AVILLEGAS Brotnl - com 2 - This Letter of Intent is signed in duplicate, both English and Spanish version, in th…",
California/1July29,California,d:\NLP_Project_tasks_6_8_11\OCR_output\California\1July29.txt,1516-01-01,2014-07-29,five years,,found,"[{""text"": ""Drew Bohan Address: 1516 9th Street MS-39, Sacramento, CA 95814, USA."", ""timex_text"": ""1516"", ""timex_type"": ""DATE"", ""timex_value"": ""1516""}, {""text"": ""This MOU will be applicable upon the date of its signature by both participants, and will remain in force during five years that may be renewed for equal periods, by mutual consent of \""the Participants\"", until terminated through written notice."", ""timex_text"": ""five years"", ""timex_type"": ""DURATION"", ""timex_value"": ""P5Y""}, {""text"": ""Either Participant may terminate its participation in this MOU by providing the other a thirty days written notice."", ""timex_text"": ""thirty days"", ""timex_type"": ""DURATION"", ""timex_value"": ""P30D""}, {""text"": ""Signed in Mexico City on 29 July 2014, in two originals in Spanish and English languages, both texts being equally authentic."", ""timex_text"": ""29 July 2014"", ""timex_type"": ""DATE"", ""timex_value"": ""2014-07-29""}]","Drew Bohan Address: 1516 9th Street MS-39, Sacramento, CA 95814, USA.",
California/1July30 (1),California,d:\NLP_Project_tasks_6_8_11\OCR_output\California\1July30 (1).txt,2013-01-01,2014-07-30,twenty years,,found,"[{""text"": ""MEMORANDUM OF UNDERSTANDING FOR STRENGTHENING TRADE AND INVESTMENT COOPERATION BETWEEN THE MINISTRY OF ECONOMY OF THE UNITED MEXICAN STATES AND THE GOVERNMENT OF THE STATE OF CALIFORNIA OF THE UNITED STATES OF AMERICA The Ministry of Economy of the United Mexican States (Ministry of Economy) and the Government of the State of California of the United States of America, together hereinafter referred to as \""the Participants\""; In recognizing that WHEREAS: Two-way trade in goods between Mexico and California totaled over $60.1 billion in 2013 I one of the largest two-way trade relationships between Mexico and a U.S."", ""timex_text"": ""2013"", ""timex_type"": ""DATE"", ""timex_value"": ""2013""}, {""text"": ""State; The North American Free Trade Agreement (\""NAFTA\""), having now been in effect for twenty years continues to provide the principal foundation for expanding trade and investment between Mexico and California; Mexico is a key trade and investment partner for the Obama Administration's \""Look South Initiative\"" launched on January 9,2014; Mexico and California share a 136-mile border and close historical, cultural, and economic ties; and The Participants seek to expand the current level of economic and investment cooperation between Mexico and California in, but not limited to, alternative and renewable energy, environmental and related clean technologies, advanced manufacturing, biotech, medical devices, Information technology (IT), agriculture-related technologies, education, tourism and cross- border goods movement infrastructure; Have agreed as follows: ARTICLEI Objective The purpose of this Memorandum of Understanding (hereinafter \""MOU\"") is to establish a formal and flexible framework between the Participants to expand trade and investment cooperation, foster scientific and technological collaboration for business development in emerging key sectors, strengthen communication, enhance trust, boost economic development and create jobs."", ""timex_text"": ""now"", ""timex_type"": ""DATE"", ""timex_value"": ""PRESENT_REF""}, {""text"": ""State; The North American Free Trade Agreement (\""NAFTA\""), having now been in effect for twenty years continues to provide the principal foundation for expanding trade and investment between Mexico and California; Mexico is a key trade and investment partner for the Obama Administration's \""Look South Initiative\"" launched on January 9,2014; Mexico and California share a 136-mile border and close historical, cultural, and economic ties; and The Participants seek to expand the current level of economic and investment cooperation between Mexico and California in, but not limited to, alternative and renewable energy, environmental and related clean technologies, advanced manufacturing, biotech, medical devices, Information technology (IT), agriculture-related technologies, education, tourism and cross- border goods movement infrastructure; Have agreed as follows: ARTICLEI Objective The purpose of this Memorandum of Understanding (hereinafter \""MOU\"") is to establish a formal and flexible framework between the Participants to expand trade and investment cooperation, foster scientific and technological collaboration for business development in emerging key sectors, strengthen communication, enhance trust, boost economic development and create jobs."", ""timex_text"": ""twenty years"", ""timex_type"": ""DURATION"", ""timex_value"": ""P20Y""}, {""text"": ""State; The North American Free Trade Agreement (\""NAFTA\""), having now been in effect for twenty years continues to provide the principal foundation for expanding trade and investment between Mexico and California; Mexico is a key trade and investment partner for the Obama Administration's \""Look South Initiative\"" launched on January 9,2014; Mexico and California share a 136-mile border and close historical, cultural, and economic ties; and The Participants seek to expand the current level of economic and investment cooperation between Mexico and California in, but not limited to, alternative and renewable energy, environmental and related clean technologies, advanced manufacturing, biotech, medical devices, Information technology (IT), agriculture-related technologies, education, tourism and cross- border goods movement infrastructure; Have agreed as follows: ARTICLEI Objective The purpose of this Memorandum of Understanding (hereinafter \""MOU\"") is to establish a formal and flexible framework between the Participants to expand trade and investment cooperation, foster scientific and technological collaboration for business development in emerging key sectors, strengthen communication, enhance trust, boost economic development and create jobs."", ""timex_text"": ""January"", ""timex_type"": ""DATE"", ""timex_value"": ""2013-01""}, {""text"": ""State; The North American Free Trade Agreement (\""NAFTA\""), having now been in effect for twenty years continues to provide the principal foundation for expanding trade and investment between Mexico and California; Mexico is a key trade and investment partner for the Obama Administration's \""Look South Initiative\"" launched on January 9,2014; Mexico and California share a 136-mile border and close historical, cultural, and economic ties; and The Participants seek to expand the current level of economic and investment cooperation between Mexico and California in, but not limited to, alternative and renewable energy, environmental and related clean technologies, advanced manufacturing, biotech, medical devices, Information technology (IT), agriculture-related technologies, education, tourism and cross- border goods movement infrastructure; Have agreed as follows: ARTICLEI Objective The purpose of this Memorandum of Understanding (hereinafter \""MOU\"") is to establish a formal and flexible framework between the Participants to expand trade and investment cooperation, foster scientific and technological collaboration for business development in emerging key sectors, strengthen communication, enhance trust, boost economic development and create jobs."", ""timex_text"": ""current"", ""timex_type"": ""DATE"", ""timex_value"": ""PRESENT_REF""}]",MEMORANDUM OF UNDERSTANDING FOR STRENGTHENING TRADE AND INVESTMENT COOPERATION BETWEEN THE MINISTRY OF ECONOMY OF THE UN…,
California/1July30,California,d:\NLP_Project_tasks_6_8_11\OCR_output\California\1July30.txt,2014-07-30,,,,found,"[{""text"": ""Mexico City, July 30, 2014 For the Government of California For the Ministry of Labor United States of America and Social Welfare United Mexican States a La Edmund G.Brown'Jr."", ""timex_text"": ""July 30, 2014"", ""timex_type"": ""DATE"", ""timex_value"": ""2014-07-30""}]","Mexico City, July 30, 2014 For the Government of California For the Ministry of Labor United States of America and Socia…",
California/1July5,California,d:\NLP_Project_tasks_6_8_11\OCR_output\California\1July5.txt,1986-01-01,2013-01-01,over the past 27 years,,found,"[{""text"": ""On July."", ""timex_text"": ""July"", ""timex_type"": ""DATE"", ""timex_value"": ""XXXX-07""}, {""text"": ""2, 1986, the California Department of Education and the Ministry of Education of Spain, established a historic Memorandum of Understanding (MOU)."", ""timex_text"": ""1986"", ""timex_type"": ""DATE"", ""timex_value"": ""1986""}, {""text"": ""The initial MOU was expanded and accepted by both parties in May 1989."", ""timex_text"": ""May 1989"", ""timex_type"": ""DATE"", ""timex_value"": ""1989-05""}, {""text"": ""In February 1993, January 1997, February 2000, and February 2005, the MOU was revised and newly signed."", ""timex_text"": ""February 1993"", ""timex_type"": ""DATE"", ""timex_value"": ""1993-02""}, {""text"": ""In February 1993, January 1997, February 2000, and February 2005, the MOU was revised and newly signed."", ""timex_text"": ""January 1997"", ""timex_type"": ""DATE"", ""timex_value"": ""1997-01""}]",On July.,
California/1June1 (1),California,d:\NLP_Project_tasks_6_8_11\OCR_output\California\1June1 (1).txt,1889-01-01,2035-01-01,,,found,"[{""text"": ""Pacific North America Climate Leadership Agreement SEAL OF THE STATE - FHIB Os A CAL LIFORNIA SHIE 1889 NO R U a CITY OF OAKLAND 9 L PREAMBLE Observing that the Pacific Coast's experience with drought, wildfire, extreme weather, and other impacts are expected tol be exacerbated by climate change, which threatens the environment, private and public THE."", ""timex_text"": ""1889"", ""timex_type"": ""DATE"", ""timex_value"": ""1889""}, {""text"": ""ANGELES, OAKLAND, Complementing thej policy goals ofindividuall Pacific Coast Jurisdictions and Cities as well as current intergovernmental PORTLAND,SAN FRANCISCO,SEATTLE,AND collaborations, specifically thel Pacific Coast Collaborative's."", ""timex_text"": ""current"", ""timex_type"": ""DATE"", ""timex_value"": ""PRESENT_REF""}, {""text"": ""Collaboration amongPacific Coast Jurisdictions and Cities creates the opportunity to extend these than 3,000 today."", ""timex_text"": ""today"", ""timex_type"": ""DATE"", ""timex_value"": ""PRESENT_REF""}, {""text"": ""Working together, Pacific be 100 percent renewable for electricity, transportation, heating and CoastJurisdictions: and Cities can utilize building-level performance cooling by 2030 or 2035."", ""timex_text"": ""2030"", ""timex_type"": ""DATE"", ""timex_value"": ""2030""}, {""text"": ""Working together, Pacific be 100 percent renewable for electricity, transportation, heating and CoastJurisdictions: and Cities can utilize building-level performance cooling by 2030 or 2035."", ""timex_text"": ""2035"", ""timex_type"": ""DATE"", ""timex_value"": ""2035""}]",Pacific North America Climate Leadership Agreement SEAL OF THE STATE - FHIB Os A CAL LIFORNIA SHIE 1889 NO R U a CITY OF…,
California/1June1,California,d:\NLP_Project_tasks_6_8_11\OCR_output\California\1June1.txt,2008-06-01,2050-01-01,five minute,,found,"[{""text"": ""PACIFIC COAST CLIMATE LEADERSHIP ACTION PLAN SEAL OF THE STATE CALIFORNIA SHL 1889 0 859 The Governments ofBritish Columbia, California, by 2050 and which at the time ofthis agreementl has over 125 national and Oregon and Washington, subnationals signatories representing710n million people and leconomies totaling $20.7 trillion."", ""timex_text"": ""2050"", ""timex_type"": ""DATE"", ""timex_value"": ""2050""}, {""text"": ""Through the Under2MOU andi lindividual Pursuant to the Memorandum tol Establish the Pacific Coast Collaborative of internationall bilateral agreements, British Columbia, California, Oregon June 2008, as provided for in Article 6; and Washington will continue to push for national and international climate action consistent with the ambition oft the Paris Agreement and Building upon the goals ofthe 20131 Pacific Coast Collaborative's (PCC) risingambition over time."", ""timex_text"": ""June 2008"", ""timex_type"": ""DATE"", ""timex_value"": ""2008-06""}, {""text"": ""Pacific Coastj jurisdictions' commitments embodiedi in 2) Address socioeconomic inequities by improving access to clean thel Under2MOU and reinforcing the 2015 COP 21 Paris Agreement's energy technologies and solutions and targeting investments to internationala lambition tol limit global warmingt tol less than two degrees communities that are disproportionately affected by climate change."", ""timex_text"": ""2015"", ""timex_type"": ""DATE"", ""timex_value"": ""2015""}, {""text"": ""Jurisdictions will continue to actively engage and Canada asa whole from 2010-2014, infuencedl by new investments, disadvantaged communities, includingon new policies and programs supportive public policy, and shifting market demand for mores sustainable resulting from this Action Plan."", ""timex_text"": ""2010"", ""timex_type"": ""DATE"", ""timex_value"": ""2010""}, {""text"": ""Jurisdictions will continue to actively engage and Canada asa whole from 2010-2014, infuencedl by new investments, disadvantaged communities, includingon new policies and programs supportive public policy, and shifting market demand for mores sustainable resulting from this Action Plan."", ""timex_text"": ""2014"", ""timex_type"": ""DATE"", ""timex_value"": ""2014""}]",PACIFIC COAST CLIMATE LEADERSHIP ACTION PLAN SEAL OF THE STATE CALIFORNIA SHL 1889 0 859 The Governments ofBritish Colum…,
California/1June14,California,d:\NLP_Project_tasks_6_8_11\OCR_output\California\1June14.txt,2019-01-01,2030-06-01,,,found,"[{""text"": ""REGIONS FOR GLOBAL SUSTAINABLE DEVELOPMENT Declaration We, Governors and High Representatives of the State of California, the Emilia-Romagna Region, the Province of Gauteng, the.Province of Guangdong, Land Hessen, Nouvelle-Aquitaine Region and the Commonwealth of Pennsylvania, meeting in Bologna from 12th to 14th June 2019 for the international Conference Regions for sustainable global development\"", have established new objectives and new areas of cooperation for the global and sustainable development of our territories."", ""timex_text"": ""12th"", ""timex_type"": ""DATE"", ""timex_value"": ""2019-06-12""}, {""text"": ""REGIONS FOR GLOBAL SUSTAINABLE DEVELOPMENT Declaration We, Governors and High Representatives of the State of California, the Emilia-Romagna Region, the Province of Gauteng, the.Province of Guangdong, Land Hessen, Nouvelle-Aquitaine Region and the Commonwealth of Pennsylvania, meeting in Bologna from 12th to 14th June 2019 for the international Conference Regions for sustainable global development\"", have established new objectives and new areas of cooperation for the global and sustainable development of our territories."", ""timex_text"": ""14th June 2019"", ""timex_type"": ""DATE"", ""timex_value"": ""2019-06-14""}, {""text"": ""In the context of such a deep, structural change, it is fundamental to have access to human capital, skills, research and technologies suitable for governing and leading institutional, social, cultural and production processes that are innovative and sustainable and that, through international cooperation, connect with the drivers of change that are now transforming the world."", ""timex_text"": ""now"", ""timex_type"": ""DATE"", ""timex_value"": ""PRESENT_REF""}, {""text"": ""In the context of such a deep, structural change, it is fundamental to have access to human capital, skills, research and technologies suitable for governing and leading institutional, social, cultural and production processes that are innovative and sustainable and that, through international cooperation, connect with the drivers of change that are now transforming the world."", ""timex_text"": ""now"", ""timex_type"": ""DATE"", ""timex_value"": ""PRESENT_REF""}, {""text"": ""HESSEN #1 E Regione@EmilleRomagna GAUTENG H Nouvelle- Aquitaine Our principles and shared commitments Together, we agree that the objectives defined by Agenda 2030 and its programme of action for people, for the planet, for prosperity, for reinforcing universal peace and for the fight against poverty in all its forms and dimensions, are our priorities, determined to put them into practice through global collaboration for sustainable development, based on a spirit of reinforced global solidarity."", ""timex_text"": ""2030"", ""timex_type"": ""DATE"", ""timex_value"": ""2030""}]","REGIONS FOR GLOBAL SUSTAINABLE DEVELOPMENT Declaration We, Governors and High Representatives of the State of California…",
California/1June24 (1),California,d:\NLP_Project_tasks_6_8_11\OCR_output\California\1June24 (1).txt,2014-01-01,2015-12-01,4 years,,found,"[{""text"": ""To further this effort the Partners will jointly host a forum at the Border Governor's Conference in 2015 documenting cross-border consumer educational materials."", ""timex_text"": ""2015"", ""timex_type"": ""DATE"", ""timex_value"": ""2015""}, {""text"": ""Unless otherwise extended in writing, this Memorandum of Understanding is applicable for a period of 4 years."", ""timex_text"": ""4 years"", ""timex_type"": ""DURATION"", ""timex_value"": ""P4Y""}, {""text"": ""Signed in Mexico City, Federal District, on the tenth day of December, two thousand fourteen."", ""timex_text"": ""December"", ""timex_type"": ""DATE"", ""timex_value"": ""2015-12""}]",To further this effort the Partners will jointly host a forum at the Border Governor's Conference in 2015 documenting cr…,
California/1June26,California,d:\NLP_Project_tasks_6_8_11\OCR_output\California\1June26.txt,2016-01-01,2019-06-26,the five-year period,,found,"[{""text"": ""WHEREAS climate change is real, urgent and leading to more frequent extreme weather events, such as stronger storms and droughts, wildfires, eroding coastlines, billions of dollars in economic costs annually for governments, businesses and citizens, and in risks to human health; WHEREAS climate change is a global threat to the development and the security of individuals and communities, and there is an urgent need to collaborate on solutions; WHEREAS cleaner vehicles, engines, and fuels, help fight climate change and reduce air pollution that is harming peoples' health, and can reduce costs for households and companies; WHEREAS the North American auto sector is deeply integrated, including closely aligned standards and general availability of vehicle models, and decarbonisation measures can be shared widely to accelerate their adoption; WHEREAS consumers are increasingly choosing zero-emission vehicles as costs continue to decrease and technology improves each year; WHEREAS there is a need to ensure that all can benefit from our transition to a clean transportation future, particularly within low-income and disadvantaged communities; WHEREAS Canada is currently reviewing its light-duty vehicle standards; and California did a similar review in 2016 and found the light-duty vehicle standards, including its greenhouse gas standards and zero-emission vehicle standards, technically achievable, cost-effective and appropriate; WHEREAS California Air Resources Board and Environment and Climate Change Canada have been collaborating on vehicle, engine, and fuels regulatory development; and WHEREAS regulations will not achieve expected emissions reductions without a strong compliance verification program."", ""timex_text"": ""annually"", ""timex_type"": ""SET"", ""timex_value"": ""XXXX""}, {""text"": ""WHEREAS climate change is real, urgent and leading to more frequent extreme weather events, such as stronger storms and droughts, wildfires, eroding coastlines, billions of dollars in economic costs annually for governments, businesses and citizens, and in risks to human health; WHEREAS climate change is a global threat to the development and the security of individuals and communities, and there is an urgent need to collaborate on solutions; WHEREAS cleaner vehicles, engines, and fuels, help fight climate change and reduce air pollution that is harming peoples' health, and can reduce costs for households and companies; WHEREAS the North American auto sector is deeply integrated, including closely aligned standards and general availability of vehicle models, and decarbonisation measures can be shared widely to accelerate their adoption; WHEREAS consumers are increasingly choosing zero-emission vehicles as costs continue to decrease and technology improves each year; WHEREAS there is a need to ensure that all can benefit from our transition to a clean transportation future, particularly within low-income and disadvantaged communities; WHEREAS Canada is currently reviewing its light-duty vehicle standards; and California did a similar review in 2016 and found the light-duty vehicle standards, including its greenhouse gas standards and zero-emission vehicle standards, technically achievable, cost-effective and appropriate; WHEREAS California Air Resources Board and Environment and Climate Change Canada have been collaborating on vehicle, engine, and fuels regulatory development; and WHEREAS regulations will not achieve expected emissions reductions without a strong compliance verification program."", ""timex_text"": ""each year"", ""timex_type"": ""SET"", ""timex_value"": ""P1Y""}, {""text"": ""WHEREAS climate change is real, urgent and leading to more frequent extreme weather events, such as stronger storms and droughts, wildfires, eroding coastlines, billions of dollars in economic costs annually for governments, businesses and citizens, and in risks to human health; WHEREAS climate change is a global threat to the development and the security of individuals and communities, and there is an urgent need to collaborate on solutions; WHEREAS cleaner vehicles, engines, and fuels, help fight climate change and reduce air pollution that is harming peoples' health, and can reduce costs for households and companies; WHEREAS the North American auto sector is deeply integrated, including closely aligned standards and general availability of vehicle models, and decarbonisation measures can be shared widely to accelerate their adoption; WHEREAS consumers are increasingly choosing zero-emission vehicles as costs continue to decrease and technology improves each year; WHEREAS there is a need to ensure that all can benefit from our transition to a clean transportation future, particularly within low-income and disadvantaged communities; WHEREAS Canada is currently reviewing its light-duty vehicle standards; and California did a similar review in 2016 and found the light-duty vehicle standards, including its greenhouse gas standards and zero-emission vehicle standards, technically achievable, cost-effective and appropriate; WHEREAS California Air Resources Board and Environment and Climate Change Canada have been collaborating on vehicle, engine, and fuels regulatory development; and WHEREAS regulations will not achieve expected emissions reductions without a strong compliance verification program."", ""timex_text"": ""currently"", ""timex_type"": ""DATE"", ""timex_value"": ""PRESENT_REF""}, {""text"": ""WHEREAS climate change is real, urgent and leading to more frequent extreme weather events, such as stronger storms and droughts, wildfires, eroding coastlines, billions of dollars in economic costs annually for governments, businesses and citizens, and in risks to human health; WHEREAS climate change is a global threat to the development and the security of individuals and communities, and there is an urgent need to collaborate on solutions; WHEREAS cleaner vehicles, engines, and fuels, help fight climate change and reduce air pollution that is harming peoples' health, and can reduce costs for households and companies; WHEREAS the North American auto sector is deeply integrated, including closely aligned standards and general availability of vehicle models, and decarbonisation measures can be shared widely to accelerate their adoption; WHEREAS consumers are increasingly choosing zero-emission vehicles as costs continue to decrease and technology improves each year; WHEREAS there is a need to ensure that all can benefit from our transition to a clean transportation future, particularly within low-income and disadvantaged communities; WHEREAS Canada is currently reviewing its light-duty vehicle standards; and California did a similar review in 2016 and found the light-duty vehicle standards, including its greenhouse gas standards and zero-emission vehicle standards, technically achievable, cost-effective and appropriate; WHEREAS California Air Resources Board and Environment and Climate Change Canada have been collaborating on vehicle, engine, and fuels regulatory development; and WHEREAS regulations will not achieve expected emissions reductions without a strong compliance verification program."", ""timex_text"": ""2016"", ""timex_type"": ""DATE"", ""timex_value"": ""2016""}, {""text"": ""Collaborate on the development of our respective greenhouse gas regulations for light-duty vehicles that require meaningful improvements in vehicle efficiency every year, such as those currently in effect."", ""timex_text"": ""every year"", ""timex_type"": ""SET"", ""timex_value"": ""P1Y""}]","WHEREAS climate change is real, urgent and leading to more frequent extreme weather events, such as stronger storms and …",
California/1June5,California,d:\NLP_Project_tasks_6_8_11\OCR_output\California\1June5.txt,2017-06-05,2017-06-05,30 days,explicit,found,"[{""text"": ""ACKNOWLEDGING that California has a long history of successful collaboration with China, including cooperation on climate change, air quality, energy efficiency, renewable energy, new-energy and zero emission vehicle development, emissions trading systems, and climate-positive trade and investment opporturities; ACKNOWLEDGING that California has strong climate mitigation policies, including reducing greenhouse gas emissions 40% below 1990 levels by 2030, 50% renewable energy and doubling of energy efficiency by 2030, and extensive investment in clean technology development and deployment; ACKNOWLEDING that the Province of Jiangsu has strong programs and policies designed to reduce air pollution and address climate change has a large number of businesses focused on innovative clean technologies, and seeks to stimulate economic growth while improving air quality and public heaith; ACKNOWLEDGING the opportunity to further California-Jiangsu bilateral cooperation to promote clean technology innovation and investment; STRIVING to develop a mutually beneficial relationship of partnership and cooperation to slimulate econornic growth in both Jiangsu and California through business-led innovation which can draw on the research and development capabilities in both councries in order to address industrial challenges that will shape the markets of the future; and CONSISTENT with the governing laws of their respective countries: Paitisipants have reached the following understanding: Prragraph 1 OBJECTIVE The objective of this Memorandum of Understanding \""MOU\"") is to support the Participants in advancing innovation and development of, anci invescment in, low-carbon energy resources and clean technologies."", ""timex_text"": ""2030"", ""timex_type"": ""DATE"", ""timex_value"": ""2030""}, {""text"": ""ACKNOWLEDGING that California has a long history of successful collaboration with China, including cooperation on climate change, air quality, energy efficiency, renewable energy, new-energy and zero emission vehicle development, emissions trading systems, and climate-positive trade and investment opporturities; ACKNOWLEDGING that California has strong climate mitigation policies, including reducing greenhouse gas emissions 40% below 1990 levels by 2030, 50% renewable energy and doubling of energy efficiency by 2030, and extensive investment in clean technology development and deployment; ACKNOWLEDING that the Province of Jiangsu has strong programs and policies designed to reduce air pollution and address climate change has a large number of businesses focused on innovative clean technologies, and seeks to stimulate economic growth while improving air quality and public heaith; ACKNOWLEDGING the opportunity to further California-Jiangsu bilateral cooperation to promote clean technology innovation and investment; STRIVING to develop a mutually beneficial relationship of partnership and cooperation to slimulate econornic growth in both Jiangsu and California through business-led innovation which can draw on the research and development capabilities in both councries in order to address industrial challenges that will shape the markets of the future; and CONSISTENT with the governing laws of their respective countries: Paitisipants have reached the following understanding: Prragraph 1 OBJECTIVE The objective of this Memorandum of Understanding \""MOU\"") is to support the Participants in advancing innovation and development of, anci invescment in, low-carbon energy resources and clean technologies."", ""timex_text"": ""2030"", ""timex_type"": ""DATE"", ""timex_value"": ""2030""}, {""text"": ""The Joint Working Group will meet annually on a mutually agreed date and at a mutually agreed upon venue to discuss progress on the implementation of the MOU."", ""timex_text"": ""annually"", ""timex_type"": ""SET"", ""timex_value"": ""XXXX""}, {""text"": ""Either Participant may terminate this MOU by providing the other with 30 days writter rotice Signed ir Nanjing, China on June 5, 2017,in two originals in Chinese and English languages, both texts being equally authentic."", ""timex_text"": ""30 days"", ""timex_type"": ""DURATION"", ""timex_value"": ""P30D""}, {""text"": ""Either Participant may terminate this MOU by providing the other with 30 days writter rotice Signed ir Nanjing, China on June 5, 2017,in two originals in Chinese and English languages, both texts being equally authentic."", ""timex_text"": ""June 5, 2017"", ""timex_type"": ""DATE"", ""timex_value"": ""2017-06-05""}]","ACKNOWLEDGING that California has a long history of successful collaboration with China, including cooperation on climat…",
California/1June6,California,d:\NLP_Project_tasks_6_8_11\OCR_output\California\1June6.txt,2005-01-01,2030-01-01,30 days,,found,"[{""text"": ""Memorandum of Understanding on Research, Innovation, and Investment to Advance Cooperation on Low-Carbon Development and Clean Energy Resources The Government of California of the United States of America And The Ministry of Science and Technology of the People's Republic of China ACKNOWLEDGING that California has a long history of successful collaboration with China, including cooperation on climate change, air quality, energy efficiency, renewable energy, new-energy and zero emission vehicle development, emissions trading systems, and climate-positive trade and investment opportunities; RECOGNIZING the negative effects of climate change on both developing and developed countries, as well as the importance of jointly promoting low-carbon development and clean technology to fight against climate change; ACKNOWLEDGING that California has strong climate mitigation policies, including reducing greenhouse gas emissions 40% below 1990 levels by 2030, 50% renewable energy and doubling of energy efficiency by 2030, and extensive investment in clean technology development and deployment; ACKNOWLEDING that China is committed to improving air quality and controlling greenhouse gas emissions, and will spare no efforts to reach its peak of CO2 emissions around 2030 as soon as possible and reduce its CO2 emissions per unit of GDP by 60-65% compared with the ratio in 2005; ACKNOWLEDGING the tremendous opportunity to further California-China bilateral cooperation to promote clean technology innovation and investment; STRIVING to develop a mutually beneficial relationship of partnership and cooperation between California and China and to advance economic, environmental, public health, and job creation benefits derived from implementing clean energy and low-carbon technologies, policies, and programs; and CONSISTENT with the governing laws of their respective countries: California and China (hereinafter referred to as the \""Participants\"") have reached the following understanding: Paragraph 1 OBJECTIVE The objective of this Memorandum of Understanding (\""MOU\"") is to support the Participants in advancing innovation and development of, and investment in, low-carbon energy resources and clean technologies."", ""timex_text"": ""2030"", ""timex_type"": ""DATE"", ""timex_value"": ""2030""}, {""text"": ""Memorandum of Understanding on Research, Innovation, and Investment to Advance Cooperation on Low-Carbon Development and Clean Energy Resources The Government of California of the United States of America And The Ministry of Science and Technology of the People's Republic of China ACKNOWLEDGING that California has a long history of successful collaboration with China, including cooperation on climate change, air quality, energy efficiency, renewable energy, new-energy and zero emission vehicle development, emissions trading systems, and climate-positive trade and investment opportunities; RECOGNIZING the negative effects of climate change on both developing and developed countries, as well as the importance of jointly promoting low-carbon development and clean technology to fight against climate change; ACKNOWLEDGING that California has strong climate mitigation policies, including reducing greenhouse gas emissions 40% below 1990 levels by 2030, 50% renewable energy and doubling of energy efficiency by 2030, and extensive investment in clean technology development and deployment; ACKNOWLEDING that China is committed to improving air quality and controlling greenhouse gas emissions, and will spare no efforts to reach its peak of CO2 emissions around 2030 as soon as possible and reduce its CO2 emissions per unit of GDP by 60-65% compared with the ratio in 2005; ACKNOWLEDGING the tremendous opportunity to further California-China bilateral cooperation to promote clean technology innovation and investment; STRIVING to develop a mutually beneficial relationship of partnership and cooperation between California and China and to advance economic, environmental, public health, and job creation benefits derived from implementing clean energy and low-carbon technologies, policies, and programs; and CONSISTENT with the governing laws of their respective countries: California and China (hereinafter referred to as the \""Participants\"") have reached the following understanding: Paragraph 1 OBJECTIVE The objective of this Memorandum of Understanding (\""MOU\"") is to support the Participants in advancing innovation and development of, and investment in, low-carbon energy resources and clean technologies."", ""timex_text"": ""2030"", ""timex_type"": ""DATE"", ""timex_value"": ""2030""}, {""text"": ""Memorandum of Understanding on Research, Innovation, and Investment to Advance Cooperation on Low-Carbon Development and Clean Energy Resources The Government of California of the United States of America And The Ministry of Science and Technology of the People's Republic of China ACKNOWLEDGING that California has a long history of successful collaboration with China, including cooperation on climate change, air quality, energy efficiency, renewable energy, new-energy and zero emission vehicle development, emissions trading systems, and climate-positive trade and investment opportunities; RECOGNIZING the negative effects of climate change on both developing and developed countries, as well as the importance of jointly promoting low-carbon development and clean technology to fight against climate change; ACKNOWLEDGING that California has strong climate mitigation policies, including reducing greenhouse gas emissions 40% below 1990 levels by 2030, 50% renewable energy and doubling of energy efficiency by 2030, and extensive investment in clean technology development and deployment; ACKNOWLEDING that China is committed to improving air quality and controlling greenhouse gas emissions, and will spare no efforts to reach its peak of CO2 emissions around 2030 as soon as possible and reduce its CO2 emissions per unit of GDP by 60-65% compared with the ratio in 2005; ACKNOWLEDGING the tremendous opportunity to further California-China bilateral cooperation to promote clean technology innovation and investment; STRIVING to develop a mutually beneficial relationship of partnership and cooperation between California and China and to advance economic, environmental, public health, and job creation benefits derived from implementing clean energy and low-carbon technologies, policies, and programs; and CONSISTENT with the governing laws of their respective countries: California and China (hereinafter referred to as the \""Participants\"") have reached the following understanding: Paragraph 1 OBJECTIVE The objective of this Memorandum of Understanding (\""MOU\"") is to support the Participants in advancing innovation and development of, and investment in, low-carbon energy resources and clean technologies."", ""timex_text"": ""2030"", ""timex_type"": ""DATE"", ""timex_value"": ""2030""}, {""text"": ""Memorandum of Understanding on Research, Innovation, and Investment to Advance Cooperation on Low-Carbon Development and Clean Energy Resources The Government of California of the United States of America And The Ministry of Science and Technology of the People's Republic of China ACKNOWLEDGING that California has a long history of successful collaboration with China, including cooperation on climate change, air quality, energy efficiency, renewable energy, new-energy and zero emission vehicle development, emissions trading systems, and climate-positive trade and investment opportunities; RECOGNIZING the negative effects of climate change on both developing and developed countries, as well as the importance of jointly promoting low-carbon development and clean technology to fight against climate change; ACKNOWLEDGING that California has strong climate mitigation policies, including reducing greenhouse gas emissions 40% below 1990 levels by 2030, 50% renewable energy and doubling of energy efficiency by 2030, and extensive investment in clean technology development and deployment; ACKNOWLEDING that China is committed to improving air quality and controlling greenhouse gas emissions, and will spare no efforts to reach its peak of CO2 emissions around 2030 as soon as possible and reduce its CO2 emissions per unit of GDP by 60-65% compared with the ratio in 2005; ACKNOWLEDGING the tremendous opportunity to further California-China bilateral cooperation to promote clean technology innovation and investment; STRIVING to develop a mutually beneficial relationship of partnership and cooperation between California and China and to advance economic, environmental, public health, and job creation benefits derived from implementing clean energy and low-carbon technologies, policies, and programs; and CONSISTENT with the governing laws of their respective countries: California and China (hereinafter referred to as the \""Participants\"") have reached the following understanding: Paragraph 1 OBJECTIVE The objective of this Memorandum of Understanding (\""MOU\"") is to support the Participants in advancing innovation and development of, and investment in, low-carbon energy resources and clean technologies."", ""timex_text"": ""as soon as possible"", ""timex_type"": ""DATE"", ""timex_value"": ""FUTURE_REF""}, {""text"": ""Memorandum of Understanding on Research, Innovation, and Investment to Advance Cooperation on Low-Carbon Development and Clean Energy Resources The Government of California of the United States of America And The Ministry of Science and Technology of the People's Republic of China ACKNOWLEDGING that California has a long history of successful collaboration with China, including cooperation on climate change, air quality, energy efficiency, renewable energy, new-energy and zero emission vehicle development, emissions trading systems, and climate-positive trade and investment opportunities; RECOGNIZING the negative effects of climate change on both developing and developed countries, as well as the importance of jointly promoting low-carbon development and clean technology to fight against climate change; ACKNOWLEDGING that California has strong climate mitigation policies, including reducing greenhouse gas emissions 40% below 1990 levels by 2030, 50% renewable energy and doubling of energy efficiency by 2030, and extensive investment in clean technology development and deployment; ACKNOWLEDING that China is committed to improving air quality and controlling greenhouse gas emissions, and will spare no efforts to reach its peak of CO2 emissions around 2030 as soon as possible and reduce its CO2 emissions per unit of GDP by 60-65% compared with the ratio in 2005; ACKNOWLEDGING the tremendous opportunity to further California-China bilateral cooperation to promote clean technology innovation and investment; STRIVING to develop a mutually beneficial relationship of partnership and cooperation between California and China and to advance economic, environmental, public health, and job creation benefits derived from implementing clean energy and low-carbon technologies, policies, and programs; and CONSISTENT with the governing laws of their respective countries: California and China (hereinafter referred to as the \""Participants\"") have reached the following understanding: Paragraph 1 OBJECTIVE The objective of this Memorandum of Understanding (\""MOU\"") is to support the Participants in advancing innovation and development of, and investment in, low-carbon energy resources and clean technologies."", ""timex_text"": ""2005"", ""timex_type"": ""DATE"", ""timex_value"": ""2005""}]","Memorandum of Understanding on Research, Innovation, and Investment to Advance Cooperation on Low-Carbon Development and…",
California/1June7 (1),California,d:\NLP_Project_tasks_6_8_11\OCR_output\California\1June7 (1).txt,2005-01-01,2013-06-01,four years,,found,"[{""text"": ""Memorandum of Understanding on Environment Cooperation The California Environmental Protection Agency And The Beijing Municipal Environmental Protection Bureau The intent of this Memorandum of Understanding on Environment Cooperation is to renew and strengthen the cooperation relationship between the California Environmental Protection Agency (\""CalEPA\"") and the Beijing Environmental Protection Bureau (*Beijing EPB\""), who signed the original MOU in 2005, and updated it in 2013, in order to promote cooperation and collaboration on science, technology, and policies in the field of environmental protection."", ""timex_text"": ""2005"", ""timex_type"": ""DATE"", ""timex_value"": ""2005""}, {""text"": ""Memorandum of Understanding on Environment Cooperation The California Environmental Protection Agency And The Beijing Municipal Environmental Protection Bureau The intent of this Memorandum of Understanding on Environment Cooperation is to renew and strengthen the cooperation relationship between the California Environmental Protection Agency (\""CalEPA\"") and the Beijing Environmental Protection Bureau (*Beijing EPB\""), who signed the original MOU in 2005, and updated it in 2013, in order to promote cooperation and collaboration on science, technology, and policies in the field of environmental protection."", ""timex_text"": ""2013"", ""timex_type"": ""DATE"", ""timex_value"": ""2013""}, {""text"": ""Article VII Unless otherwise extended in writing, this agreement shall be in full force and effect for a period of four years."", ""timex_text"": ""four years"", ""timex_type"": ""DURATION"", ""timex_value"": ""P4Y""}, {""text"": ""Any party may withdraw from the agreement 45 days after written notice to the other party."", ""timex_text"": ""45 days"", ""timex_type"": ""DURATION"", ""timex_value"": ""P45D""}, {""text"": ""We U NAME LI XIAOHUA NAME MATT RODRIQUEZ TITLE DEPUTY DIRECTOR GENERAL TITLE SECRETARY Beijing Municipal Environmental California Environmental Protection Bureau Protection Agency NAME RICHARD COREY TITLE EXECUTIVE OFFICER California Air Resources Board Date: June 7,2016 Date: June 7,2016 3"", ""timex_text"": ""June"", ""timex_type"": ""DATE"", ""timex_value"": ""2013-06""}]",Memorandum of Understanding on Environment Cooperation The California Environmental Protection Agency And The Beijing Mu…,
California/1June7 (2),California,d:\NLP_Project_tasks_6_8_11\OCR_output\California\1June7 (2).txt,2016-06-01,2016-06-07,three years,,found,"[{""text"": ""Execution and Validity This MOU is executed on June 7, 2016, in Beijing, China."", ""timex_text"": ""June 7, 2016"", ""timex_type"": ""DATE"", ""timex_value"": ""2016-06-07""}, {""text"": ""This MOU shall come into force upon execution by both participants and is valid for three years."", ""timex_text"": ""three years"", ""timex_type"": ""DURATION"", ""timex_value"": ""P3Y""}, {""text"": ""Beijing Municipal Commission of California Governor's Office Development and Reform KAl Lu Yan Ken Alex Director-General, Director, Senior Advisor Executed this 7th day of June 2016."", ""timex_text"": ""June 2016"", ""timex_type"": ""DATE"", ""timex_value"": ""2016-06""}]","Execution and Validity This MOU is executed on June 7, 2016, in Beijing, China.",
California/1June7,California,d:\NLP_Project_tasks_6_8_11\OCR_output\California\1June7.txt,0011-01-01,2030-01-01,30 days,,found,"[{""text"": "": XAE, FEAB T + P 4 A1F: 1 ACKOWLEDGING that California has a long history of successful collaboration with China, including cooperation on climate change, air quality, energy efficiency, renewable energy, new-energy and zero emission vehicle development, emissions trading systems, and climate-positive trade and investment opportunities; T 2030 F, 1990 40%, PFE HE 3 50%, TIF - - 1 ACKNOWLEDGING that California has strong climate mitigation policies, including reducing greenhouse gas emissions 40% below 1990 levels by 2030, 50% renewable energy and doubling of energy efficiency by 2030, and extensive investment in clean technology development and deployment; : + *EAT E - E Ea dy 12 h; ACKNOWLEDING that the Beijing Municipality has strong programs and policies designed to reduce air pollution and address climate change, has a large number of businesses focused on innovative clean technologies, and seeks to stimulate economic growth while improving air quality and public health; 2 KF: n TF, ACKNOWLEDGING the opportunity to further California-Beijing bilateral cooperation to promote clean technology innovation and investment; hxtp *, ENLR - 12 LA 7A E STRIVING to develop a mutually beneficial relationship of partnership and cooperation to stimulate economic growth in both Beijing and the California through business-led innovation which can draw on the research and development capabilities in both countries in order to address industrial challenges that will shape the markets of the future; CONSISTENT with the governing laws of their respective countries: Participants have reached the following understanding: Paragraph 1 OBJECTIVE 7 1 - NA 3 - JA The objective of this Memorandum of Understanding (\""MOU\"") is to support the Participants in advancing innovation and development of, and investment in, low- carbon energy resources and clean technologies."", ""timex_text"": ""1990"", ""timex_type"": ""DATE"", ""timex_value"": ""1990""}, {""text"": "": XAE, FEAB T + P 4 A1F: 1 ACKOWLEDGING that California has a long history of successful collaboration with China, including cooperation on climate change, air quality, energy efficiency, renewable energy, new-energy and zero emission vehicle development, emissions trading systems, and climate-positive trade and investment opportunities; T 2030 F, 1990 40%, PFE HE 3 50%, TIF - - 1 ACKNOWLEDGING that California has strong climate mitigation policies, including reducing greenhouse gas emissions 40% below 1990 levels by 2030, 50% renewable energy and doubling of energy efficiency by 2030, and extensive investment in clean technology development and deployment; : + *EAT E - E Ea dy 12 h; ACKNOWLEDING that the Beijing Municipality has strong programs and policies designed to reduce air pollution and address climate change, has a large number of businesses focused on innovative clean technologies, and seeks to stimulate economic growth while improving air quality and public health; 2 KF: n TF, ACKNOWLEDGING the opportunity to further California-Beijing bilateral cooperation to promote clean technology innovation and investment; hxtp *, ENLR - 12 LA 7A E STRIVING to develop a mutually beneficial relationship of partnership and cooperation to stimulate economic growth in both Beijing and the California through business-led innovation which can draw on the research and development capabilities in both countries in order to address industrial challenges that will shape the markets of the future; CONSISTENT with the governing laws of their respective countries: Participants have reached the following understanding: Paragraph 1 OBJECTIVE 7 1 - NA 3 - JA The objective of this Memorandum of Understanding (\""MOU\"") is to support the Participants in advancing innovation and development of, and investment in, low- carbon energy resources and clean technologies."", ""timex_text"": ""2030"", ""timex_type"": ""DATE"", ""timex_value"": ""2030""}, {""text"": "": XAE, FEAB T + P 4 A1F: 1 ACKOWLEDGING that California has a long history of successful collaboration with China, including cooperation on climate change, air quality, energy efficiency, renewable energy, new-energy and zero emission vehicle development, emissions trading systems, and climate-positive trade and investment opportunities; T 2030 F, 1990 40%, PFE HE 3 50%, TIF - - 1 ACKNOWLEDGING that California has strong climate mitigation policies, including reducing greenhouse gas emissions 40% below 1990 levels by 2030, 50% renewable energy and doubling of energy efficiency by 2030, and extensive investment in clean technology development and deployment; : + *EAT E - E Ea dy 12 h; ACKNOWLEDING that the Beijing Municipality has strong programs and policies designed to reduce air pollution and address climate change, has a large number of businesses focused on innovative clean technologies, and seeks to stimulate economic growth while improving air quality and public health; 2 KF: n TF, ACKNOWLEDGING the opportunity to further California-Beijing bilateral cooperation to promote clean technology innovation and investment; hxtp *, ENLR - 12 LA 7A E STRIVING to develop a mutually beneficial relationship of partnership and cooperation to stimulate economic growth in both Beijing and the California through business-led innovation which can draw on the research and development capabilities in both countries in order to address industrial challenges that will shape the markets of the future; CONSISTENT with the governing laws of their respective countries: Participants have reached the following understanding: Paragraph 1 OBJECTIVE 7 1 - NA 3 - JA The objective of this Memorandum of Understanding (\""MOU\"") is to support the Participants in advancing innovation and development of, and investment in, low- carbon energy resources and clean technologies."", ""timex_text"": ""2030"", ""timex_type"": ""DATE"", ""timex_value"": ""2030""}, {""text"": ""The Joint Working Group will meet annually on a mutually agreed date and at a mutually agreed upon venue to discuss progress on the implementation of the MOU."", ""timex_text"": ""annually"", ""timex_type"": ""SET"", ""timex_value"": ""XXXX""}, {""text"": ""PAAET - X5 E DAFITEI 11 u n FE E LR MEMORANDUM OF UNDERSTANDING OF CLEAN TECHNOLOGY INNOVATION PARTNERSHIP between HAIDIAN DISTRICT OF BEIJING OF THE PEOPLE'S REPUBLIC OF CHINA and THE CALIFORNIA ENERGY RESOURCES CONSERVATION AND DEVELOPMENT COMMISSION RA (LA ) To facilitate the cooperation on research, innovation, and investment in low- carbon development and clean energy resources, State of California and Beijing Municipality (hereinafter referred to as \""Participants\"") signed a Memorandum of Understanding to establish a partnership on clean technology."", ""timex_text"": ""11"", ""timex_type"": ""DATE"", ""timex_value"": ""0011""}]",": XAE, FEAB T + P 4 A1F: 1 ACKOWLEDGING that California has a long history of successful collaboration with China, inclu…",
California/1June9,California,d:\NLP_Project_tasks_6_8_11\OCR_output\California\1June9.txt,0010-01-01,2017-06-09,30 days,,found,"[{""text"": ""* Ab A1E IA HEX7 MEMORANDUM OF UNDERSTANDING ON COOPERATION ON ENERGY STORAGE E i Ab IF A HE I C CHINA HUADIAN GREEN ENERGY CO.,LTD OF THE PEOPLE'S REPUBLIC OF CHINA CALIFORNIA ENERGY RESOURCES CONSERVATION AND DEVELOPMENT COMMISSION - #H: 2017 FF 6F9 Date:June 9th 2017 42 ER (MOU) HJIJI LXX7 - N: 1 - 4 TE HE UR TRAT UTMN i 1 E ) MATEJEM HEREE ny (UFONN 66 TO V JUTANA 66 I 5n J\"" )o This Memorandum of Understanding (MOU), is entered into between the China Huadian Green Energy Co.,Ltd of the People's Republic of China (\""CG\"") and the California Energy Resources Conservation and Development Commission (the \""Energy Commission\""), hereinafter referred to as \""the Participants\""."", ""timex_text"": ""2017"", ""timex_type"": ""DATE"", ""timex_value"": ""2017""}, {""text"": ""* Ab A1E IA HEX7 MEMORANDUM OF UNDERSTANDING ON COOPERATION ON ENERGY STORAGE E i Ab IF A HE I C CHINA HUADIAN GREEN ENERGY CO.,LTD OF THE PEOPLE'S REPUBLIC OF CHINA CALIFORNIA ENERGY RESOURCES CONSERVATION AND DEVELOPMENT COMMISSION - #H: 2017 FF 6F9 Date:June 9th 2017 42 ER (MOU) HJIJI LXX7 - N: 1 - 4 TE HE UR TRAT UTMN i 1 E ) MATEJEM HEREE ny (UFONN 66 TO V JUTANA 66 I 5n J\"" )o This Memorandum of Understanding (MOU), is entered into between the China Huadian Green Energy Co.,Ltd of the People's Republic of China (\""CG\"") and the California Energy Resources Conservation and Development Commission (the \""Energy Commission\""), hereinafter referred to as \""the Participants\""."", ""timex_text"": ""June 9th 2017"", ""timex_type"": ""DATE"", ""timex_value"": ""2017-06-09""}, {""text"": ""#= SEIE Paragraph 3 IMPLEMENTATION NE 1 B LIETAI To implement this MOU, the Participants may choose to meet annually and develop annual work plans focused on the areas of cooperation identified in Paragraph 2."", ""timex_text"": ""annually"", ""timex_type"": ""SET"", ""timex_value"": ""XXXX""}, {""text"": ""CG and the California Energy Resources Conservation and Development Commission as the Executive Agencies responsible for coordinating the implementation of relevant cooperation activities under this MOU; 6 10."", ""timex_text"": ""10"", ""timex_type"": ""DATE"", ""timex_value"": ""0010""}, {""text"": ""Drew Bohan thut: 1516 9th Street, Sacramento, CA 95814, USA."", ""timex_text"": ""1516"", ""timex_type"": ""DATE"", ""timex_value"": ""1516""}]",* Ab A1E IA HEX7 MEMORANDUM OF UNDERSTANDING ON COOPERATION ON ENERGY STORAGE E i Ab IF A HE I C CHINA HUADIAN GREEN ENE…,
California/1March11,California,d:\NLP_Project_tasks_6_8_11\OCR_output\California\1March11.txt,1975-01-01,2016-01-01,two years,explicit,found,"[{""text"": ""OF CALI - ENERGY COMMISSION Provincie SINCE 1975 Noord-Holland Working Agreement Whereas: California and The Netherlands are leading the way for sustainable mobility and climate & energy innovation, in terms of Plug-In Electric Vehicles (PEVS), number of chargers, favorable policies and incentive programs, vehicle R&D and energy innovation, as well as education and public awareness, and California is leading the way in the United States and The Netherlands in Europe and both are considered to be gateways to their respective continents, and Both states have committed themselves to stringent climate change action programs to meet 2050 goals in terms of greenhouse gas reductions and sustainable energy generation, And whereas: Past research missions (e.g."", ""timex_text"": ""1975"", ""timex_type"": ""DATE"", ""timex_value"": ""1975""}, {""text"": ""NSOB 2009, 2010 and 2011), knowledge missions (e.g."", ""timex_text"": ""2009"", ""timex_type"": ""DATE"", ""timex_value"": ""2009""}, {""text"": ""NSOB 2009, 2010 and 2011), knowledge missions (e.g."", ""timex_text"": ""2010"", ""timex_type"": ""DATE"", ""timex_value"": ""2010""}, {""text"": ""NSOB 2009, 2010 and 2011), knowledge missions (e.g."", ""timex_text"": ""2011"", ""timex_type"": ""DATE"", ""timex_value"": ""2011""}, {""text"": ""EVS26 in 2012, AltCar Expo 2013 & 2014, Stella goes USA 2014) have demonstrated the great willingness to cooperate and exchange expertise and experience, and Interest by industry and private organizations have led to mutually beneficial investments and long term commitments (e.g."", ""timex_text"": ""2012"", ""timex_type"": ""DATE"", ""timex_value"": ""2012""}]",OF CALI - ENERGY COMMISSION Provincie SINCE 1975 Noord-Holland Working Agreement Whereas: California and The Netherlands…,
California/1March15,California,d:\NLP_Project_tasks_6_8_11\OCR_output\California\1March15.txt,1978-01-01,2018-01-01,"at least 30
days",,found,"[{""text"": ""Group framework The Bermuda Monetary Authority (the \""Authority\"") has determined that it is the Group Supervisor of the Group in accordance with the provisions of the Insurance Act 1978 (the \""Act\"")."", ""timex_text"": ""1978"", ""timex_type"": ""DATE"", ""timex_value"": ""1978""}, {""text"": ""The Group has also built an active underwriting platform through the acquisition of Atrium Underwriting Group Limited in 2013 and Torus Insurance Holdings Limited (renamed Startstone Insurance Holdings Limited) in 2014."", ""timex_text"": ""2013"", ""timex_type"": ""DATE"", ""timex_value"": ""2013""}, {""text"": ""The Group has also built an active underwriting platform through the acquisition of Atrium Underwriting Group Limited in 2013 and Torus Insurance Holdings Limited (renamed Startstone Insurance Holdings Limited) in 2014."", ""timex_text"": ""2014"", ""timex_type"": ""DATE"", ""timex_value"": ""2014""}, {""text"": ""The retiring Supervisor may continue to cooperate and exchange information according to this MMOU during the 30 days' notice period until its actual retirement date."", ""timex_text"": ""the 30 days"", ""timex_type"": ""DURATION"", ""timex_value"": ""P30D""}, {""text"": ""Theorganceram presertedis i at 10 2018 (21 ard Auein Australia: Feinsurance Comipany Ltd Insurance companies ropanserted are nol whelly Fw panibpecin Gordian Runoftlimited owneu by thet Enstar prcup."", ""timex_text"": ""2018"", ""timex_type"": ""DATE"", ""timex_value"": ""2018""}]","Group framework The Bermuda Monetary Authority (the ""Authority"") has determined that it is the Group Supervisor of the G…",
California/1March28,California,d:\NLP_Project_tasks_6_8_11\OCR_output\California\1March28.txt,2014-01-01,2014-01-01,,,found,"[{""text"": ""Signed at) pleu on 28 2014 in four (4) original in the English language."", ""timex_text"": ""2014"", ""timex_type"": ""DATE"", ""timex_value"": ""2014""}, {""text"": ""Signed at) pleu on 28 2014 in four (4) original in the English language."", ""timex_text"": ""2014"", ""timex_type"": ""DATE"", ""timex_value"": ""2014""}]",Signed at) pleu on 28 2014 in four (4) original in the English language.,
California/1March5,California,d:\NLP_Project_tasks_6_8_11\OCR_output\California\1March5.txt,2013-01-01,2014-03-01,,,found,"[{""text"": ""Memorandum of Understanding On the Establishment of a Strategic Partnership for Joint Innovation, Exchanges and Cooperation Between The Government of the State of California, United States of America And The Government of the State of Israel THE GOVERNMENT OF THE STATE OF ISRAEL AND THE GOVERNMENT OF THE STATE OF CALIFORNIA (hereinafter \""the Participants\"") RECOGNIZE THAT: WHEREAS two-way tradel between Israel and California totaled over $4 billion in 2013 - one oft the largest two-way trade relationships between Israel and a U.S."", ""timex_text"": ""2013"", ""timex_type"": ""DATE"", ""timex_value"": ""2013""}, {""text"": ""State; and WHEREAS the State of California and the State of Israel share close ties and are global leaders in the alternative energy, environmental technology and other technology-based industry sectors; and WHEREAS the State of California is home to the largest in-state innovation network in the United States, which offers technology-commercialization opportunities for the State of Israel; and WHEREAS the Participants seek to expand the current."", ""timex_text"": ""current"", ""timex_type"": ""DATE"", ""timex_value"": ""PRESENT_REF""}, {""text"": ""This Memorandum ofUnderstanding was signed in Mountain View, California, United States, on the sth day of March 2014, corresponding to the 3rd day of Adar II of 5774 in the Hebrew calendar."", ""timex_text"": ""March 2014"", ""timex_type"": ""DATE"", ""timex_value"": ""2014-03""}]","Memorandum of Understanding On the Establishment of a Strategic Partnership for Joint Innovation, Exchanges and Cooperat…",
California/1May11,California,d:\NLP_Project_tasks_6_8_11\OCR_output\California\1May11.txt,1994-01-01,2013-06-11,,,found,"[{""text"": ""During this visit, Governor Matsui and Governor Brown held friendly talks and reviewed the cooperation between the two sides since the establishment of the sister-state relationship in 1994."", ""timex_text"": ""1994"", ""timex_type"": ""DATE"", ""timex_value"": ""1994""}, {""text"": ""Ichiro Matsui, Governor of Osaka Prefecture led an official delegation to visit Sacramento, California on June 11, 2013."", ""timex_text"": ""June 11"", ""timex_type"": ""DATE"", ""timex_value"": ""1994-06-11""}, {""text"": ""Ichiro Matsui, Governor of Osaka Prefecture led an official delegation to visit Sacramento, California on June 11, 2013."", ""timex_text"": ""2013"", ""timex_type"": ""DATE"", ""timex_value"": ""2013""}]","During this visit, Governor Matsui and Governor Brown held friendly talks and reviewed the cooperation between the two s…",
California/1May24,California,d:\NLP_Project_tasks_6_8_11\OCR_output\California\1May24.txt,2013-10-30,2017-05-24,two years,,found,"[{""text"": ""LETTER OF INTENT ON ENVIRONMENTAL COOPERATION BETWEEN THE ENVIRONMENTAL PROTECTION AGENCY OF THE STATE OF CALIFORNIA AND THE MINISTRY OF INFRASTRUCTURE AND THE ENVIRONMENT OF THE KINGDOM OF THE NETHERLANDS The Environmental Protection Agency ofthe State of California of the United States and the Ministry of Infrastructure and the Environment of the Kingdom of the Netherlands (hereinafter referred to as \""the Two Parties\""), through friendly consultation, renew their intent to cooperate in the coming two years."", ""timex_text"": ""two years"", ""timex_type"": ""DURATION"", ""timex_value"": ""P2Y""}, {""text"": ""This collaboration has included the Letters of Intent between them signed October 30, 2013 in Sacramento, California and on March 3, 2015 in The Hague, The Netherlands; cooperation with other national and subnational jurisdictions on accelerating the electrification of transportation through the International Zero-Emission Vehicle Alliance (ZEV Alliance); and the Agreement to establish the Coast to Coast Sustainable Investment Finance Program on Smart and E- Mobility (C2C SIF)."", ""timex_text"": ""October 30, 2013"", ""timex_type"": ""DATE"", ""timex_value"": ""2013-10-30""}, {""text"": ""This collaboration has included the Letters of Intent between them signed October 30, 2013 in Sacramento, California and on March 3, 2015 in The Hague, The Netherlands; cooperation with other national and subnational jurisdictions on accelerating the electrification of transportation through the International Zero-Emission Vehicle Alliance (ZEV Alliance); and the Agreement to establish the Coast to Coast Sustainable Investment Finance Program on Smart and E- Mobility (C2C SIF)."", ""timex_text"": ""March 3, 2015"", ""timex_type"": ""DATE"", ""timex_value"": ""2015-03-03""}, {""text"": ""In addition, parties agree to work together on appropriate follow-up based on the outcomes ofthe \""Climate is Big Business\"" Conference of May 2017 and agree to work together towards the UNFCCC Conference of the Parties in Bonn."", ""timex_text"": ""May 2017"", ""timex_type"": ""DATE"", ""timex_value"": ""2017-05""}, {""text"": ""San Francisco, May 24, 2017 MA Matthew Rodriquez Sharon Dijksma, Secretary for Environmental Protection Minister for the Environment State of California, United States The Kingdom of the Netherlands"", ""timex_text"": ""May 24, 2017"", ""timex_type"": ""DATE"", ""timex_value"": ""2017-05-24""}]",LETTER OF INTENT ON ENVIRONMENTAL COOPERATION BETWEEN THE ENVIRONMENTAL PROTECTION AGENCY OF THE STATE OF CALIFORNIA AND…,
California/1May25,California,d:\NLP_Project_tasks_6_8_11\OCR_output\California\1May25.txt,2014-03-01,2018-05-01,,,found,"[{""text"": ""This Letter of Intent builds upon the Memorandum of Understanding between the State of California and the State of Israel on the Creation of a Strategic Partnership for Joint Innovation, Exchanges and Cooperation signed in March 2014 and which was expanded upon (June 2014)."", ""timex_text"": ""March 2014"", ""timex_type"": ""DATE"", ""timex_value"": ""2014-03""}, {""text"": ""This Letter of Intent builds upon the Memorandum of Understanding between the State of California and the State of Israel on the Creation of a Strategic Partnership for Joint Innovation, Exchanges and Cooperation signed in March 2014 and which was expanded upon (June 2014)."", ""timex_text"": ""June 2014"", ""timex_type"": ""DATE"", ""timex_value"": ""2014-06""}, {""text"": ""The first conference is to occur in 2018."", ""timex_text"": ""2018"", ""timex_type"": ""DATE"", ""timex_value"": ""2018""}, {""text"": ""SIGNED on this twenty-fifth day of May, 2017 in Sacramento, California and is done in duplicate in the English language."", ""timex_text"": ""May"", ""timex_type"": ""DATE"", ""timex_value"": ""2018-05""}, {""text"": ""SIGNED on this twenty-fifth day of May, 2017 in Sacramento, California and is done in duplicate in the English language."", ""timex_text"": ""2017"", ""timex_type"": ""DATE"", ""timex_value"": ""2017""}]",This Letter of Intent builds upon the Memorandum of Understanding between the State of California and the State of Israe…,
California/1November11,California,d:\NLP_Project_tasks_6_8_11\OCR_output\California\1November11.txt,1400-01-01,2019-11-10,,explicit,found,"[{""text"": ""MEMORANDUM OF UNDERSTANDING between State of California and INTERNATIONAL BANK FOR RECONSTRUCTION DEVELOPMENT, INTERNATIONAL DEVELOPMENT ASSOCIATION November 11, 2016 This Memorandum of Understanding (\""Memorandum\"") represents a statement of intent by the State of California (\""California\""), and the International Bank for Reconstruction and Development (IBRD) and the International Development Association (IDA) (collectively, the \""World Bank\"" or the \""Bank\"") (each a \""Party\"" and together, the \""Parties\"") to collaborate in the achievement of common objectives as described and on the basis outlined below."", ""timex_text"": ""November 11, 2016"", ""timex_type"": ""DATE"", ""timex_value"": ""2016-11-11""}, {""text"": ""Initial Collaborate Activities may include: (i) Carbon inventory methodology, including establishment of a database and development of related templates; (ii) Decarbonization pathway to 2050, including cataloging of cross sector methods and consideration of policy interactions across sectors; guidance on technical and political processes for emission target setting; identification and sharing of resources for implementation, including market and non-market means; tracking and analysis of indicators for progress towards goals; (iii) Capacity building, including model policies and training programs for other regions, development of templates, case studies analysis, tool and resource sharing, and analysis of governance structures in specific regions (c) As part of this collaboration, the Parties will, from the outset, work in partnership with the Under 2 Coalition and its Secretariat and the Climate Group, and seek other partnerships as appropriate."", ""timex_text"": ""2050"", ""timex_type"": ""DATE"", ""timex_value"": ""2050""}, {""text"": ""For the World Bank: Xueman Wang Global Practice of Social, Urban, Rural and Resilience Phone: +6565171238 3 Email: xwang5@worldbank.org For California: Ken Alex Director, California Governor's Office ofPlanning and Research 1400 10th St, Sacramento, CA 95814 Phone: 916-445-5496 Email: ken.alex@gov.ca.gov D."", ""timex_text"": ""1400"", ""timex_type"": ""DATE"", ""timex_value"": ""1400""}, {""text"": ""It will remain in effect until November 10, 2019."", ""timex_text"": ""November 10, 2019"", ""timex_type"": ""DATE"", ""timex_value"": ""2019-11-10""}, {""text"": ""MEMORANDUM OF UNDERSTANDING between State of California and INTERNATIONAL BANK FOR RECONSTRUCTION DEVELOPMENT, INTERNATIONAL DEVELOPMENT ASSOCIATION November 11, 2016 This Memorandum of Understanding (\""Memorandum\"") represents a statement of intent by the State of California (\""California\""), and the International Bank for Reconstruction and Development (IBRD) and the International Development Association (IDA) (collectively, the \""World Bank\"" or the \""Bank\"") (each a \""Party\"" and together, the \""Parties\"") to collaborate in the achievement of common objectives as described and on the basis outlined below."", ""timex_text"": ""November 11, 2016"", ""timex_type"": ""DATE"", ""timex_value"": ""2016-11-11""}]","MEMORANDUM OF UNDERSTANDING between State of California and INTERNATIONAL BANK FOR RECONSTRUCTION DEVELOPMENT, INTERNATI…",
California/1November12,California,d:\NLP_Project_tasks_6_8_11\OCR_output\California\1November12.txt,2019-11-12,2711-11-12,12 months,,found,"[{""text"": ""Letter of Intent This Letter of Intend (\""Lol\"") is made and signed in duplicate on the 12th of November 2019 (Commencement Date), by and between: The Netherlands Vehicle and Driving Licence Registration Authority, hereafter referred to as RDW, office address, Europaweg 205, 2711 ER, Zoetermeer, The Netherlands and the Californial Department ofMotor Vehicles, hereafter referredi to as DMV, office address, 2415 First Avenue, Sacramento, CA 95818, United States of America RDW and DMVI have come to the following understanding; 1."", ""timex_text"": ""the 12th of November 2019"", ""timex_type"": ""DATE"", ""timex_value"": ""2019-11-12""}, {""text"": ""Letter of Intent This Letter of Intend (\""Lol\"") is made and signed in duplicate on the 12th of November 2019 (Commencement Date), by and between: The Netherlands Vehicle and Driving Licence Registration Authority, hereafter referred to as RDW, office address, Europaweg 205, 2711 ER, Zoetermeer, The Netherlands and the Californial Department ofMotor Vehicles, hereafter referredi to as DMV, office address, 2415 First Avenue, Sacramento, CA 95818, United States of America RDW and DMVI have come to the following understanding; 1."", ""timex_text"": ""2711"", ""timex_type"": ""DATE"", ""timex_value"": ""2711""}, {""text"": ""Duration of Lol: This Lol shall be operational upon signing by both parties, will be deemed to commence on the Commencement Date stated above, and will have an initial duration of 12 months."", ""timex_text"": ""12 months"", ""timex_type"": ""DURATION"", ""timex_value"": ""P1Y""}, {""text"": ""Duration of Lol: This Lol shall be operational upon signing by both parties, will be deemed to commence on the Commencement Date stated above, and will have an initial duration of 12 months."", ""timex_text"": ""12 months"", ""timex_type"": ""DURATION"", ""timex_value"": ""P1Y""}, {""text"": ""Duration of Lol: This Lol shall be operational upon signing by both parties, will be deemed to commence on the Commencement Date stated above, and will have an initial duration of 12 months."", ""timex_text"": ""12 months"", ""timex_type"": ""DURATION"", ""timex_value"": ""P1Y""}]","Letter of Intent This Letter of Intend (""Lol"") is made and signed in duplicate on the 12th of November 2019 (Commencemen…",
California/1November13,California,d:\NLP_Project_tasks_6_8_11\OCR_output\California\1November13.txt,2019-11-13,,,,found,"[{""text"": ""This Letter of Intenti is signed on 13 November 2019 in Sacramento, California; each of the two sides has one copy."", ""timex_text"": ""13 November 2019"", ""timex_type"": ""DATE"", ""timex_value"": ""2019-11-13""}]","This Letter of Intenti is signed on 13 November 2019 in Sacramento, California; each of the two sides has one copy.",
California/1November2 (1),California,d:\NLP_Project_tasks_6_8_11\OCR_output\California\1November2 (1).txt,2013-06-01,2017-09-07,three years,explicit,found,"[{""text"": ""TARER EI IAAEJEMERE Shenzhen Municipal The Government of the People's Government State of California R+ ATEIKA Memorandum of Understanding on Low Carbon and Clean Technology Partnership t#+-HER November 2, 2017 FE TRII Shenzhen, China # ATITJ ENET EKAE Memorandum of Understanding on Low Carbon and Clean Technology Partnership Between The Government of Shenzhen, Guangdong Province of the People's Republic of China and The Government of the State of California, the United States of America \""20134F6 0 HIRTIT E TH #20154F9H i I IKt SUNAERM EKt - T# E U1 F: In order to further the goals of the Memorandum of Understanding to Enhance Cooperation on Emissions Tràding Systems and the Memorandum of Understanding to Enhance Cooperation on Low Carbon Development signed in June 2013 and September 2015, respectively, between Shenzhen Municipal People's Government of the People's Republic of China and the Government of the State of California of the United States of America (hereafter referred to as \""the Participants\""), the Participants have reached the following understandings: NELAT EUNT IIHT FWTALKA ELUR NA, ZIXI Fim (ETZ A iu) KAETA DIl J n E, / NXXIE 1."", ""timex_text"": ""November 2, 2017"", ""timex_type"": ""DATE"", ""timex_value"": ""2017-11-02""}, {""text"": ""TARER EI IAAEJEMERE Shenzhen Municipal The Government of the People's Government State of California R+ ATEIKA Memorandum of Understanding on Low Carbon and Clean Technology Partnership t#+-HER November 2, 2017 FE TRII Shenzhen, China # ATITJ ENET EKAE Memorandum of Understanding on Low Carbon and Clean Technology Partnership Between The Government of Shenzhen, Guangdong Province of the People's Republic of China and The Government of the State of California, the United States of America \""20134F6 0 HIRTIT E TH #20154F9H i I IKt SUNAERM EKt - T# E U1 F: In order to further the goals of the Memorandum of Understanding to Enhance Cooperation on Emissions Tràding Systems and the Memorandum of Understanding to Enhance Cooperation on Low Carbon Development signed in June 2013 and September 2015, respectively, between Shenzhen Municipal People's Government of the People's Republic of China and the Government of the State of California of the United States of America (hereafter referred to as \""the Participants\""), the Participants have reached the following understandings: NELAT EUNT IIHT FWTALKA ELUR NA, ZIXI Fim (ETZ A iu) KAETA DIl J n E, / NXXIE 1."", ""timex_text"": ""June 2013"", ""timex_type"": ""DATE"", ""timex_value"": ""2013-06""}, {""text"": ""TARER EI IAAEJEMERE Shenzhen Municipal The Government of the People's Government State of California R+ ATEIKA Memorandum of Understanding on Low Carbon and Clean Technology Partnership t#+-HER November 2, 2017 FE TRII Shenzhen, China # ATITJ ENET EKAE Memorandum of Understanding on Low Carbon and Clean Technology Partnership Between The Government of Shenzhen, Guangdong Province of the People's Republic of China and The Government of the State of California, the United States of America \""20134F6 0 HIRTIT E TH #20154F9H i I IKt SUNAERM EKt - T# E U1 F: In order to further the goals of the Memorandum of Understanding to Enhance Cooperation on Emissions Tràding Systems and the Memorandum of Understanding to Enhance Cooperation on Low Carbon Development signed in June 2013 and September 2015, respectively, between Shenzhen Municipal People's Government of the People's Republic of China and the Government of the State of California of the United States of America (hereafter referred to as \""the Participants\""), the Participants have reached the following understandings: NELAT EUNT IIHT FWTALKA ELUR NA, ZIXI Fim (ETZ A iu) KAETA DIl J n E, / NXXIE 1."", ""timex_text"": ""September 2015"", ""timex_type"": ""DATE"", ""timex_value"": ""2015-09""}, {""text"": ""Areas of Cooperation The Participants focus on cooperation on low carbon and clean technology innovation, with 2 specific areas including but not limited to the following: (-) XXTHE E, X 2030 FIAENT TN, H Elt 11 d FL 21 - E: FAJNXTI EK\"" tET\"" + 1 A - TA n ZJ); (1) The Participants will undertake mutual efforts and cooperation to combat climate change and related challenges."", ""timex_text"": ""2030"", ""timex_type"": ""DATE"", ""timex_value"": ""2030""}, {""text"": ""H (2) During the period of validity of this MOU, the Executive Agencies shall carry out progress discussion and update cooperation plan once a year; (E) E, Kh AAIZTF H VI/ FIIT H 1F, (3) As appropriate, the Participants will utilize third party organizations that are agreed upon by both parties to assist with the implementation of this MOU."", ""timex_text"": ""once a year"", ""timex_type"": ""SET"", ""timex_value"": ""P1Y""}]",TARER EI IAAEJEMERE Shenzhen Municipal The Government of the People's Government State of California R+ ATEIKA Memorandu…,
California/1November2,California,d:\NLP_Project_tasks_6_8_11\OCR_output\California\1November2.txt,2017-01-01,2017-11-02,three years,,found,"[{""text"": ""EMAHEEN RE 1 ERFIL RITpE PTIED XT HT F AERERE EUTPL EUTA California Energy Shenzhen State Shenzhen International Commission, USA High-tech Industrial Low-carbon and Clean Innovation Center Tech Innovation Centre EF K HLE K Memorandum of Understanding for Cooperation on California-Shenzhen Clean Tech Innovation Center - -t#+-HEH PE tl November 2, 2017 Shenzhen, China EE TAN HEET HL 5AHT EF AE Memorandum of Understanding for Cooperation on Shenzhen-California Clean Tech Innovation Center between California Energy Commission, Shenzhen State High-tech Industrial Innovation Centre, and Shenzhen International Low-carbon and Clean Tech Innovation Centre Z I 1 (DI ) E ##2017411H NE EIA - 2 F: Based on the Memorandum of Understanding on Low Carbon and Clean Technology Partnership signed in November 2017 between Shenzhen Municipal People's Government of the People's Republic of China and the Government of the State of California of the United States of America, and to integrate innovation and low-carbon clean tech resources, the California Energy Resources Conservation and Development Commission (the \""California Energy Commission\""), Shenzhen State High-tech Industrial Innovation Center, and Shenzhen International Low-Carbon and Clean Tech Innovation Centre (hereafter referred to as \""the Participants\"") will enhance the cooperation and jointly establish Shenzhen-California Clean Tech Innovation Center."", ""timex_text"": ""November 2, 2017"", ""timex_type"": ""DATE"", ""timex_value"": ""2017-11-02""}, {""text"": ""EMAHEEN RE 1 ERFIL RITpE PTIED XT HT F AERERE EUTPL EUTA California Energy Shenzhen State Shenzhen International Commission, USA High-tech Industrial Low-carbon and Clean Innovation Center Tech Innovation Centre EF K HLE K Memorandum of Understanding for Cooperation on California-Shenzhen Clean Tech Innovation Center - -t#+-HEH PE tl November 2, 2017 Shenzhen, China EE TAN HEET HL 5AHT EF AE Memorandum of Understanding for Cooperation on Shenzhen-California Clean Tech Innovation Center between California Energy Commission, Shenzhen State High-tech Industrial Innovation Centre, and Shenzhen International Low-carbon and Clean Tech Innovation Centre Z I 1 (DI ) E ##2017411H NE EIA - 2 F: Based on the Memorandum of Understanding on Low Carbon and Clean Technology Partnership signed in November 2017 between Shenzhen Municipal People's Government of the People's Republic of China and the Government of the State of California of the United States of America, and to integrate innovation and low-carbon clean tech resources, the California Energy Resources Conservation and Development Commission (the \""California Energy Commission\""), Shenzhen State High-tech Industrial Innovation Center, and Shenzhen International Low-Carbon and Clean Tech Innovation Centre (hereafter referred to as \""the Participants\"") will enhance the cooperation and jointly establish Shenzhen-California Clean Tech Innovation Center."", ""timex_text"": ""November 2017"", ""timex_type"": ""DATE"", ""timex_value"": ""2017-11""}, {""text"": ""Supplementary Provisions The Participants also agree to the following provisions: (-) N1 ay 6 (1) The Participants have decided that any disagreement arising from the implementation of this MOU shall be settled in writing over amicable discussion; (E) EF, * RE E, * PjEt, HTYFLZ; (2) This MOU is valid for three years upon the date of signature."", ""timex_text"": ""three years"", ""timex_type"": ""DURATION"", ""timex_value"": ""P3Y""}, {""text"": ""EMAHEEN RE 1 ERFIL RITpE PTIED XT HT F AERERE EUTPL EUTA California Energy Shenzhen State Shenzhen International Commission, USA High-tech Industrial Low-carbon and Clean Innovation Center Tech Innovation Centre EF K HLE K Memorandum of Understanding for Cooperation on California-Shenzhen Clean Tech Innovation Center - -t#+-HEH PE tl November 2, 2017 Shenzhen, China EE TAN HEET HL 5AHT EF AE Memorandum of Understanding for Cooperation on Shenzhen-California Clean Tech Innovation Center between California Energy Commission, Shenzhen State High-tech Industrial Innovation Centre, and Shenzhen International Low-carbon and Clean Tech Innovation Centre Z I 1 (DI ) E ##2017411H NE EIA - 2 F: Based on the Memorandum of Understanding on Low Carbon and Clean Technology Partnership signed in November 2017 between Shenzhen Municipal People's Government of the People's Republic of China and the Government of the State of California of the United States of America, and to integrate innovation and low-carbon clean tech resources, the California Energy Resources Conservation and Development Commission (the \""California Energy Commission\""), Shenzhen State High-tech Industrial Innovation Center, and Shenzhen International Low-Carbon and Clean Tech Innovation Centre (hereafter referred to as \""the Participants\"") will enhance the cooperation and jointly establish Shenzhen-California Clean Tech Innovation Center."", ""timex_text"": ""November 2, 2017"", ""timex_type"": ""DATE"", ""timex_value"": ""2017-11-02""}, {""text"": ""EMAHEEN RE 1 ERFIL RITpE PTIED XT HT F AERERE EUTPL EUTA California Energy Shenzhen State Shenzhen International Commission, USA High-tech Industrial Low-carbon and Clean Innovation Center Tech Innovation Centre EF K HLE K Memorandum of Understanding for Cooperation on California-Shenzhen Clean Tech Innovation Center - -t#+-HEH PE tl November 2, 2017 Shenzhen, China EE TAN HEET HL 5AHT EF AE Memorandum of Understanding for Cooperation on Shenzhen-California Clean Tech Innovation Center between California Energy Commission, Shenzhen State High-tech Industrial Innovation Centre, and Shenzhen International Low-carbon and Clean Tech Innovation Centre Z I 1 (DI ) E ##2017411H NE EIA - 2 F: Based on the Memorandum of Understanding on Low Carbon and Clean Technology Partnership signed in November 2017 between Shenzhen Municipal People's Government of the People's Republic of China and the Government of the State of California of the United States of America, and to integrate innovation and low-carbon clean tech resources, the California Energy Resources Conservation and Development Commission (the \""California Energy Commission\""), Shenzhen State High-tech Industrial Innovation Center, and Shenzhen International Low-Carbon and Clean Tech Innovation Centre (hereafter referred to as \""the Participants\"") will enhance the cooperation and jointly establish Shenzhen-California Clean Tech Innovation Center."", ""timex_text"": ""2017"", ""timex_type"": ""DATE"", ""timex_value"": ""2017""}]",EMAHEEN RE 1 ERFIL RITpE PTIED XT HT F AERERE EUTPL EUTA California Energy Shenzhen State Shenzhen International Commiss…,
California/1November7,California,d:\NLP_Project_tasks_6_8_11\OCR_output\California\1November7.txt,2015-12-10,2019-11-07,,,found,"[{""text"": ""The original Letter of Intent was effective on December 10th, 2015."", ""timex_text"": ""December 10th, 2015"", ""timex_type"": ""DATE"", ""timex_value"": ""2015-12-10""}, {""text"": ""A first amendment was signed on February 14th, 2017 and this second Amendment will become effective on the date of signature and is done in duplicate in the English language."", ""timex_text"": ""February 14th, 2017"", ""timex_type"": ""DATE"", ""timex_value"": ""2017-02-14""}, {""text"": ""Fresno, November 7, 2019 Karen Ross, Secretary for Food and Agriculture State of California, United States of America Jaren Kott Guido Landheer, ass."", ""timex_text"": ""November 7, 2019"", ""timex_type"": ""DATE"", ""timex_value"": ""2019-11-07""}]","The original Letter of Intent was effective on December 10th, 2015.",
California/1November8,California,d:\NLP_Project_tasks_6_8_11\OCR_output\California\1November8.txt,2018-01-01,2018-09-12,Five Year,,found,"[{""text"": ""ARTICLE 1 Areas of Cooperation The Parties agree to cooperate in the following areas, on the basis of the principles of equality and mutual benefit: Activities to mitigate carbon emissions, to control carbon dioxide, methane and other greenhouse gases with various efforts, to reduce air pollution while enabling sustained economic growth; Activities that enhance air pollution control strategies for industrial sectors and the transportation sector, such as the pollution control strategies on Volatile - Organic Compounds (VOCS), 03, PM2.5, and the development of exhaust emissions standards, as well as providing policy recommendations and input for some environmental protection action plans under China's Five Year Plan; Activities to reduce short lived climate forcers (SLCFS), especially bilateral cooperation in the field of improving cooling efficiency and strengthening black carbon research and governance, and subnational collaboration around mitigating Hydrofluorocarbons; Activities that strengthen institutions and governance structures that oversee implementation and enforcement of air pollution reduction programs, such as providing advice for further legislation and law compliance and enforcement; Activities to implement carbon emissions trading systems, emission trading system and other market-based instruments; Activities that reduce energy consumption and improve energy efficiency among industrial, commercial, and residential sectors, such as cooling efficiency; Activities that increase the usage of electrified transportation, such as supporting the adoption of New Energy Vehicles; Activities that support new and expanded markets of clean and efficient energy 1 technologies, including within energy-intensive industries and transportation, and carry out technology exchange and promotion; Activities that support subnational climate change leadership on low carbon development and cities' low carbon development efforts; Activities that support."", ""timex_text"": ""Five Year"", ""timex_type"": ""DURATION"", ""timex_value"": ""P5Y""}, {""text"": ""The Secretariats will co-lead the implementation of this MOU, as appropriate, with other agreements between entities in California and the Ministry of Ecology and Environment of the People's Republic of China, and will organize in-person meetings once annually and/or by video or telephone conferences as often as necessary."", ""timex_text"": ""annually"", ""timex_type"": ""SET"", ""timex_value"": ""XXXX""}, {""text"": ""ARTICLE 4 Duration, Termination, and Modification The MOU will remain in effort from the date of its signature by the parties for two years."", ""timex_text"": ""two years"", ""timex_type"": ""DURATION"", ""timex_value"": ""P2Y""}, {""text"": ""The present MOU is signed in Beijing, China on (Morember > - of 2018 on the MEE side and is signed in San Francisco, California on September 12 of 2018 on the California, in duplicate in the Chinese and English languages, both texts being equally authentic."", ""timex_text"": ""2018"", ""timex_type"": ""DATE"", ""timex_value"": ""2018""}, {""text"": ""The present MOU is signed in Beijing, China on (Morember > - of 2018 on the MEE side and is signed in San Francisco, California on September 12 of 2018 on the California, in duplicate in the Chinese and English languages, both texts being equally authentic."", ""timex_text"": ""September 12"", ""timex_type"": ""DATE"", ""timex_value"": ""2018-09-12""}]","ARTICLE 1 Areas of Cooperation The Parties agree to cooperate in the following areas, on the basis of the principles of …",
California/1November9,California,d:\NLP_Project_tasks_6_8_11\OCR_output\California\1November9.txt,2010-01-01,2016-01-01,"four
years",,found,"[{""text"": ""OF MEMORANDUM OF UNDERSTANDING BETWEEN THE: STATE OF CALIFORNIA, CALIFORNIA GOVERNOR'S OFFICE OF EMERGENCY SERVICES AND THE REPUBLIC OF CHILE, LA OFICINA NACIONAL DE EMERGENCIA DEL MINISTERIO DEL INTERIOR Y SEGURIDAD PUBLICA ON COOPERATION IN DISASTER RISK MANAGEMENT The California Governor's Office of Emergency Services (Cal OES) and La Oficina Nacional de Emergencia del Ministerio del Interior y Seguridad Pubica (ONEMI) (hereinafter jointly referred to as the Partners); WHEREAS the Republic of Chile and the State of California have established a continuous cooperation and assistance relationship and signed a Memorandum of Understanding entitled, \""Chile-California: A XXI Century Partnership\"" and a Joint Declaration on cooperation in emergency management entitled, \""Joint Declaration between the State of California, United States of America, and the Government of the Republic of Chile on Cooperation in Emergency and Disasters\"" on april 5th two thousand ten; WHEREAS the Partners share common geographic and climatological characteristics which may result in natural disasters having adverse effects on the life and health of their population, damaging property and the environment, and having a negative impact on the economy and infrastructure of the affected territories; WHEREAS a joint partnership and agreement between the Republic of Chile and the State of California will provide a broad framework for cooperation and support between the Partners in developing risk reduction initiatives that will continue to promote improved emergency: services to individuals, families, and communities, public and private sector."", ""timex_text"": ""april 5th"", ""timex_type"": ""DATE"", ""timex_value"": ""XXXX-04-05""}, {""text"": ""OF MEMORANDUM OF UNDERSTANDING BETWEEN THE: STATE OF CALIFORNIA, CALIFORNIA GOVERNOR'S OFFICE OF EMERGENCY SERVICES AND THE REPUBLIC OF CHILE, LA OFICINA NACIONAL DE EMERGENCIA DEL MINISTERIO DEL INTERIOR Y SEGURIDAD PUBLICA ON COOPERATION IN DISASTER RISK MANAGEMENT The California Governor's Office of Emergency Services (Cal OES) and La Oficina Nacional de Emergencia del Ministerio del Interior y Seguridad Pubica (ONEMI) (hereinafter jointly referred to as the Partners); WHEREAS the Republic of Chile and the State of California have established a continuous cooperation and assistance relationship and signed a Memorandum of Understanding entitled, \""Chile-California: A XXI Century Partnership\"" and a Joint Declaration on cooperation in emergency management entitled, \""Joint Declaration between the State of California, United States of America, and the Government of the Republic of Chile on Cooperation in Emergency and Disasters\"" on april 5th two thousand ten; WHEREAS the Partners share common geographic and climatological characteristics which may result in natural disasters having adverse effects on the life and health of their population, damaging property and the environment, and having a negative impact on the economy and infrastructure of the affected territories; WHEREAS a joint partnership and agreement between the Republic of Chile and the State of California will provide a broad framework for cooperation and support between the Partners in developing risk reduction initiatives that will continue to promote improved emergency: services to individuals, families, and communities, public and private sector."", ""timex_text"": ""two thousand ten"", ""timex_type"": ""DATE"", ""timex_value"": ""2010""}, {""text"": ""Signed in Santiago, Chile, on October twenty one, two thousand sixteen, in four originals, two in Spanish and two in English languages, both texts being equally authentic originals."", ""timex_text"": ""October"", ""timex_type"": ""DATE"", ""timex_value"": ""2010-10""}, {""text"": ""Signed in Santiago, Chile, on October twenty one, two thousand sixteen, in four originals, two in Spanish and two in English languages, both texts being equally authentic originals."", ""timex_text"": ""two thousand sixteen"", ""timex_type"": ""DATE"", ""timex_value"": ""2016""}, {""text"": ""GHILARDUCCI RICARDOTOROTORO-TASSARA DIRECTOR NATIONALI DIRECTOR CALIFORNIA GOVERNOR'S OFFICE OF LA OFICINAI NACIONALI DE EMERGENCIAI DEL EMERGENCY SERVICES, STATE OF CALIFORNIA MINISTERIO DELI INTERIOR Y SEGURIDAD PUBLICA, REPUBLIC OF CHILE Santiago, 9 de Noviembre de 2016"", ""timex_text"": ""2016"", ""timex_type"": ""DATE"", ""timex_value"": ""2016""}]","OF MEMORANDUM OF UNDERSTANDING BETWEEN THE: STATE OF CALIFORNIA, CALIFORNIA GOVERNOR'S OFFICE OF EMERGENCY SERVICES AND …",
California/1October14,California,d:\NLP_Project_tasks_6_8_11\OCR_output\California\1October14.txt,2013-01-01,2013-10-14,ninety days,,found,"[{""text"": ""Inner Mongolia Autonomous Region of China The State of California of the USA Memorandum of Understanding for Further Promoting Bilateral Trade and Investment Cooperation October, 2013 Memorandum of Understanding for Further Promoting Bilateral Trade and Investment Cooperation between Inner Mongolia Autonomous Region of China and the State of California of the USA In order to reinforce friendly cooperation and trade contact, and to implement the spirit of the Memorandum of Understanding on the Establishment of \""Joint Working Group on Trade and Investment Cooperation between Chinese Provinces and California of the USA\"", Inner Mongolia Autonomous Region of China and the State of California of the USA (hereinafter referred to as both sides) reached the following understanding through friendly negotiation: Article One: Objective In order to further the economic needs of both sides, we should play to our respective advantages, follow the principle of mutual benefit and common development, take efforts to expand cooperation in the fields of trade and investment between both sides, and jointly increase bilateral exchange and cooperation."", ""timex_text"": ""October"", ""timex_type"": ""DATE"", ""timex_value"": ""XXXX-10""}, {""text"": ""Inner Mongolia Autonomous Region of China The State of California of the USA Memorandum of Understanding for Further Promoting Bilateral Trade and Investment Cooperation October, 2013 Memorandum of Understanding for Further Promoting Bilateral Trade and Investment Cooperation between Inner Mongolia Autonomous Region of China and the State of California of the USA In order to reinforce friendly cooperation and trade contact, and to implement the spirit of the Memorandum of Understanding on the Establishment of \""Joint Working Group on Trade and Investment Cooperation between Chinese Provinces and California of the USA\"", Inner Mongolia Autonomous Region of China and the State of California of the USA (hereinafter referred to as both sides) reached the following understanding through friendly negotiation: Article One: Objective In order to further the economic needs of both sides, we should play to our respective advantages, follow the principle of mutual benefit and common development, take efforts to expand cooperation in the fields of trade and investment between both sides, and jointly increase bilateral exchange and cooperation."", ""timex_text"": ""2013"", ""timex_type"": ""DATE"", ""timex_value"": ""2013""}, {""text"": ""Either party who wishes to terminate this MOU shall notify the other party in writing ninety days in advance."", ""timex_text"": ""ninety days"", ""timex_type"": ""DURATION"", ""timex_value"": ""P90D""}, {""text"": ""This MOU will be signed in Los Angeles, California, USA on October 14, 2013, in duplicate and written in both English and Chinese."", ""timex_text"": ""October 14, 2013"", ""timex_type"": ""DATE"", ""timex_value"": ""2013-10-14""}, {""text"": ""Inner Mongolia Autonomous Region of China The State of California of the USA Memorandum of Understanding for Further Promoting Bilateral Trade and Investment Cooperation October, 2013 Memorandum of Understanding for Further Promoting Bilateral Trade and Investment Cooperation between Inner Mongolia Autonomous Region of China and the State of California of the USA In order to reinforce friendly cooperation and trade contact, and to implement the spirit of the Memorandum of Understanding on the Establishment of \""Joint Working Group on Trade and Investment Cooperation between Chinese Provinces and California of the USA\"", Inner Mongolia Autonomous Region of China and the State of California of the USA (hereinafter referred to as both sides) reached the following understanding through friendly negotiation: Article One: Objective In order to further the economic needs of both sides, we should play to our respective advantages, follow the principle of mutual benefit and common development, take efforts to expand cooperation in the fields of trade and investment between both sides, and jointly increase bilateral exchange and cooperation."", ""timex_text"": ""2013"", ""timex_type"": ""DATE"", ""timex_value"": ""2013""}]",Inner Mongolia Autonomous Region of China The State of California of the USA Memorandum of Understanding for Further Pro…,
California/1October2 (1),California,d:\NLP_Project_tasks_6_8_11\OCR_output\California\1October2 (1).txt,1516-01-01,2019-10-02,three years,,found,"[{""text"": ""MEMORANDUM OF UNDERSTANDING FOR STRENGTHENING COOPERATION ON ENERGY EFFICIENCY POLICIES AND PRACTICES BETWEEN THE KINGDOM OF DENMARK AND THE CALIFORNIA ENERGY COMMISSION OF THE STATE OF CALIFORNIA This Memorandum of Understanding (MOU) is entered intol between the Government ofthe Kingdom ofl Denmark and the Government of the State of California, hereinafter jointly referred to as \""the Participants.\"" Considering the strategic role of energy efficiency in addressing current global, national, regional, and local challenges related to reaching emission reduction targets outlined in thel Paris Agreement, in the respective policies of California and Denmark, as well as thei importance of energy efficiency for achieving sustainable energy use generally; and wishing to promote mutually beneficial cooperation on the exchange of best practices, development and use of state-of-the-art technologies as well as data-driven approaches to promote energy efficiency; the Participants have reached the following understandings: Section 1 OBJECTIVE The objective of this MOU is to promote: a: mutually beneficial relationship between the Participants in the field of energy efficiency, with a view to sharing knowledge, experiences, data, and best practices relevant to energy efficiency challenges."", ""timex_text"": ""current"", ""timex_type"": ""DATE"", ""timex_value"": ""PRESENT_REF""}, {""text"": ""Section 9 NOTICES Any notice or other communication between thel Participants under this MOU will be in writing and shall be addressed to: For the State of California: Name: Alana Sanchez Title: International Relations Senior Advisor, California Energy Commission Address: 1516 9th Street, Sacramento, California, USA 95814 Email: Alana.Sanchez@energy.ca.gov Fort the Kingdom of Denmark: Name: Bo Riisgaard Pedersen Title: Energy Attaché/Consul, Consulate General of Denmark Address: 299 California Avenue, #200, Palo Alto, California, USA 94306 Email: borped@um.dk Section 10 FINAL PROVISIONS This MOU is neither a contracti nor a treaty."", ""timex_text"": ""1516"", ""timex_type"": ""DATE"", ""timex_value"": ""1516""}, {""text"": ""This MOU is intended to be effective upon signature, and in effect for three years from the date of final execution."", ""timex_text"": ""three years"", ""timex_type"": ""DURATION"", ""timex_value"": ""P3Y""}, {""text"": ""The MOU may continue to be in force for an additional two-year period ifthe Signatories SO jointly decide."", ""timex_text"": ""two-year period"", ""timex_type"": ""DURATION"", ""timex_value"": ""P2Y""}, {""text"": ""Discontinuation should take effect three months following the date of notification, and should not affect activities already under implementation."", ""timex_text"": ""three months"", ""timex_type"": ""DURATION"", ""timex_value"": ""P3M""}]",MEMORANDUM OF UNDERSTANDING FOR STRENGTHENING COOPERATION ON ENERGY EFFICIENCY POLICIES AND PRACTICES BETWEEN THE KINGDO…,
California/1October2,California,d:\NLP_Project_tasks_6_8_11\OCR_output\California\1October2.txt,1516-01-01,2019-10-02,over the past twenty years,,found,"[{""text"": ""state, in which the volume of tradel has more than tripled over the past twenty years, growing from $81.4 billion in 1993 to $611.5 billion in 2018; ACKNOWLEDGING that Mexico and California share not only strong economic ties, but a 140-mile (225-kilometer) border and associated environmental, historical, and cultural ties; ACKNOWLEDGING that climate change threatens every nation, and for the sake of our collective future health and well-being must be addressed at all levels of government through urgent reduction of greenhouse gas emissions and preparation for climate impacts; NOTING thej potential for mutual benefit from expanding the current level of cooperation on energy and environmental policies and practices, including, but not limited to, cooperation on policies related to energy efficiency, renewable energy, clean energy technology, pollution abatement, and infrastructure for moving goods, people, and energy resources across the border; STRIVING to develop a mutually beneficial relationship of partnership and cooperation between the Participants; CONSISTENT with the governing laws of their respective countries; Have reached the following understanding: Paragraph 1 OBJECTIVE The objective of this MOU is to expand cooperation between the Participants on the basis of equality and mutual benefit in the arenas of energy and environmental policies and practices."", ""timex_text"": ""over the past twenty years"", ""timex_type"": ""DURATION"", ""timex_value"": ""P20Y""}, {""text"": ""state, in which the volume of tradel has more than tripled over the past twenty years, growing from $81.4 billion in 1993 to $611.5 billion in 2018; ACKNOWLEDGING that Mexico and California share not only strong economic ties, but a 140-mile (225-kilometer) border and associated environmental, historical, and cultural ties; ACKNOWLEDGING that climate change threatens every nation, and for the sake of our collective future health and well-being must be addressed at all levels of government through urgent reduction of greenhouse gas emissions and preparation for climate impacts; NOTING thej potential for mutual benefit from expanding the current level of cooperation on energy and environmental policies and practices, including, but not limited to, cooperation on policies related to energy efficiency, renewable energy, clean energy technology, pollution abatement, and infrastructure for moving goods, people, and energy resources across the border; STRIVING to develop a mutually beneficial relationship of partnership and cooperation between the Participants; CONSISTENT with the governing laws of their respective countries; Have reached the following understanding: Paragraph 1 OBJECTIVE The objective of this MOU is to expand cooperation between the Participants on the basis of equality and mutual benefit in the arenas of energy and environmental policies and practices."", ""timex_text"": ""1993"", ""timex_type"": ""DATE"", ""timex_value"": ""1993""}, {""text"": ""state, in which the volume of tradel has more than tripled over the past twenty years, growing from $81.4 billion in 1993 to $611.5 billion in 2018; ACKNOWLEDGING that Mexico and California share not only strong economic ties, but a 140-mile (225-kilometer) border and associated environmental, historical, and cultural ties; ACKNOWLEDGING that climate change threatens every nation, and for the sake of our collective future health and well-being must be addressed at all levels of government through urgent reduction of greenhouse gas emissions and preparation for climate impacts; NOTING thej potential for mutual benefit from expanding the current level of cooperation on energy and environmental policies and practices, including, but not limited to, cooperation on policies related to energy efficiency, renewable energy, clean energy technology, pollution abatement, and infrastructure for moving goods, people, and energy resources across the border; STRIVING to develop a mutually beneficial relationship of partnership and cooperation between the Participants; CONSISTENT with the governing laws of their respective countries; Have reached the following understanding: Paragraph 1 OBJECTIVE The objective of this MOU is to expand cooperation between the Participants on the basis of equality and mutual benefit in the arenas of energy and environmental policies and practices."", ""timex_text"": ""2018"", ""timex_type"": ""DATE"", ""timex_value"": ""2018""}, {""text"": ""state, in which the volume of tradel has more than tripled over the past twenty years, growing from $81.4 billion in 1993 to $611.5 billion in 2018; ACKNOWLEDGING that Mexico and California share not only strong economic ties, but a 140-mile (225-kilometer) border and associated environmental, historical, and cultural ties; ACKNOWLEDGING that climate change threatens every nation, and for the sake of our collective future health and well-being must be addressed at all levels of government through urgent reduction of greenhouse gas emissions and preparation for climate impacts; NOTING thej potential for mutual benefit from expanding the current level of cooperation on energy and environmental policies and practices, including, but not limited to, cooperation on policies related to energy efficiency, renewable energy, clean energy technology, pollution abatement, and infrastructure for moving goods, people, and energy resources across the border; STRIVING to develop a mutually beneficial relationship of partnership and cooperation between the Participants; CONSISTENT with the governing laws of their respective countries; Have reached the following understanding: Paragraph 1 OBJECTIVE The objective of this MOU is to expand cooperation between the Participants on the basis of equality and mutual benefit in the arenas of energy and environmental policies and practices."", ""timex_text"": ""current"", ""timex_type"": ""DATE"", ""timex_value"": ""PRESENT_REF""}, {""text"": ""Paragraph 9 NOTICES Any notice or other communication between the Participants under this MOU will be in writing and shall be addressed to: For the State of California: Name: Andrew McAllister Title: Commissioner, California Energy Commission Address: 1516 9th Street, Sacramento, California, USA 95814 E-mail: Andrew.McAllister@energy.ca.gov For Mexico City: Name: Marina Robles Garcia Title: Secretary of the Environment Address: Plaza de Constitucion 1, piso 3, Ciudad de Mexico, Mexico E-mail: mrobles@sedema.cdmx.gob.mx Paragraph 10 FINAL PROVISIONS This MOU is neither a contracti nor a treaty."", ""timex_text"": ""1516"", ""timex_type"": ""DATE"", ""timex_value"": ""1516""}]","state, in which the volume of tradel has more than tripled over the past twenty years, growing from $81.4 billion in 199…",
California/1October28 (1),California,d:\NLP_Project_tasks_6_8_11\OCR_output\California\1October28 (1).txt,1859-01-01,2035-01-01,,,found,"[{""text"": ""PACIFIO COAST ACTION PLAN on CLIMATE AND ENERGY SEAL OF STATE EUREKA THE - SHIE - A4 CALIFORNIA 1859 HL 1889 PREAMBLE existing carbon-pricing programs."", ""timex_text"": ""1859"", ""timex_type"": ""DATE"", ""timex_value"": ""1859""}, {""text"": ""PACIFIO COAST ACTION PLAN on CLIMATE AND ENERGY SEAL OF STATE EUREKA THE - SHIE - A4 CALIFORNIA 1859 HL 1889 PREAMBLE existing carbon-pricing programs."", ""timex_text"": ""1889"", ""timex_type"": ""DATE"", ""timex_value"": ""1889""}, {""text"": ""mid-term 2050 targets for needed greenhouse gas reductions and ofJune 2008, as provided fori in Article 6; develop targets to support long-term reduction goals."", ""timex_text"": ""2008"", ""timex_type"": ""DATE"", ""timex_value"": ""2008""}, {""text"": ""To advance long-term acombined GDP ofUS $2.8 trillion, which makes itt the world's fifth reductions, Washington already has in placea mid-term 2035 target."", ""timex_text"": ""2035"", ""timex_type"": ""DATE"", ""timex_value"": ""2035""}, {""text"": ""climate change through technology innovation and actions that Leaders of California, British Columbia, Oregon and Washington limit greenhouse gas emissions and other air pollution while creating affirm the scientific consensus on the human causes ofclimate economic growth, consumer: savings and newj jobs; change andi its very real impacts, most recently documented Celebrating that ourown governments have reduced greenhouse gas bys scientists around the world in thel Intergovernmental Panel emissions by adopting regulatory, policy and market-based measures on Climate Change's Fifth Assessment Report releasedi lin that shift energy generation to clean and renewable sources, manage September 2013, as well as other reportss such as the Scientific Consensus on."", ""timex_text"": ""recently"", ""timex_type"": ""DATE"", ""timex_value"": ""PAST_REF""}]",PACIFIO COAST ACTION PLAN on CLIMATE AND ENERGY SEAL OF STATE EUREKA THE - SHIE - A4 CALIFORNIA 1859 HL 1889 PREAMBLE ex…,
California/1October28,California,d:\NLP_Project_tasks_6_8_11\OCR_output\California\1October28.txt,2011-01-01,2019-10-28,,,found,"[{""text"": ""MEMORANDUM OF UNDERSTANDING BETWEEN THE STATE OF CALIFORNIA, UNITED STATES OF AMERICAAND JIANGSU PROVINCE, PEOPLE'S REPUBLIC OF CHINA ON TRADE, INNOVATION, CLIMATE CHANGE, EDUCATION, AND CULTURAL EXCHANGE Paragraph 1 Background WHEREAS the State of California of the United States of America (\""California\"") and Jiangsu Province of the People's Republic of China (\""Jiangsu\"") (hereinafter referred to as \""the Parties\"") officially established sister state-province relationship in the year of 2011, and WHEREAS in 2017, the two sides agreed to work collaboratively to facilitate cooperation on research, innovation, and investment aimed at advancing the development of low- carbon energy resources and clean technologies, and WHEREAS Vice Governor Wang Jiang of Jiangsu Province led the Jiangsu Goodwill Delegation to California from 26-28 October 2019, in a bid to further friendship and cooperation between the two sister states, and WHEREAS during the visit, the delegation met with Lieutenant Governor Eleni Kounalakis of California and convened the 5th meeting of the California- Jiangsu Joint Economic Committee, at which the Parties recapped the exchanges and cooperation that have been implemented in the sectors of economy and trade, science and technology, education, environmental protection, and culture since the inception of the sister-state relationship, THEREFORE the Parties have reached agreement to further their relationship in the following areas: Paragraph 2 Areas of Cooperation 1."", ""timex_text"": ""2011"", ""timex_type"": ""DATE"", ""timex_value"": ""2011""}, {""text"": ""MEMORANDUM OF UNDERSTANDING BETWEEN THE STATE OF CALIFORNIA, UNITED STATES OF AMERICAAND JIANGSU PROVINCE, PEOPLE'S REPUBLIC OF CHINA ON TRADE, INNOVATION, CLIMATE CHANGE, EDUCATION, AND CULTURAL EXCHANGE Paragraph 1 Background WHEREAS the State of California of the United States of America (\""California\"") and Jiangsu Province of the People's Republic of China (\""Jiangsu\"") (hereinafter referred to as \""the Parties\"") officially established sister state-province relationship in the year of 2011, and WHEREAS in 2017, the two sides agreed to work collaboratively to facilitate cooperation on research, innovation, and investment aimed at advancing the development of low- carbon energy resources and clean technologies, and WHEREAS Vice Governor Wang Jiang of Jiangsu Province led the Jiangsu Goodwill Delegation to California from 26-28 October 2019, in a bid to further friendship and cooperation between the two sister states, and WHEREAS during the visit, the delegation met with Lieutenant Governor Eleni Kounalakis of California and convened the 5th meeting of the California- Jiangsu Joint Economic Committee, at which the Parties recapped the exchanges and cooperation that have been implemented in the sectors of economy and trade, science and technology, education, environmental protection, and culture since the inception of the sister-state relationship, THEREFORE the Parties have reached agreement to further their relationship in the following areas: Paragraph 2 Areas of Cooperation 1."", ""timex_text"": ""2017"", ""timex_type"": ""DATE"", ""timex_value"": ""2017""}, {""text"": ""MEMORANDUM OF UNDERSTANDING BETWEEN THE STATE OF CALIFORNIA, UNITED STATES OF AMERICAAND JIANGSU PROVINCE, PEOPLE'S REPUBLIC OF CHINA ON TRADE, INNOVATION, CLIMATE CHANGE, EDUCATION, AND CULTURAL EXCHANGE Paragraph 1 Background WHEREAS the State of California of the United States of America (\""California\"") and Jiangsu Province of the People's Republic of China (\""Jiangsu\"") (hereinafter referred to as \""the Parties\"") officially established sister state-province relationship in the year of 2011, and WHEREAS in 2017, the two sides agreed to work collaboratively to facilitate cooperation on research, innovation, and investment aimed at advancing the development of low- carbon energy resources and clean technologies, and WHEREAS Vice Governor Wang Jiang of Jiangsu Province led the Jiangsu Goodwill Delegation to California from 26-28 October 2019, in a bid to further friendship and cooperation between the two sister states, and WHEREAS during the visit, the delegation met with Lieutenant Governor Eleni Kounalakis of California and convened the 5th meeting of the California- Jiangsu Joint Economic Committee, at which the Parties recapped the exchanges and cooperation that have been implemented in the sectors of economy and trade, science and technology, education, environmental protection, and culture since the inception of the sister-state relationship, THEREFORE the Parties have reached agreement to further their relationship in the following areas: Paragraph 2 Areas of Cooperation 1."", ""timex_text"": ""26"", ""timex_type"": ""DATE"", ""timex_value"": ""2019-10-26""}, {""text"": ""MEMORANDUM OF UNDERSTANDING BETWEEN THE STATE OF CALIFORNIA, UNITED STATES OF AMERICAAND JIANGSU PROVINCE, PEOPLE'S REPUBLIC OF CHINA ON TRADE, INNOVATION, CLIMATE CHANGE, EDUCATION, AND CULTURAL EXCHANGE Paragraph 1 Background WHEREAS the State of California of the United States of America (\""California\"") and Jiangsu Province of the People's Republic of China (\""Jiangsu\"") (hereinafter referred to as \""the Parties\"") officially established sister state-province relationship in the year of 2011, and WHEREAS in 2017, the two sides agreed to work collaboratively to facilitate cooperation on research, innovation, and investment aimed at advancing the development of low- carbon energy resources and clean technologies, and WHEREAS Vice Governor Wang Jiang of Jiangsu Province led the Jiangsu Goodwill Delegation to California from 26-28 October 2019, in a bid to further friendship and cooperation between the two sister states, and WHEREAS during the visit, the delegation met with Lieutenant Governor Eleni Kounalakis of California and convened the 5th meeting of the California- Jiangsu Joint Economic Committee, at which the Parties recapped the exchanges and cooperation that have been implemented in the sectors of economy and trade, science and technology, education, environmental protection, and culture since the inception of the sister-state relationship, THEREFORE the Parties have reached agreement to further their relationship in the following areas: Paragraph 2 Areas of Cooperation 1."", ""timex_text"": ""28 October 2019"", ""timex_type"": ""DATE"", ""timex_value"": ""2019-10-28""}, {""text"": ""The Parties shall encourage closer interactions between the University of California system and universities in Jiangsu based on the current one-on-one partnership."", ""timex_text"": ""current"", ""timex_type"": ""DATE"", ""timex_value"": ""PRESENT_REF""}]","MEMORANDUM OF UNDERSTANDING BETWEEN THE STATE OF CALIFORNIA, UNITED STATES OF AMERICAAND JIANGSU PROVINCE, PEOPLE'S REPU…",
California/1October3,California,d:\NLP_Project_tasks_6_8_11\OCR_output\California\1October3.txt,2012-01-01,2012-01-01,thirty years,,found,"[{""text"": ""BORDER GOVERNORS' CONFERENCE a - : rque Aico JOINT DECLARATION /DECLARACION CONJUNTA PREAMBLE PREAMBULO The Border Governors Conference is an inter- La Conferencia de Gobernadores Fronterizos es una national/regional organization that is comprised of the organizacion internacional/regional que comprende los ten states located along the United States-Mexico diez estados localizados a lo largo de la frontera border celebrates its XXX Border Governors México-Estados Unidos, la cual celebra el trigésimo Conference in Albuquerque, New Mexico, October 3- aniversario de este foro en Albuquerque, Nuevo 5, 2012."", ""timex_text"": ""October 3"", ""timex_type"": ""DATE"", ""timex_value"": ""XXXX-10-03""}, {""text"": ""BORDER GOVERNORS' CONFERENCE a - : rque Aico JOINT DECLARATION /DECLARACION CONJUNTA PREAMBLE PREAMBULO The Border Governors Conference is an inter- La Conferencia de Gobernadores Fronterizos es una national/regional organization that is comprised of the organizacion internacional/regional que comprende los ten states located along the United States-Mexico diez estados localizados a lo largo de la frontera border celebrates its XXX Border Governors México-Estados Unidos, la cual celebra el trigésimo Conference in Albuquerque, New Mexico, October 3- aniversario de este foro en Albuquerque, Nuevo 5, 2012."", ""timex_text"": ""2012"", ""timex_type"": ""DATE"", ""timex_value"": ""2012""}, {""text"": ""BORDER GOVERNORS' CONFERENCE a - : rque Aico JOINT DECLARATION /DECLARACION CONJUNTA PREAMBLE PREAMBULO The Border Governors Conference is an inter- La Conferencia de Gobernadores Fronterizos es una national/regional organization that is comprised of the organizacion internacional/regional que comprende los ten states located along the United States-Mexico diez estados localizados a lo largo de la frontera border celebrates its XXX Border Governors México-Estados Unidos, la cual celebra el trigésimo Conference in Albuquerque, New Mexico, October 3- aniversario de este foro en Albuquerque, Nuevo 5, 2012."", ""timex_text"": ""2012"", ""timex_type"": ""DATE"", ""timex_value"": ""2012""}, {""text"": ""Now more than ever, we are committed to this Ahora mâs que nunca estamos comprometidos a strategic alliance building on thirty years of mantener esta alianza estratégica fincada en treinta experience."", ""timex_text"": ""Now"", ""timex_type"": ""DATE"", ""timex_value"": ""PRESENT_REF""}, {""text"": ""Now more than ever, we are committed to this Ahora mâs que nunca estamos comprometidos a strategic alliance building on thirty years of mantener esta alianza estratégica fincada en treinta experience."", ""timex_text"": ""thirty years"", ""timex_type"": ""DURATION"", ""timex_value"": ""P30Y""}]",BORDER GOVERNORS' CONFERENCE a - : rque Aico JOINT DECLARATION /DECLARACION CONJUNTA PREAMBLE PREAMBULO The Border Gover…,
California/1October31,California,d:\NLP_Project_tasks_6_8_11\OCR_output\California\1October31.txt,2017-10-31,,,,found,"[{""text"": ""During the period of validity of this MOU, the Working Group plans to develop annual work plans before January 1, and report on the progress of cooperation to the Director of Center of Science and Technology & Industrialization Development of Ministry of Housing and Urban-Rural Development of the P."", ""timex_text"": ""January 1"", ""timex_type"": ""DATE"", ""timex_value"": ""XXXX-01-01""}, {""text"": ""China and the Chair of the California Energy Resources Conservation and Development Commission once a year before August 31, and improve the cooperation plans based on their suggestions."", ""timex_text"": ""once a year"", ""timex_type"": ""SET"", ""timex_value"": ""P1Y""}, {""text"": ""China and the Chair of the California Energy Resources Conservation and Development Commission once a year before August 31, and improve the cooperation plans based on their suggestions."", ""timex_text"": ""August 31"", ""timex_type"": ""DATE"", ""timex_value"": ""XXXX-08-31""}]","During the period of validity of this MOU, the Working Group plans to develop annual work plans before January 1, and re…",
California/1October4 (1),California,d:\NLP_Project_tasks_6_8_11\OCR_output\California\1October4 (1).txt,2018-01-01,2019-10-01,,,found,"[{""text"": ""MEMORANDUM OF UNDERSTANDING BETWEEN THE MINISTRY OF ECONOMY OF THE UNITED MEXICAN STATES AND THE GOVERNMENT OF THE STATE OF CALIFORNIA OF THE UNITED STATES OF AMERICA The Ministry of Economy of the United Mexican States and the Government of the State of California of the United States of America, hereinafter referred to as \""the Participants\""; WHEREAS two-way trade in goods between Mexico and California totaled over US$74.7 billion in 2018 - - one of the largest two-way trade relationships between Mexico and a U.S."", ""timex_text"": ""2018"", ""timex_type"": ""DATE"", ""timex_value"": ""2018""}, {""text"": ""State, and Mexico has become, for the first time, during 2019's first semester, the U.S.'s largest trade partner; WHEREAS Mexico and California share a 136-mile border and close historical, cultural, and economic ties; WHEREAS Mexico's new trade policy priorities of innovation, diversification."", ""timex_text"": ""2019"", ""timex_type"": ""DATE"", ""timex_value"": ""2019""}, {""text"": ""and inclusion coincide with priorities upon which California has established its economic growth strategy; and WHEREAS the Participants seek to expand the current level of economic and investment cooperation between Mexico and California in, but not limited to, the fields of alternative and renewable energy, environment and related clean technologies, agriculture-related technologies, micro, small and medium enterprises, innovation, workforce development, digital economy and creative industries and cybersecurity; Therefore, the Participants have reached the following understanding: SECTION I Objective The purpose of this Memorandum of Understanding is to establish a formal and flexible framework between the Participants in order to permit them to expand trade and investment cooperation, foster scientific and technological collaboration, promote export products diversification, boost economic development for all regions and create jobs."", ""timex_text"": ""current"", ""timex_type"": ""DATE"", ""timex_value"": ""PRESENT_REF""}, {""text"": ""SECTION IV Specific Activities Specific activities to achieve the objectives of this Memorandum of Understanding for the key sectors identified in Article II may include: a) Exchanging information on good practices relating to specific projects regarding the identified areas of cooperation; b) Organizing at least one trade mission every two years to focus on the exchange of information about options of trade and investment, the development of commercial contacts and the exploration of areas for potential cooperation; c) Providing information to companies, including small and medium-sized enterprises (SMES), in order to facilitate trade and investment opportunities, and providing relevant connections to the extent it is reasonably possible to do so; d) Fostering collaboration between the Participants' universities, organizations, research centers, California's iHubs, and companies to develop science and technology programs that allows for concrete business development; e) Undertaking exchanges between."", ""timex_text"": ""every two years"", ""timex_type"": ""SET"", ""timex_value"": ""P2Y""}, {""text"": ""Signed in Mexico City on October 4rd, 2019, in two original copies in the English and Spanish languages."", ""timex_text"": ""October"", ""timex_type"": ""DATE"", ""timex_value"": ""2019-10""}]",MEMORANDUM OF UNDERSTANDING BETWEEN THE MINISTRY OF ECONOMY OF THE UNITED MEXICAN STATES AND THE GOVERNMENT OF THE STATE…,
California/1October4,California,d:\NLP_Project_tasks_6_8_11\OCR_output\California\1October4.txt,2019-01-01,,,,found,"[{""text"": ""Signed in Mexico City, on the fourth day of October of two thousand nineteen, in two original copies, in the Spanish and English languages, both texts being equally valid."", ""timex_text"": ""October"", ""timex_type"": ""DATE"", ""timex_value"": ""XXXX-10""}, {""text"": ""Signed in Mexico City, on the fourth day of October of two thousand nineteen, in two original copies, in the Spanish and English languages, both texts being equally valid."", ""timex_text"": ""two thousand nineteen"", ""timex_type"": ""DATE"", ""timex_value"": ""2019""}]","Signed in Mexico City, on the fourth day of October of two thousand nineteen, in two original copies, in the Spanish and…",
California/1October5,California,d:\NLP_Project_tasks_6_8_11\OCR_output\California\1October5.txt,2014-01-01,2015-10-05,,,found,"[{""text"": ""Memorandum of Understanding on the Cooperation for Low Carbon Development between The Provincial Government of Jiangsu of the People's Republic of China and the Government of the State of California of the United States of America H4ARHAI Ly NE JEAELKF The Provincial Government of Jiangsu, of the People's Republic of China, and the Government of the State of California of the United States of America, (hereinafter referred to as \""the Participants\""), in order to enhance cooperation on low carbon development and climate change, and to contribute to the implementation of the 2014 Sino-US Joint Declaration on Climate Change, reach the following understandings: LAA ARE MS JATIT TDTH VI NT\"") HAIF, RI H 2014 ET EE JU KK > T E1L TNAKE, LI L IV J FFJXY L : I."", ""timex_text"": ""2014"", ""timex_type"": ""DATE"", ""timex_value"": ""2014""}, {""text"": ""The MOU is signed on October 5th, 2015 in Sacramento, California, United States of America."", ""timex_text"": ""October 5th, 2015"", ""timex_type"": ""DATE"", ""timex_value"": ""2015-10-05""}]",Memorandum of Understanding on the Cooperation for Low Carbon Development between The Provincial Government of Jiangsu o…,
California/1September10 (1),California,d:\NLP_Project_tasks_6_8_11\OCR_output\California\1September10 (1).txt,2020-01-01,2020-06-30,,explicit,found,"[{""text"": ""This MOU builds upon the original framework set forth in the Memorandum of Cooperation on climate change, renewable energy, trade and investment, vehicles, high speed rail and water between the Government of Japan and the State of California of the United States of America dated September 5, 2014."", ""timex_text"": ""September 5, 2014"", ""timex_type"": ""DATE"", ""timex_value"": ""2014-09-05""}, {""text"": ""This MOU shall be effective upon the date of its signing by both PARTIES and shall remain effective until June 30, 2020, but such expiration date will be automatically extended for a one (1) year period on the initial expiration date and on each anniversary date of the initial expiration date unless at least ninety (90) days prior to the then relevant expiration date either PARTY notifies the other PARTY in writing of its intention not to extend this MOU."", ""timex_text"": ""June 30, 2020"", ""timex_type"": ""DATE"", ""timex_value"": ""2020-06-30""}, {""text"": ""Any formal notices or communication required or permitted to be given under this MOU shall be given in writing and shall be delivered (a) in person, (b) by certified mail, (c) by facsimile with confirmed receipt required, electronic communication with confirmed receipt required, or (d) by a reputable international courier that provides a receipt, and such notices shall be addressed as set forth below, or as the applicable party shall specify to the other party in writing at a later date: 5 New Energy and Industrial Technology California Governor's Office of Business Development Organization and Economic Development 18F Muza Kawasaki Central Tower, 1325 J Street 1310, Omiya-cho, Saiwai-ku, Kawasaki Sacramento CA 95814 City, Kanagawa 212-8854 JAPAN zevinfrastructure@gov.ca.gov IN WITNESS WHEREOF, the PARTIES have executed two (2) originals of this MOU in the English language on the date indicated below, with each original being equally valid."", ""timex_text"": ""1325"", ""timex_type"": ""DATE"", ""timex_value"": ""1325""}, {""text"": ""Any formal notices or communication required or permitted to be given under this MOU shall be given in writing and shall be delivered (a) in person, (b) by certified mail, (c) by facsimile with confirmed receipt required, electronic communication with confirmed receipt required, or (d) by a reputable international courier that provides a receipt, and such notices shall be addressed as set forth below, or as the applicable party shall specify to the other party in writing at a later date: 5 New Energy and Industrial Technology California Governor's Office of Business Development Organization and Economic Development 18F Muza Kawasaki Central Tower, 1325 J Street 1310, Omiya-cho, Saiwai-ku, Kawasaki Sacramento CA 95814 City, Kanagawa 212-8854 JAPAN zevinfrastructure@gov.ca.gov IN WITNESS WHEREOF, the PARTIES have executed two (2) originals of this MOU in the English language on the date indicated below, with each original being equally valid."", ""timex_text"": ""1310"", ""timex_type"": ""DATE"", ""timex_value"": ""1310""}, {""text"": ""6 Executed in Sacramento on September 10, 2015 New Energy and Industrial Technology California Governor's Office of Development Organization Business and Economic Development Japan United StatestolAmerica 13 - Hiroshi Kuniyoshi Panorea Avdis Executive Director Chief Deputy Director 7 ANNEX I Implementation Schedule*1 for the PROJECT Action Item 2015 2016 2017 2018 2019 2020 1.1 Manufacturing and shipping 2."", ""timex_text"": ""September 10, 2015"", ""timex_type"": ""DATE"", ""timex_value"": ""2015-09-10""}]","This MOU builds upon the original framework set forth in the Memorandum of Cooperation on climate change, renewable ener…",
California/1September10,California,d:\NLP_Project_tasks_6_8_11\OCR_output\California\1September10.txt,2020-01-01,2020-06-30,,explicit,found,"[{""text"": ""This MOU builds upon the original framework set forth in the Memorandum of Cooperation on climate change, renewable energy, trade and investment, vehicles, high speed rail and water between the Government of Japan and the State of California of the United States of America dated September 5, 2014 and supersedes the Letter of Intent for cooperation in a feasibility study between the PARTIES concerning the demonstration project for electric vehicle (hereinafter referred to as \""EV\"") driving behavior in California dated October 14, 2014."", ""timex_text"": ""September 5, 2014"", ""timex_type"": ""DATE"", ""timex_value"": ""2014-09-05""}, {""text"": ""This MOU builds upon the original framework set forth in the Memorandum of Cooperation on climate change, renewable energy, trade and investment, vehicles, high speed rail and water between the Government of Japan and the State of California of the United States of America dated September 5, 2014 and supersedes the Letter of Intent for cooperation in a feasibility study between the PARTIES concerning the demonstration project for electric vehicle (hereinafter referred to as \""EV\"") driving behavior in California dated October 14, 2014."", ""timex_text"": ""October 14, 2014"", ""timex_type"": ""DATE"", ""timex_value"": ""2014-10-14""}, {""text"": ""The demonstration system for the PROJECT will consist of direct current fast chargers, other equipment, and system software that will be supplied by companies designated by NEDO."", ""timex_text"": ""current"", ""timex_type"": ""DATE"", ""timex_value"": ""PRESENT_REF""}, {""text"": ""This MOU shall be effective upon the date of its signing by both PARTIES and shall remain effective until June 30, 2020, but such expiration date will be automatically extended for a one (1) year period on the initial expiration date and on each anniversary date of the initial expiration date unless at least ninety (90) days prior to the then relevant expiration date either PARTY notifies the other PARTY in writing of its intention not to extend this MOU."", ""timex_text"": ""June 30, 2020"", ""timex_type"": ""DATE"", ""timex_value"": ""2020-06-30""}, {""text"": ""Any formal notices or communication required or permitted to be given under this MOU shall be given in writing and shall be delivered (a) in person, (b) by certified mail, (c) by facsimile with confirmed receipt required, electronic communication with confirmed receipt required, or (d) by a reputable international courier that provides a receipt, and such notices shall be addressed as set forth below, or as the applicable party shall specify to the other party in writing at a later date: 5 New Energy and Industrial Technology Zero Emissions Vehicle Infrastructure Development Organization Project Manager 18F Muza Kawasaki Central Tower, California Governor's Office of Business 1310, Omiya-cho, Saiwai-ku, Kawasaki and Economic Development City, Kanagawa 212-8854 JAPAN 1325 J Street Sacramento CA 95814 zevinfrastructure@gov.ca.gov IN WITNESS WHEREOF, the PARTIES have executed two (2) originals of this MOU in the English language on the date indicated below, with each original being equally valid."", ""timex_text"": ""1310"", ""timex_type"": ""DATE"", ""timex_value"": ""1310""}]","This MOU builds upon the original framework set forth in the Memorandum of Cooperation on climate change, renewable ener…",
California/1September12,California,d:\NLP_Project_tasks_6_8_11\OCR_output\California\1September12.txt,2018-01-01,,,,found,"[{""text"": ""The California-China Program will facilitate a yearly US-China Subnational Climate Dialogue, jointly established, on September 12 of 2018, at the Global Climate Action Summit."", ""timex_text"": ""September 12"", ""timex_type"": ""DATE"", ""timex_value"": ""XXXX-09-12""}, {""text"": ""The California-China Program will facilitate a yearly US-China Subnational Climate Dialogue, jointly established, on September 12 of 2018, at the Global Climate Action Summit."", ""timex_text"": ""2018"", ""timex_type"": ""DATE"", ""timex_value"": ""2018""}]","The California-China Program will facilitate a yearly US-China Subnational Climate Dialogue, jointly established, on Sep…",
California/1September15 (1),California,d:\NLP_Project_tasks_6_8_11\OCR_output\California\1September15 (1).txt,2015-09-15,,four years,,found,"[{""text"": ""ARTICLE 21 Forms of Cooperation Forms of cooperation may include the following and any other forms agreed to by both Parties: Sharing information and experiences regarding policies and programs to strengthen low carbon development across economic sectors; 2 Exchange and visits between the parties' relevant personnel, including exchange using conference calls and annually meeting; Sharing policy design of carbon emissions trading programs; Inviting the other Party."", ""timex_text"": ""annually"", ""timex_type"": ""SET"", ""timex_value"": ""XXXX""}, {""text"": ""ARTICLE 21 Forms of Cooperation Forms of cooperation may include the following and any other forms agreed to by both Parties: Sharing information and experiences regarding policies and programs to strengthen low carbon development across economic sectors; 2 Exchange and visits between the parties' relevant personnel, including exchange using conference calls and annually meeting; Sharing policy design of carbon emissions trading programs; Inviting the other Party."", ""timex_text"": ""annually"", ""timex_type"": ""SET"", ""timex_value"": ""XXXX""}, {""text"": ""ARTICLE 4 Duration, Termination, Modification This MOU will remain in effect for four years from the date of its signature by the parties."", ""timex_text"": ""four years"", ""timex_type"": ""DURATION"", ""timex_value"": ""P4Y""}, {""text"": ""It may be amended and/or extend its effective term as agreed by the Parties in writing, sixty days before its expiry."", ""timex_text"": ""sixty days"", ""timex_type"": ""DURATION"", ""timex_value"": ""P60D""}, {""text"": ""Either Party may withdraw from this MOU after 45 days written notice to the other Party."", ""timex_text"": ""45 days"", ""timex_type"": ""DURATION"", ""timex_value"": ""P45D""}]",ARTICLE 21 Forms of Cooperation Forms of cooperation may include the following and any other forms agreed to by both Par…,
California/1September15 (2),California,d:\NLP_Project_tasks_6_8_11\OCR_output\California\1September15 (2).txt,1995-01-01,2030-01-01,60 days,,found,"[{""text"": ""Preamble In 2015, the Minister Prasident Winfried Kretschmann of Baden-Wurtteberg and Governor Jerry Brown of California shared thoughts on the occasion of a delegation visit to California on a potential collaboration between Baden-Wurttemberg and California in the economic, environmental and climate field as well as in science, literature, and art."", ""timex_text"": ""2015"", ""timex_type"": ""DATE"", ""timex_value"": ""2015""}, {""text"": ""During a visit to Stuttgart in 2017, Minister President Kretschmann and Governor Brown discussed the expansion of the collaboration between technology and science centers and how to enhance the exchange and friendship between Baden- Wurttemberg and California."", ""timex_text"": ""2017"", ""timex_type"": ""DATE"", ""timex_value"": ""2017""}, {""text"": ""In May of 2018, the California State Senate passed a Resolution that supports expanding the bilateral relationship that exists between Baden- Wurttemberg and California and encouraged the efforts to establish a sister state relationship."", ""timex_text"": ""May of 2018"", ""timex_type"": ""DATE"", ""timex_value"": ""2018-05""}, {""text"": ""Preamble In 2015, the Minister Prasident Winfried Kretschmann of Baden-Wurtteberg and Governor Jerry Brown of California shared thoughts on the occasion of a delegation visit to California on a potential collaboration between Baden-Wurttemberg and California in the economic, environmental and climate field as well as in science, literature, and art."", ""timex_text"": ""2015"", ""timex_type"": ""DATE"", ""timex_value"": ""2015""}, {""text"": ""It has now developed into a worldwide movement of subnational governments that fight climate change by implementing concrete policies and measures."", ""timex_text"": ""now"", ""timex_type"": ""DATE"", ""timex_value"": ""PRESENT_REF""}]","Preamble In 2015, the Minister Prasident Winfried Kretschmann of Baden-Wurtteberg and Governor Jerry Brown of California…",
California/1September15,California,d:\NLP_Project_tasks_6_8_11\OCR_output\California\1September15.txt,2014-01-01,2015-09-15,,,found,"[{""text"": ""Memorandum of Understanding On the Cooperation for Low Carbon Development between The Municipal Government of Zhenjiang of the People's Republic of China and the Government of the State of California of the United States of America # L iT E IV M N The Municipal Government of Zhenjiang, of the People's Republic of China, and the Government of the State of California of the United States of America, (hereinafter referred to as \""the Participants\""), in order to enhance cooperation on low carbon development and climate change, and to contribute to the implementation of the 2014 Sino-US Joint Declaration on Climate Change, reach the following understandings: 4 HINAR JUTIT HELNEK (!"", ""timex_text"": ""2014"", ""timex_type"": ""DATE"", ""timex_value"": ""2014""}, {""text"": ""The MOU is signed on September 15th, 2015 in Los Angeles, in the United States of America."", ""timex_text"": ""September 15th, 2015"", ""timex_type"": ""DATE"", ""timex_value"": ""2015-09-15""}, {""text"": ""The undersigned Subnational Government joins as an Endorsing Partner YFYJ 4 N EX - AIFIKA, N N FHLNT Representative of Zhenjiang Municipality: Mayor of Zhenjiang HMAREA KtT V1E September 15, 2015 Ma Representative of California: Secretary Matt Rodriquez, California Environmental Protection Agency JAXIT E E AN E X XIVK September 15, 2015"", ""timex_text"": ""September 15, 2015"", ""timex_type"": ""DATE"", ""timex_value"": ""2015-09-15""}, {""text"": ""The undersigned Subnational Government joins as an Endorsing Partner YFYJ 4 N EX - AIFIKA, N N FHLNT Representative of Zhenjiang Municipality: Mayor of Zhenjiang HMAREA KtT V1E September 15, 2015 Ma Representative of California: Secretary Matt Rodriquez, California Environmental Protection Agency JAXIT E E AN E X XIVK September 15, 2015"", ""timex_text"": ""September 15, 2015"", ""timex_type"": ""DATE"", ""timex_value"": ""2015-09-15""}]",Memorandum of Understanding On the Cooperation for Low Carbon Development between The Municipal Government of Zhenjiang …,
California/1September19,California,d:\NLP_Project_tasks_6_8_11\OCR_output\California\1September19.txt,,,five years,,found,"[{""text"": ""Considering the strategic role of water issues in addressing current global, national, regional, and local challenges; Desiring to develop and promote efficient wastewater and water use technologies in view of the need to reduce greenhouse gas emissions from the water sector to further the mitigation of climate change; Wishing to promote mutually beneficial cooperation in the field of water resource management and development and use of water technology; and Bearing in mind that this Memorandum of Understanding (\""MOU\"") is intended to provide a general framework for cooperation on common water issues, Have reached the following understandings: Section 1 - Objective The objective of this MOU is to promote a mutually beneficial relationship between the Participants in the field of water technology, water management, and regulation, with a view to sharing knowledge, experiences, data, and best practices relevant to water resources management challenges."", ""timex_text"": ""current"", ""timex_type"": ""DATE"", ""timex_value"": ""PRESENT_REF""}, {""text"": ""Section 9 = Term This MOU is intended to be effective upon signature, and in effect for five years from the date of final execution."", ""timex_text"": ""five years"", ""timex_type"": ""DURATION"", ""timex_value"": ""P5Y""}, {""text"": ""Discontinuation should take effect three months following the date of notification, and should not affect activities already under implementation."", ""timex_text"": ""three months"", ""timex_type"": ""DURATION"", ""timex_value"": ""P3M""}, {""text"": ""Signed in New York on September 19th, in duplicate, in the English language."", ""timex_text"": ""September 19th"", ""timex_type"": ""DATE"", ""timex_value"": ""XXXX-09-19""}]","Considering the strategic role of water issues in addressing current global, national, regional, and local challenges; D…",
California/1September22 (1),California,d:\NLP_Project_tasks_6_8_11\OCR_output\California\1September22 (1).txt,2015-01-01,2016-09-22,three years,,found,"[{""text"": ""Wang Dongming, led the Sichuan delegation and visited the State of California from September 231d to September 24t, - 2015."", ""timex_text"": ""September"", ""timex_type"": ""DATE"", ""timex_value"": ""XXXX-09""}, {""text"": ""Wang Dongming, led the Sichuan delegation and visited the State of California from September 231d to September 24t, - 2015."", ""timex_text"": ""September"", ""timex_type"": ""DATE"", ""timex_value"": ""XXXX-09""}, {""text"": ""Wang Dongming, led the Sichuan delegation and visited the State of California from September 231d to September 24t, - 2015."", ""timex_text"": ""2015"", ""timex_type"": ""DATE"", ""timex_value"": ""2015""}, {""text"": ""Brown Jr., Governor of California, during the U.S.-China Governors Forum in Seattle, Washington on September 22nd."", ""timex_text"": ""September 22nd"", ""timex_type"": ""DATE"", ""timex_value"": ""2015-09-22""}, {""text"": ""In order to promote and strengthen cooperation in the above areas, both parties recognize the important role of private sector initiatives such as the establishment ofthe planned California Center in Sichuan Tianfu New Area in 2016, in helping to facilitate private sector investment and trade from California to Sichuan."", ""timex_text"": ""2016"", ""timex_type"": ""DATE"", ""timex_value"": ""2016""}]","Wang Dongming, led the Sichuan delegation and visited the State of California from September 231d to September 24t, - 20…",
California/1September22 (2),California,d:\NLP_Project_tasks_6_8_11\OCR_output\California\1September22 (2).txt,2015-09-01,2015-09-01,three years,,found,"[{""text"": ""This Accord will remain in effect for three years from the date of its signature by the Parties and may be amended and/or extended as agreed upon by all the Parties in writing."", ""timex_text"": ""three years"", ""timex_type"": ""DURATION"", ""timex_value"": ""P3Y""}, {""text"": ""Page I 2 This U.S.-China Governors' Accord On Clean Energy and Economic Development signed as ofthe 22nd day of September 2015."", ""timex_text"": ""September 2015"", ""timex_type"": ""DATE"", ""timex_value"": ""2015-09""}, {""text"": ""Page I 2 This U.S.-China Governors' Accord On Clean Energy and Economic Development signed as ofthe 22nd day of September 2015."", ""timex_text"": ""September 2015"", ""timex_type"": ""DATE"", ""timex_value"": ""2015-09""}, {""text"": ""Page I 2 This U.S.-China Governors' Accord On Clean Energy and Economic Development signed as ofthe 22nd day of September 2015."", ""timex_text"": ""September 2015"", ""timex_type"": ""DATE"", ""timex_value"": ""2015-09""}, {""text"": ""Page I 2 This U.S.-China Governors' Accord On Clean Energy and Economic Development signed as ofthe 22nd day of September 2015."", ""timex_text"": ""September 2015"", ""timex_type"": ""DATE"", ""timex_value"": ""2015-09""}]",This Accord will remain in effect for three years from the date of its signature by the Parties and may be amended and/o…,
California/1September29,California,d:\NLP_Project_tasks_6_8_11\OCR_output\California\1September29.txt,2015-09-29,,,,found,"[{""text"": ""Means of Cooperation Representatives of the ZEV Alliance Participants will meet at least once a year, participate in working groups and share information."", ""timex_text"": ""once a year"", ""timex_type"": ""SET"", ""timex_value"": ""P1Y""}, {""text"": ""Secretary Matthew Rodriguez California Environmental Protection Agency September 29, 2015"", ""timex_text"": ""September 29, 2015"", ""timex_type"": ""DATE"", ""timex_value"": ""2015-09-29""}]","Means of Cooperation Representatives of the ZEV Alliance Participants will meet at least once a year, participate in wor…",
California/1Undated (1),California,d:\NLP_Project_tasks_6_8_11\OCR_output\California\1Undated (1).txt,1430-01-01,2016-07-22,,,found,"[{""text"": ""The article states that \""the University shall be entirely independent of all political and sectarian influence and kept free therefrom in the appointment of its Regents and in the administration of its affairs;\"" Considering that the SEP is interested in deepening and strengthening the ties of friendship and cooperation with the UC and the CDE to carryout activities that benefit students travelling between the Mexican and Californian education systems; Recognizing that THE PARTIES in signing this Memorandum of Understanding (\""MOU\"") want to establish mechanisms for collaboration, and cooperation in the area of education, and to share experiences as they relate to the \""Students We Share\""; Recognizing that this MOU is based on a spirit of mutual cooperation and benefit; TAKING INTO CONSIDERATION the terms of the addendum for school districts in the MOU related to the education exchange between the Government of the United Mexican States and the Government of the United States of America signed on August 8, 1990; and its Appendix X, signed on July 21-22, 2016."", ""timex_text"": ""August 8, 1990"", ""timex_type"": ""DATE"", ""timex_value"": ""1990-08-08""}, {""text"": ""The article states that \""the University shall be entirely independent of all political and sectarian influence and kept free therefrom in the appointment of its Regents and in the administration of its affairs;\"" Considering that the SEP is interested in deepening and strengthening the ties of friendship and cooperation with the UC and the CDE to carryout activities that benefit students travelling between the Mexican and Californian education systems; Recognizing that THE PARTIES in signing this Memorandum of Understanding (\""MOU\"") want to establish mechanisms for collaboration, and cooperation in the area of education, and to share experiences as they relate to the \""Students We Share\""; Recognizing that this MOU is based on a spirit of mutual cooperation and benefit; TAKING INTO CONSIDERATION the terms of the addendum for school districts in the MOU related to the education exchange between the Government of the United Mexican States and the Government of the United States of America signed on August 8, 1990; and its Appendix X, signed on July 21-22, 2016."", ""timex_text"": ""July 21"", ""timex_type"": ""DATE"", ""timex_value"": ""2016-07-21""}, {""text"": ""The article states that \""the University shall be entirely independent of all political and sectarian influence and kept free therefrom in the appointment of its Regents and in the administration of its affairs;\"" Considering that the SEP is interested in deepening and strengthening the ties of friendship and cooperation with the UC and the CDE to carryout activities that benefit students travelling between the Mexican and Californian education systems; Recognizing that THE PARTIES in signing this Memorandum of Understanding (\""MOU\"") want to establish mechanisms for collaboration, and cooperation in the area of education, and to share experiences as they relate to the \""Students We Share\""; Recognizing that this MOU is based on a spirit of mutual cooperation and benefit; TAKING INTO CONSIDERATION the terms of the addendum for school districts in the MOU related to the education exchange between the Government of the United Mexican States and the Government of the United States of America signed on August 8, 1990; and its Appendix X, signed on July 21-22, 2016."", ""timex_text"": ""22, 2016"", ""timex_type"": ""DATE"", ""timex_value"": ""2016-07-22""}, {""text"": ""3 For the adequate development of the activities set forth in the present shall designate a responsible person or persons: MOU, each PARTY CDE: Tom Torlakson, State Superintendent of Public Instruction 1430 N Street Sacramento, CA 95814 U.S.A Phone: 916-319-0800 E-mail: torlakson@cde.ca.gov Website: www.cde.ca.gov UC: Kim A."", ""timex_text"": ""1430"", ""timex_type"": ""DATE"", ""timex_value"": ""1430""}]","The article states that ""the University shall be entirely independent of all political and sectarian influence and kept …",
California/1Undated,California,d:\NLP_Project_tasks_6_8_11\OCR_output\California\1Undated.txt,2007-01-01,2008-06-01,,,found,"[{""text"": ""Memorandum of Understanding between The State of California and The Province of British Columbia The California.Air Resources Board and the British Columbia Ministry of Environment: Acting on the commitment in the Memorandum ofUnderstanding between The Province ofBritish Columbia and The State ofCalifornia on Pacific Coast Collaboration to Protect Our Shared Climate and Ocean ofMay 2007 to work together to reduce greenhouse gases from the transportation sector through the adoption of greenhouse gas vehicle emissions standards in British Columbia consistent with California's laws and regulations; Pursuant to the Memorandum to Establish the Pacific Coast Collaborative of June 2008 to which both British Columbia and California are signatories, and as provided for in Article 6; Resolved to see decisive and immediate action taken to address greenhouse gas emissions from the transportation sector through the implementation ofvehicle emissions standards - the Pavley standards - that progressively reduce the intensity of GHG emissions from vehicles in our jurisdictions; Committed to maximize the impact of our joint actions in implementing vehicle emission standards by ensuring consistency in the application of the standards in California and British Columbia; Agreed that collaboration and resource sharing in the implementation of greenhouse gas vehicle emission standards should be pursued wherever possible to ensure success; Now therefore commit to move forward in partnership in the development of greenhouse gas vehicle emission standards as follows: 2 I."", ""timex_text"": ""2007"", ""timex_type"": ""DATE"", ""timex_value"": ""2007""}, {""text"": ""Memorandum of Understanding between The State of California and The Province of British Columbia The California.Air Resources Board and the British Columbia Ministry of Environment: Acting on the commitment in the Memorandum ofUnderstanding between The Province ofBritish Columbia and The State ofCalifornia on Pacific Coast Collaboration to Protect Our Shared Climate and Ocean ofMay 2007 to work together to reduce greenhouse gases from the transportation sector through the adoption of greenhouse gas vehicle emissions standards in British Columbia consistent with California's laws and regulations; Pursuant to the Memorandum to Establish the Pacific Coast Collaborative of June 2008 to which both British Columbia and California are signatories, and as provided for in Article 6; Resolved to see decisive and immediate action taken to address greenhouse gas emissions from the transportation sector through the implementation ofvehicle emissions standards - the Pavley standards - that progressively reduce the intensity of GHG emissions from vehicles in our jurisdictions; Committed to maximize the impact of our joint actions in implementing vehicle emission standards by ensuring consistency in the application of the standards in California and British Columbia; Agreed that collaboration and resource sharing in the implementation of greenhouse gas vehicle emission standards should be pursued wherever possible to ensure success; Now therefore commit to move forward in partnership in the development of greenhouse gas vehicle emission standards as follows: 2 I."", ""timex_text"": ""June 2008"", ""timex_type"": ""DATE"", ""timex_value"": ""2008-06""}, {""text"": ""Memorandum of Understanding between The State of California and The Province of British Columbia The California.Air Resources Board and the British Columbia Ministry of Environment: Acting on the commitment in the Memorandum ofUnderstanding between The Province ofBritish Columbia and The State ofCalifornia on Pacific Coast Collaboration to Protect Our Shared Climate and Ocean ofMay 2007 to work together to reduce greenhouse gases from the transportation sector through the adoption of greenhouse gas vehicle emissions standards in British Columbia consistent with California's laws and regulations; Pursuant to the Memorandum to Establish the Pacific Coast Collaborative of June 2008 to which both British Columbia and California are signatories, and as provided for in Article 6; Resolved to see decisive and immediate action taken to address greenhouse gas emissions from the transportation sector through the implementation ofvehicle emissions standards - the Pavley standards - that progressively reduce the intensity of GHG emissions from vehicles in our jurisdictions; Committed to maximize the impact of our joint actions in implementing vehicle emission standards by ensuring consistency in the application of the standards in California and British Columbia; Agreed that collaboration and resource sharing in the implementation of greenhouse gas vehicle emission standards should be pursued wherever possible to ensure success; Now therefore commit to move forward in partnership in the development of greenhouse gas vehicle emission standards as follows: 2 I."", ""timex_text"": ""Now"", ""timex_type"": ""DATE"", ""timex_value"": ""PRESENT_REF""}]",Memorandum of Understanding between The State of California and The Province of British Columbia The California.Air Reso…,
California/California_1,California,d:\NLP_Project_tasks_6_8_11\OCR_output\California\California_1.txt,2025-09-01,2025-09-01,four years,explicit,found,"[{""text"": ""Both Sides note their shared concern about the threat of climate change as outlined by the Intergovernmental Panel on Climate Change (IPCC), as well as the Scientific Consensus Statement on Maintaining Humanity's Life Support Systems in the 21st Century."", ""timex_text"": ""the 21st Century"", ""timex_type"": ""DATE"", ""timex_value"": ""20""}, {""text"": ""Item 1 Areas of Cooperation Both Sides share the intention to cooperate on the following areas, according to the principles of equality and mutual benefit: Climate change, promoting dialogue and joint projects on climate change mitigation and adaptation, such as on short-lived climate pollutants, cleaner freight transport, and the Subnational Global Climate Leadership Memorandum of Understanding (\""Under 2 MOU\""); Renewable energy, notably promoting dialogue and joint projects on clean energy technology trade and deployment between California and Japan, with a particular focus on energy efficiency and renewable energy development; Energy storage, notably cooperative support for and expansion of the use of energy (electricity) storage technologies that are particularly focused on integrating higher penetrations of variable and intermittent renewable energy resources; Trade and investment, including the encouragement of economic and business development related to the clean technology sector through the fostering of joint industrial research and development (R&D), enhancement of business relationships, and the facilitation of collaboration between Californian and Japanese entrepreneurs through (but not limited to) California's innovation hub (iHub) network, trade delegations, and public-private partnerships; Vehicles, particularly zero emission vehicles (ZEVS), notably including cooperation on best practices, regulatory requirements, research, incentives and other measures to accelerate the ongoing rollout of ZEVS; cooperation on demonstration project(s) on the effectiveness of DC fast charging and enhanced EV use through EV charging infrastructure deployment in California; Joint engagement with cities, sister agencies, nongovernmental organizations, academia and the private sector, through existing public-private collaboratives and partnerships, to effectively and efficiently achieve California's goal of bringing on the necessary infrastructure to support 1 million ZEVS in California by 2020 and 1.5 million ZEVS by 2025; High-speed rail (HSR) and other passenger rail services, through an exchange of information and best practices on: safety including seismic safety measures, planning, operations and maintenance, environmental friendliness, technology including tunneling, station area development, as well as on social, financial, and economic effects ofhigh-speed rail and other passenger rail services; Water conservation and management, by encouraging business development and commercialization of technologies related to securing water resources, recycling, and strengthening environmental conservation; and Any other activities mutually decided by Both Sides."", ""timex_text"": ""2020"", ""timex_type"": ""DATE"", ""timex_value"": ""2020""}, {""text"": ""Item 1 Areas of Cooperation Both Sides share the intention to cooperate on the following areas, according to the principles of equality and mutual benefit: Climate change, promoting dialogue and joint projects on climate change mitigation and adaptation, such as on short-lived climate pollutants, cleaner freight transport, and the Subnational Global Climate Leadership Memorandum of Understanding (\""Under 2 MOU\""); Renewable energy, notably promoting dialogue and joint projects on clean energy technology trade and deployment between California and Japan, with a particular focus on energy efficiency and renewable energy development; Energy storage, notably cooperative support for and expansion of the use of energy (electricity) storage technologies that are particularly focused on integrating higher penetrations of variable and intermittent renewable energy resources; Trade and investment, including the encouragement of economic and business development related to the clean technology sector through the fostering of joint industrial research and development (R&D), enhancement of business relationships, and the facilitation of collaboration between Californian and Japanese entrepreneurs through (but not limited to) California's innovation hub (iHub) network, trade delegations, and public-private partnerships; Vehicles, particularly zero emission vehicles (ZEVS), notably including cooperation on best practices, regulatory requirements, research, incentives and other measures to accelerate the ongoing rollout of ZEVS; cooperation on demonstration project(s) on the effectiveness of DC fast charging and enhanced EV use through EV charging infrastructure deployment in California; Joint engagement with cities, sister agencies, nongovernmental organizations, academia and the private sector, through existing public-private collaboratives and partnerships, to effectively and efficiently achieve California's goal of bringing on the necessary infrastructure to support 1 million ZEVS in California by 2020 and 1.5 million ZEVS by 2025; High-speed rail (HSR) and other passenger rail services, through an exchange of information and best practices on: safety including seismic safety measures, planning, operations and maintenance, environmental friendliness, technology including tunneling, station area development, as well as on social, financial, and economic effects ofhigh-speed rail and other passenger rail services; Water conservation and management, by encouraging business development and commercialization of technologies related to securing water resources, recycling, and strengthening environmental conservation; and Any other activities mutually decided by Both Sides."", ""timex_text"": ""2025"", ""timex_type"": ""DATE"", ""timex_value"": ""2025""}, {""text"": ""The cooperation under this MOC will continue for four years from the 5th day of September after Both Sides have signed this MOC and may be modified and/or its effective term extended as decided by Both Sides in writing, Either Side may terminate the cooperation under this MOC after 45 days written notice to the other Side."", ""timex_text"": ""four years"", ""timex_type"": ""DURATION"", ""timex_value"": ""P4Y""}, {""text"": ""The cooperation under this MOC will continue for four years from the 5th day of September after Both Sides have signed this MOC and may be modified and/or its effective term extended as decided by Both Sides in writing, Either Side may terminate the cooperation under this MOC after 45 days written notice to the other Side."", ""timex_text"": ""September"", ""timex_type"": ""DATE"", ""timex_value"": ""2025-09""}]",Both Sides note their shared concern about the threat of climate change as outlined by the Intergovernmental Panel on Cl…,
California/California_10,California,d:\NLP_Project_tasks_6_8_11\OCR_output\California\California_10.txt,2001-01-01,2022-04-15,10 days,,found,"[{""text"": ""Within 10 days ofthe Effective Date, counsel for each ofthe Parties shall return an original signed version of this Agreement to the other Parties' counsel."", ""timex_text"": ""10 days"", ""timex_type"": ""DURATION"", ""timex_value"": ""P10D""}, {""text"": ""DATED : 10/09/2018 GOUVERNEMENT DU QUÉBEC Par: : Baaucherg NAME : Patrick Beauchesne TITLE : Deputy Minister of Sustainable Development, Environment and Fight against Climate Change Pursuant to delegated authority."", ""timex_text"": ""10/09/2018"", ""timex_type"": ""DATE"", ""timex_value"": ""2018-10-09""}, {""text"": ""contract 2016-02; contractor : Deutsche Bank National Trust Company."", ""timex_text"": ""2016"", ""timex_type"": ""DATE"", ""timex_value"": ""2016""}, {""text"": ""CAP AND TRADE INFORMATION SHARING AND CONFIDENTIALITY AGREEMENT FOR THE PURPOSES OF PARTICIPATING IN THE WESTERN CLIMATE INITIATIVE, INC 1 MB-00010 PRR-2023-0680 The Gouvernement du Québec, as represented by the Minister of Sustainable Development, Environment and the Fight against Climate Change, AND The California Air Resources Board, as represented by its Executive Officer, AND Her Majesty the Queen in Right of the Province ofl Nova Scotia, as represented by its Minister of the Environment Each a \""Party\"" and collectively the \""Parties\""."", ""timex_text"": ""02"", ""timex_type"": ""DATE"", ""timex_value"": ""2002""}, {""text"": ""contract 2016-02; contractor : Deutsche Bank National Trust Company."", ""timex_text"": ""2016"", ""timex_type"": ""DATE"", ""timex_value"": ""2016""}]","Within 10 days ofthe Effective Date, counsel for each ofthe Parties shall return an original signed version of this Agre…",
California/California_11,California,d:\NLP_Project_tasks_6_8_11\OCR_output\California\California_11.txt,2017-06-05,2017-11-01,,,found,"[{""text"": ""China And The Energy Resources Conservation and Development Commission of the State of California of the United States of America In furtherance of the California-Jiangsu Clean Technology Partnership (the \""Partnership\"") established in Nanjing on June 5, 2017, between Jiangsu Province of the People's Republic of China and the Government of California of the United States of America, the Jiangsu Science & Technology Department (JSTD) and the Energy Resources Conservation and Development Commission (the \""Energy Commission\"") of the State of California (hereinafter the \""Participants\"") hereby agree to focus resources on developing the low-carbon and clean technology innovation categories identified in this Coordinated Joint Investment Plan (the \""Investment Plan\"")."", ""timex_text"": ""June 5, 2017"", ""timex_type"": ""DATE"", ""timex_value"": ""2017-06-05""}, {""text"": ""This Investment Plan shall be reviewed and updated every three years."", ""timex_text"": ""every three years"", ""timex_type"": ""SET"", ""timex_value"": ""P3Y""}, {""text"": ""This Investment Plan does not require any exchange of funds nor does it establish any financial obligations on the Participants now or in the future."", ""timex_text"": ""now"", ""timex_type"": ""DATE"", ""timex_value"": ""PRESENT_REF""}]",China And The Energy Resources Conservation and Development Commission of the State of California of the United States o…,
California/California_12,California,d:\NLP_Project_tasks_6_8_11\OCR_output\California\California_12.txt,2017-08-02,2050-01-01,3 months,,found,"[{""text"": ""Norway and California share the long-term goal of becoming low emission societies, both aiming to reduce greenhouse gas emissions by 80% or more as compared to their 1990 levels by 2050."", ""timex_text"": ""2050"", ""timex_type"": ""DATE"", ""timex_value"": ""2050""}, {""text"": ""Norway's goal is that all new passenger cars and light vans sold in 2025 shall be zero emission vehicles."", ""timex_text"": ""2025"", ""timex_type"": ""DATE"", ""timex_value"": ""2025""}, {""text"": ""Norway's goal is that all new passenger cars and light vans sold in 2025 shall be zero emission vehicles."", ""timex_text"": ""2025"", ""timex_type"": ""DATE"", ""timex_value"": ""2025""}, {""text"": ""Norway and California share the long-term goal of becoming low emission societies, both aiming to reduce greenhouse gas emissions by 80% or more as compared to their 1990 levels by 2050."", ""timex_text"": ""2050"", ""timex_type"": ""DATE"", ""timex_value"": ""2050""}, {""text"": ""Norway and California share the long-term goal of becoming low emission societies, both aiming to reduce greenhouse gas emissions by 80% or more as compared to their 1990 levels by 2050."", ""timex_text"": ""2050"", ""timex_type"": ""DATE"", ""timex_value"": ""2050""}]","Norway and California share the long-term goal of becoming low emission societies, both aiming to reduce greenhouse gas …",
California/California_13,California,d:\NLP_Project_tasks_6_8_11\OCR_output\California\California_13.txt,2017-08-02,2050-01-01,two years,,found,"[{""text"": ""Declaration of Intent Ministry of Climate and Environment Norway and California Environmental Protection Agency California and Norway are equally committed to significant climate change action and share the long- term goal of becoming low emission societies by 2050."", ""timex_text"": ""2050"", ""timex_type"": ""DATE"", ""timex_value"": ""2050""}, {""text"": ""Norway has a target to reduce emission by at least 50 percent up towards 55 percent by 2030."", ""timex_text"": ""2030"", ""timex_type"": ""DATE"", ""timex_value"": ""2030""}, {""text"": ""California has a target to achieve carbon neutrality by 2045."", ""timex_text"": ""2045"", ""timex_type"": ""DATE"", ""timex_value"": ""2045""}, {""text"": ""A strong partnership currently exists between Norway and California."", ""timex_text"": ""currently"", ""timex_type"": ""DATE"", ""timex_value"": ""PRESENT_REF""}, {""text"": ""This Declaration of Intent builds upon a prior declaration of intent in effect from August 2, 2017 to August 2, 2019."", ""timex_text"": ""August 2, 2017"", ""timex_type"": ""DATE"", ""timex_value"": ""2017-08-02""}]",Declaration of Intent Ministry of Climate and Environment Norway and California Environmental Protection Agency Californ…,
California/California_14,California,d:\NLP_Project_tasks_6_8_11\OCR_output\California\California_14.txt,2019-09-24,,,,found,"[{""text"": ""FRAMEWORK AGREEMENT BETWEEN THE GOVERNMENT OF THE STATE OF CALIFORNIA AND THE GOVERNMENT OF THE REPUBLIC OF ARMENIA THE GOVERNMENT OF THE STATE OF CALIFORNIA AND THE GOVERNMENT OF THE REPUBLIC OF ARMENIA (hereinafter \""the Parties\"") RECOGNIZE THAT: WHEREAS, the Republic of Armenia and the State of California share close ties and California is home to the largest Armenian Community in the United States; and WHEREAS, the Parties seek to expand the current level of cooperation between Armenia and California in, but not limited to, the fields of trade and commerce, alternative energy, environmental technology, information technologies, health, food and agriculture, tourism, higher education and science and other technology-based industry sectors, business innovation, research and development; and WHEREAS, the State of California's University of California was instrumental in the founding of the American University of Armenia and has had an ongoing, longstanding, deep and beneficial relationship with the American University of Armenia since its earliest days; and WHEREAS, the State of California is home to the largest public university system in the United States and the largest in-state innovation network in the United States, which offer educational templates and technology-commercialization opportunities for the Republic of Armenia."", ""timex_text"": ""current"", ""timex_type"": ""DATE"", ""timex_value"": ""PRESENT_REF""}, {""text"": ""Signed in New York on September 24th, 2019, in two original copies, each in the Armenian and English languages."", ""timex_text"": ""September 24th, 2019"", ""timex_type"": ""DATE"", ""timex_value"": ""2019-09-24""}]",FRAMEWORK AGREEMENT BETWEEN THE GOVERNMENT OF THE STATE OF CALIFORNIA AND THE GOVERNMENT OF THE REPUBLIC OF ARMENIA THE …,
California/California_15,California,d:\NLP_Project_tasks_6_8_11\OCR_output\California\California_15.txt,1000-01-01,2050-01-01,a year,,found,"[{""text"": ""Global Soil Health Challenge o 2018 SOULHFALTA GLOBAL CHALLENGE The Global Climate Action Summit in September will bring leaders and people together from around the world to \""Take Ambition to the Next Level.\"" It will be a moment to celebrate the extraordinary achievements of states, regions, cities, companies, investors and citizens with respect to climate action."", ""timex_text"": ""2018"", ""timex_type"": ""DATE"", ""timex_value"": ""2018""}, {""text"": ""Global Soil Health Challenge o 2018 SOULHFALTA GLOBAL CHALLENGE The Global Climate Action Summit in September will bring leaders and people together from around the world to \""Take Ambition to the Next Level.\"" It will be a moment to celebrate the extraordinary achievements of states, regions, cities, companies, investors and citizens with respect to climate action."", ""timex_text"": ""September"", ""timex_type"": ""DATE"", ""timex_value"": ""2018-09""}, {""text"": ""France called attention to this opportunity at the Paris climate conference in 2015 with its \""4 per 1000\"" initiative, and California led the way in the U.S."", ""timex_text"": ""2015"", ""timex_type"": ""DATE"", ""timex_value"": ""2015""}, {""text"": ""France called attention to this opportunity at the Paris climate conference in 2015 with its \""4 per 1000\"" initiative, and California led the way in the U.S."", ""timex_text"": ""1000"", ""timex_type"": ""DATE"", ""timex_value"": ""1000""}, {""text"": ""The Soil Health Challenge, to be announced at the San Francisco summit by the Secretary off the California Department of Food and Agriculture, Karen Ross, and diverse representatives from other state and national jurisdictions, will call on national and sub-national governments to promote the development ofl healthy soils within their own geographies and report back on their progress a year from now at the 2019 UN Climate Summit in New York."", ""timex_text"": ""a year"", ""timex_type"": ""DURATION"", ""timex_value"": ""P1Y""}]",Global Soil Health Challenge o 2018 SOULHFALTA GLOBAL CHALLENGE The Global Climate Action Summit in September will bring…,
California/California_16,California,d:\NLP_Project_tasks_6_8_11\OCR_output\California\California_16.txt,2007-01-01,2014-08-14,at least 30 days,,found,"[{""text"": ""P AS INTERNATIONAL ASSOCIATION OF INSURANCE SUPERVISORS IAIS MULTILATERAL MEMORANDUM OF UNDERSTANDING ON COOPERATION AND INFORMATION EXCHANGE (AIS MMOU) FEBRUARY 2007 REVISED JULY 2014 1 Roughly 8% of the collected commitments were plurilateral or multilateral, rather than bilateral."", ""timex_text"": ""2007"", ""timex_type"": ""DATE"", ""timex_value"": ""2007""}, {""text"": ""P AS INTERNATIONAL ASSOCIATION OF INSURANCE SUPERVISORS IAIS MULTILATERAL MEMORANDUM OF UNDERSTANDING ON COOPERATION AND INFORMATION EXCHANGE (AIS MMOU) FEBRUARY 2007 REVISED JULY 2014 1 Roughly 8% of the collected commitments were plurilateral or multilateral, rather than bilateral."", ""timex_text"": ""2014"", ""timex_type"": ""DATE"", ""timex_value"": ""2014""}, {""text"": ""P AS INTERNATIONAL ASSOCIATION OF INSURANCE SUPERVISORS IAIS MULTILATERAL MEMORANDUM OF UNDERSTANDING ON COOPERATION AND INFORMATION EXCHANGE (AIS MMOU) FEBRUARY 2007 REVISED JULY 2014 1 Roughly 8% of the collected commitments were plurilateral or multilateral, rather than bilateral."", ""timex_text"": ""2007"", ""timex_type"": ""DATE"", ""timex_value"": ""2007""}, {""text"": ""18 IAIS Multilateral Memorandum of Understanding on Cooperation and Information Exchange (IAIS MMOU) 15 February 2007, Revised 10 July 2014 Page 3 of 20 Art."", ""timex_text"": ""15 February 2007"", ""timex_type"": ""DATE"", ""timex_value"": ""2007-02-15""}, {""text"": ""18 IAIS Multilateral Memorandum of Understanding on Cooperation and Information Exchange (IAIS MMOU) 15 February 2007, Revised 10 July 2014 Page 3 of 20 Art."", ""timex_text"": ""10 July 2014"", ""timex_type"": ""DATE"", ""timex_value"": ""2014-07-10""}]",P AS INTERNATIONAL ASSOCIATION OF INSURANCE SUPERVISORS IAIS MULTILATERAL MEMORANDUM OF UNDERSTANDING ON COOPERATION AND…,
California/California_2,California,d:\NLP_Project_tasks_6_8_11\OCR_output\California\California_2.txt,2016-01-01,,,,found,"[{""text"": ""Signed in Santiago, Chile, on the 10th of November, two thousand sixteen, in 3 originals in Spanish and English languages, both texts being equally authentic originals."", ""timex_text"": ""the 10th of November"", ""timex_type"": ""DATE"", ""timex_value"": ""XXXX-11-10""}, {""text"": ""Signed in Santiago, Chile, on the 10th of November, two thousand sixteen, in 3 originals in Spanish and English languages, both texts being equally authentic originals."", ""timex_text"": ""two thousand sixteen"", ""timex_type"": ""DATE"", ""timex_value"": ""2016""}]","Signed in Santiago, Chile, on the 10th of November, two thousand sixteen, in 3 originals in Spanish and English language…",
California/California_3,California,d:\NLP_Project_tasks_6_8_11\OCR_output\California\California_3.txt,2010-01-01,2011-11-01,,,found,"[{""text"": ""The states will develop a Sub-national REDD Working Group that will convene monthly between December 2010 through October 2011 to begin the process for developing a state to state sectoral REDD linkage recommendation that will provide the foundation for an eventual submittal to the California Air Resources Board, as defined in California's cap and trade program (CCR, Title 17, Sections 95991-95997) and to other necessary state entities to approve such a recommendation amongst the Parties."", ""timex_text"": ""monthly"", ""timex_type"": ""SET"", ""timex_value"": ""XXXX-XX""}, {""text"": ""The states will develop a Sub-national REDD Working Group that will convene monthly between December 2010 through October 2011 to begin the process for developing a state to state sectoral REDD linkage recommendation that will provide the foundation for an eventual submittal to the California Air Resources Board, as defined in California's cap and trade program (CCR, Title 17, Sections 95991-95997) and to other necessary state entities to approve such a recommendation amongst the Parties."", ""timex_text"": ""December 2010"", ""timex_type"": ""DATE"", ""timex_value"": ""2010-12""}, {""text"": ""The states will develop a Sub-national REDD Working Group that will convene monthly between December 2010 through October 2011 to begin the process for developing a state to state sectoral REDD linkage recommendation that will provide the foundation for an eventual submittal to the California Air Resources Board, as defined in California's cap and trade program (CCR, Title 17, Sections 95991-95997) and to other necessary state entities to approve such a recommendation amongst the Parties."", ""timex_text"": ""October 2011"", ""timex_type"": ""DATE"", ""timex_value"": ""2011-10""}, {""text"": ""Executed at the University of California, Davis, during the Governors' Global Climate Summit 3, United States of America, on November sixteen of two thousand and ten, in three originals in the English language."", ""timex_text"": ""November"", ""timex_type"": ""DATE"", ""timex_value"": ""2011-11""}, {""text"": ""Executed at the University of California, Davis, during the Governors' Global Climate Summit 3, United States of America, on November sixteen of two thousand and ten, in three originals in the English language."", ""timex_text"": ""two thousand and ten"", ""timex_type"": ""DATE"", ""timex_value"": ""2010""}]",The states will develop a Sub-national REDD Working Group that will convene monthly between December 2010 through Octobe…,
California/California_4,California,d:\NLP_Project_tasks_6_8_11\OCR_output\California\California_4.txt,1989-01-01,2001-06-01,over a decade,,found,"[{""text"": ""OIL SPILL MEMORANDUM OF COOPERATION Between the Pacific States of Alaska, California, Hawail, Oregon, and Washington and the Province of British Columbia June 2001 PRR-2020-0119 MK-00002 OIL SPILL MEMORANDUM OF COOPERATION Whereas the Province of British Columbia (the \""Province\"") and the Pacific States of Alaska, California, Hawaii, Oregon, and Washington (the \""States\"") share and protect common Pacific Ocean fish and wildlife resources and their supporting environments, as well as common cultural and economic values; and Whereas the Province and the States each have a mandate to enhance and protect their environmental, cultural, and economic resources from oil spills; and Whereas the Province and States also share the benefits, risks and impacts from oil transportation and carriage; and Whereas the impacts of oil spills and pollution may cross jurisdictional boundaries; and Whereas it is paramount to both maintain and improve a coordinated response to prevent, prepare for, and respond effectively to oil spills in our shared waters; and Whereas the Province and the States have coordinated effectively for over a decade under an initial Memorandum of Cooperation signed in 1989, producing Agreements and Recommendations that have significantly improved the protection of our shared resources and established an internationally respected model of cooperation; and Whereas the future requires continued cooperation in preventing or abating oil spills in our respective jurisdictions, including the provision of opportunities for the participation of appropriate federal agencies and all affected stakeholders of both Canada and the United States; Now therefore, in recognition of the spirit of co-operation which has characterized their efforts thus far, the Province of British Columbia, through its Premier, the Honorable Gordon Campbell, the State of Alaska through its Governor, the Honorable Tony Knowles, the State of California through its Governor, the Honorable Gray Davis, the State of Hawaii through its Governor, the Honorable Benjamin Cayetano, the State of Oregon through its Governor, the Honorable John Kitzhaber, and the State of Washington through its Governor, the Honorable Gary Locke, join together in this Memorandum of Cooperation pertaining to the resolution of mutual problems of oil spill pollution in the aforementioned MK-00003 PRR-2020-0119 jurisdictions."", ""timex_text"": ""June 2001"", ""timex_type"": ""DATE"", ""timex_value"": ""2001-06""}, {""text"": ""OIL SPILL MEMORANDUM OF COOPERATION Between the Pacific States of Alaska, California, Hawail, Oregon, and Washington and the Province of British Columbia June 2001 PRR-2020-0119 MK-00002 OIL SPILL MEMORANDUM OF COOPERATION Whereas the Province of British Columbia (the \""Province\"") and the Pacific States of Alaska, California, Hawaii, Oregon, and Washington (the \""States\"") share and protect common Pacific Ocean fish and wildlife resources and their supporting environments, as well as common cultural and economic values; and Whereas the Province and the States each have a mandate to enhance and protect their environmental, cultural, and economic resources from oil spills; and Whereas the Province and States also share the benefits, risks and impacts from oil transportation and carriage; and Whereas the impacts of oil spills and pollution may cross jurisdictional boundaries; and Whereas it is paramount to both maintain and improve a coordinated response to prevent, prepare for, and respond effectively to oil spills in our shared waters; and Whereas the Province and the States have coordinated effectively for over a decade under an initial Memorandum of Cooperation signed in 1989, producing Agreements and Recommendations that have significantly improved the protection of our shared resources and established an internationally respected model of cooperation; and Whereas the future requires continued cooperation in preventing or abating oil spills in our respective jurisdictions, including the provision of opportunities for the participation of appropriate federal agencies and all affected stakeholders of both Canada and the United States; Now therefore, in recognition of the spirit of co-operation which has characterized their efforts thus far, the Province of British Columbia, through its Premier, the Honorable Gordon Campbell, the State of Alaska through its Governor, the Honorable Tony Knowles, the State of California through its Governor, the Honorable Gray Davis, the State of Hawaii through its Governor, the Honorable Benjamin Cayetano, the State of Oregon through its Governor, the Honorable John Kitzhaber, and the State of Washington through its Governor, the Honorable Gary Locke, join together in this Memorandum of Cooperation pertaining to the resolution of mutual problems of oil spill pollution in the aforementioned MK-00003 PRR-2020-0119 jurisdictions."", ""timex_text"": ""over a decade"", ""timex_type"": ""DURATION"", ""timex_value"": ""P1DE""}, {""text"": ""OIL SPILL MEMORANDUM OF COOPERATION Between the Pacific States of Alaska, California, Hawail, Oregon, and Washington and the Province of British Columbia June 2001 PRR-2020-0119 MK-00002 OIL SPILL MEMORANDUM OF COOPERATION Whereas the Province of British Columbia (the \""Province\"") and the Pacific States of Alaska, California, Hawaii, Oregon, and Washington (the \""States\"") share and protect common Pacific Ocean fish and wildlife resources and their supporting environments, as well as common cultural and economic values; and Whereas the Province and the States each have a mandate to enhance and protect their environmental, cultural, and economic resources from oil spills; and Whereas the Province and States also share the benefits, risks and impacts from oil transportation and carriage; and Whereas the impacts of oil spills and pollution may cross jurisdictional boundaries; and Whereas it is paramount to both maintain and improve a coordinated response to prevent, prepare for, and respond effectively to oil spills in our shared waters; and Whereas the Province and the States have coordinated effectively for over a decade under an initial Memorandum of Cooperation signed in 1989, producing Agreements and Recommendations that have significantly improved the protection of our shared resources and established an internationally respected model of cooperation; and Whereas the future requires continued cooperation in preventing or abating oil spills in our respective jurisdictions, including the provision of opportunities for the participation of appropriate federal agencies and all affected stakeholders of both Canada and the United States; Now therefore, in recognition of the spirit of co-operation which has characterized their efforts thus far, the Province of British Columbia, through its Premier, the Honorable Gordon Campbell, the State of Alaska through its Governor, the Honorable Tony Knowles, the State of California through its Governor, the Honorable Gray Davis, the State of Hawaii through its Governor, the Honorable Benjamin Cayetano, the State of Oregon through its Governor, the Honorable John Kitzhaber, and the State of Washington through its Governor, the Honorable Gary Locke, join together in this Memorandum of Cooperation pertaining to the resolution of mutual problems of oil spill pollution in the aforementioned MK-00003 PRR-2020-0119 jurisdictions."", ""timex_text"": ""1989"", ""timex_type"": ""DATE"", ""timex_value"": ""1989""}, {""text"": ""OIL SPILL MEMORANDUM OF COOPERATION Between the Pacific States of Alaska, California, Hawail, Oregon, and Washington and the Province of British Columbia June 2001 PRR-2020-0119 MK-00002 OIL SPILL MEMORANDUM OF COOPERATION Whereas the Province of British Columbia (the \""Province\"") and the Pacific States of Alaska, California, Hawaii, Oregon, and Washington (the \""States\"") share and protect common Pacific Ocean fish and wildlife resources and their supporting environments, as well as common cultural and economic values; and Whereas the Province and the States each have a mandate to enhance and protect their environmental, cultural, and economic resources from oil spills; and Whereas the Province and States also share the benefits, risks and impacts from oil transportation and carriage; and Whereas the impacts of oil spills and pollution may cross jurisdictional boundaries; and Whereas it is paramount to both maintain and improve a coordinated response to prevent, prepare for, and respond effectively to oil spills in our shared waters; and Whereas the Province and the States have coordinated effectively for over a decade under an initial Memorandum of Cooperation signed in 1989, producing Agreements and Recommendations that have significantly improved the protection of our shared resources and established an internationally respected model of cooperation; and Whereas the future requires continued cooperation in preventing or abating oil spills in our respective jurisdictions, including the provision of opportunities for the participation of appropriate federal agencies and all affected stakeholders of both Canada and the United States; Now therefore, in recognition of the spirit of co-operation which has characterized their efforts thus far, the Province of British Columbia, through its Premier, the Honorable Gordon Campbell, the State of Alaska through its Governor, the Honorable Tony Knowles, the State of California through its Governor, the Honorable Gray Davis, the State of Hawaii through its Governor, the Honorable Benjamin Cayetano, the State of Oregon through its Governor, the Honorable John Kitzhaber, and the State of Washington through its Governor, the Honorable Gary Locke, join together in this Memorandum of Cooperation pertaining to the resolution of mutual problems of oil spill pollution in the aforementioned MK-00003 PRR-2020-0119 jurisdictions."", ""timex_text"": ""Now"", ""timex_type"": ""DATE"", ""timex_value"": ""PRESENT_REF""}, {""text"": ""The Coordinating Committee will meet quarterly and the Task Force members will meet annually to review progress and plan future cooperation as outlined in Strategic Plans adopted by the Task Force Members."", ""timex_text"": ""annually"", ""timex_type"": ""SET"", ""timex_value"": ""XXXX""}]","OIL SPILL MEMORANDUM OF COOPERATION Between the Pacific States of Alaska, California, Hawail, Oregon, and Washington and…",
California/California_5,California,d:\NLP_Project_tasks_6_8_11\OCR_output\California\California_5.txt,2011-10-01,2013-01-01,12 months,explicit,found,"[{""text"": ""SEAL OF - The Ontario + + Québec + CAL ORNIA AGREEMENT ON THE HARMONIZATION AND INTEGRATION OF CAP-AND-TRADE PROGRAMS FOR REDUCING GREENHOUSE GAS EMISSIONS 1 1 In 2019, the Trump administration filed a lawsuit arguing that this Agreement is unconstitutional on the grounds that it violates the Treaty Clause and Compact Clause of Article I, Section 10 of the U.S."", ""timex_text"": ""2019"", ""timex_type"": ""DATE"", ""timex_value"": ""2019""}, {""text"": ""In 2020, the federal district court granted summary judgment against the administration on all claims."", ""timex_text"": ""2020"", ""timex_type"": ""DATE"", ""timex_value"": ""2020""}, {""text"": ""3d 1181 (E.D."", ""timex_text"": ""1181"", ""timex_type"": ""DATE"", ""timex_value"": ""1181""}, {""text"": ""In 2020, the federal district court granted summary judgment against the administration on all claims."", ""timex_text"": ""2020"", ""timex_type"": ""DATE"", ""timex_value"": ""2020""}, {""text"": ""In 2020, the federal district court granted summary judgment against the administration on all claims."", ""timex_text"": ""2020"", ""timex_type"": ""DATE"", ""timex_value"": ""2020""}]",SEAL OF - The Ontario + + Québec + CAL ORNIA AGREEMENT ON THE HARMONIZATION AND INTEGRATION OF CAP-AND-TRADE PROGRAMS FO…,
California/California_6,California,d:\NLP_Project_tasks_6_8_11\OCR_output\California\California_6.txt,2014-01-01,2014-06-01,six months,,found,"[{""text"": ""AGREEMENT BETWEEN THE COVERNMENT OF THE STATE OF CALIFORNIA, UNITED STATES OF AMERICA, AND THE GOVERNMENT OF THE STATE OF ISRAEL ON BILATERAL COOPERATION IN INDUSTRIAL RESEARCH AND DEVELOPMENT The Government ofThe State ofIsrael (hereinafter referred to as \""Israel\""), and The Covernment ofThe State of California, United State of America (hereinafter referred to as \""California\""), hereinafter referred to as the \""Parties\""; DESIRING to develop and strengthen industrial research and development (hereinafter referred to as \""R&D\"") collaboration between the Parties in various technological fields; DESIRING to enhance their industrial competitiveness through cooperation in Industrial R&D and to develop and strengthen economic and commercial cooperation between them; RESOLVING to undertake a sustained effort to promote, facilitate and support joint Industrial R&D projects, between businesses, corporations or entities (hereinafter referred to as the \""Entity\"" or \""Entities\"") from the State of California and from the State of Israel; RECALLING the Memorandum of Understanding Between The Government ofThe State of California, United States of America and The Government ofThe State of Israel on The Establishment of A Strategic Partnership For Joint Innovation, Exchanges and Cooperation Signed On 5ih of March, 2014 (hereinafter referred to as the \""MOU\""); HAVE AGREED on the following: ARTICLE I- Objectives and Seope 1."", ""timex_text"": ""March"", ""timex_type"": ""DATE"", ""timex_value"": ""XXXX-03""}, {""text"": ""AGREEMENT BETWEEN THE COVERNMENT OF THE STATE OF CALIFORNIA, UNITED STATES OF AMERICA, AND THE GOVERNMENT OF THE STATE OF ISRAEL ON BILATERAL COOPERATION IN INDUSTRIAL RESEARCH AND DEVELOPMENT The Government ofThe State ofIsrael (hereinafter referred to as \""Israel\""), and The Covernment ofThe State of California, United State of America (hereinafter referred to as \""California\""), hereinafter referred to as the \""Parties\""; DESIRING to develop and strengthen industrial research and development (hereinafter referred to as \""R&D\"") collaboration between the Parties in various technological fields; DESIRING to enhance their industrial competitiveness through cooperation in Industrial R&D and to develop and strengthen economic and commercial cooperation between them; RESOLVING to undertake a sustained effort to promote, facilitate and support joint Industrial R&D projects, between businesses, corporations or entities (hereinafter referred to as the \""Entity\"" or \""Entities\"") from the State of California and from the State of Israel; RECALLING the Memorandum of Understanding Between The Government ofThe State of California, United States of America and The Government ofThe State of Israel on The Establishment of A Strategic Partnership For Joint Innovation, Exchanges and Cooperation Signed On 5ih of March, 2014 (hereinafter referred to as the \""MOU\""); HAVE AGREED on the following: ARTICLE I- Objectives and Seope 1."", ""timex_text"": ""2014"", ""timex_type"": ""DATE"", ""timex_value"": ""2014""}, {""text"": ""The Agreement shall cease to be in force six months after the date of such notification."", ""timex_text"": ""six months"", ""timex_type"": ""DURATION"", ""timex_value"": ""P6M""}, {""text"": ""This Agreement was signed in San Diego, California, United States on the 24th day of June 2014, corresponding to the 26th day of Sivan of 5774, in the Hebrew calendar."", ""timex_text"": ""June 2014"", ""timex_type"": ""DATE"", ""timex_value"": ""2014-06""}]","AGREEMENT BETWEEN THE COVERNMENT OF THE STATE OF CALIFORNIA, UNITED STATES OF AMERICA, AND THE GOVERNMENT OF THE STATE O…",
California/California_7,California,d:\NLP_Project_tasks_6_8_11\OCR_output\California\California_7.txt,2015-09-20,2017-06-04,five years,,found,"[{""text"": ""AGREEMENT BETWEEN THE STATE OF CALIFORNIA OF THE UNITED STATES OF AMERICA AND SICHUAN PROVINCE OF THE PEOPLE'S REPUBLIC OF CHINA ON THE ESTABLISHMENT OF FRIENDSHIP PROVINCE/STATE RELATIONSHIP The Government ofthe State ofCalifornia of the United States of America, and the Sichuan Provincial People's Government of the People's Republic of China (hereinafter referred to as the \""Both Parties\""), following the signing of the Memorandum of Understanding on Establishing a Friendly Cooperation Relationship Between the Sichuan Province of the People: s Republic of China and the State of California of the United States of America, on September 20th 2015 in Seattle, Washington State, promoted practical cooperation in the fields of trade, investment, science, education, smart cities, culture and tourism, as well as the establishment of the California Centre Chengdu which provides an important platform of economic and cultural exchange and cooperation, through the joint efforts of governments and business."", ""timex_text"": ""September 20th 2015"", ""timex_type"": ""DATE"", ""timex_value"": ""2015-09-20""}, {""text"": ""It will be valid for five years, Upon expiration, it may remain in force if neither side terminates it."", ""timex_text"": ""five years"", ""timex_type"": ""DURATION"", ""timex_value"": ""P5Y""}, {""text"": ""This Agreement, signed June 4th, 2017 in Chengdu, Sichuan, is done in duplicate in the Chinese and English languages, both texts being equally authentic."", ""timex_text"": ""June 4th, 2017"", ""timex_type"": ""DATE"", ""timex_value"": ""2017-06-04""}]",AGREEMENT BETWEEN THE STATE OF CALIFORNIA OF THE UNITED STATES OF AMERICA AND SICHUAN PROVINCE OF THE PEOPLE'S REPUBLIC …,
California/California_8,California,d:\NLP_Project_tasks_6_8_11\OCR_output\California\California_8.txt,2002-11-25,2019-09-01,,,found,"[{""text"": ""HAVING IN MIND the dispositions of the addendum for school districts of the Memorandum of Understanding (MOU) relating to educational exchange between the Govemment of Mexico and the Government of the United States of America, as of November 25, 2002; The parties have agreed to the following: ARTICLE I Objective The current Agreement has as its objective to continue the mutual cooperation between both Parties in order to expand the framework of knowledge of both educational systems and to support the Mexican student population and school community by means of the Visiting Teachers Program."", ""timex_text"": ""November 25, 2002"", ""timex_type"": ""DATE"", ""timex_value"": ""2002-11-25""}, {""text"": ""HAVING IN MIND the dispositions of the addendum for school districts of the Memorandum of Understanding (MOU) relating to educational exchange between the Govemment of Mexico and the Government of the United States of America, as of November 25, 2002; The parties have agreed to the following: ARTICLE I Objective The current Agreement has as its objective to continue the mutual cooperation between both Parties in order to expand the framework of knowledge of both educational systems and to support the Mexican student population and school community by means of the Visiting Teachers Program."", ""timex_text"": ""current"", ""timex_type"": ""DATE"", ""timex_value"": ""PRESENT_REF""}, {""text"": ""motivate Mexican bilingual teachers to participate in California's Migrant Education summer programs that can provide them with training in teaching techniques; f."", ""timex_text"": ""summer"", ""timex_type"": ""DATE"", ""timex_value"": ""2002-SU""}, {""text"": ""provide Mexican teachers the necessary advice and DS-2019 certificate for the exchange visitor visa; h."", ""timex_text"": ""2019"", ""timex_type"": ""DATE"", ""timex_value"": ""2019""}, {""text"": ""HAVING IN MIND the dispositions of the addendum for school districts of the Memorandum of Understanding (MOU) relating to educational exchange between the Govemment of Mexico and the Government of the United States of America, as of November 25, 2002; The parties have agreed to the following: ARTICLE I Objective The current Agreement has as its objective to continue the mutual cooperation between both Parties in order to expand the framework of knowledge of both educational systems and to support the Mexican student population and school community by means of the Visiting Teachers Program."", ""timex_text"": ""current"", ""timex_type"": ""DATE"", ""timex_value"": ""PRESENT_REF""}]",HAVING IN MIND the dispositions of the addendum for school districts of the Memorandum of Understanding (MOU) relating t…,
California/California_9,California,d:\NLP_Project_tasks_6_8_11\OCR_output\California\California_9.txt,2013-04-15,2014-01-01,five years,,found,"[{""text"": ""It will be valid for five years, and remain in force unless either side proposes to terminate it."", ""timex_text"": ""five years"", ""timex_type"": ""DURATION"", ""timex_value"": ""P5Y""}, {""text"": ""Signed in San Francisco on the Twenty-First day of September, 2014, this agreement is written in English and Chinese languages, both in duplicate and deemed equally authentic."", ""timex_text"": ""September"", ""timex_type"": ""DATE"", ""timex_value"": ""2013-09""}, {""text"": ""Signed in San Francisco on the Twenty-First day of September, 2014, this agreement is written in English and Chinese languages, both in duplicate and deemed equally authentic."", ""timex_text"": ""2014"", ""timex_type"": ""DATE"", ""timex_value"": ""2014""}]","It will be valid for five years, and remain in force unless either side proposes to terminate it.",
Connecticut/Connecticut_1,Connecticut,d:\NLP_Project_tasks_6_8_11\OCR_output\Connecticut\Connecticut_1.txt,0017-08-18,2935-01-01,,,found,"[{""text"": ""participants last updated 8/18/17 For: Connecticut Insurance Department Katharine L."", ""timex_text"": ""8/18/17"", ""timex_type"": ""DATE"", ""timex_value"": ""0017-08-18""}, {""text"": ""participants last updated 8/18/17 For: Connecticut Insurance Department Katharine L."", ""timex_text"": ""8/18/17"", ""timex_type"": ""DATE"", ""timex_value"": ""0017-08-18""}, {""text"": ""participants last updated 8/18/17 For: Connecticut Insurance Department Katharine L."", ""timex_text"": ""8/18/17"", ""timex_type"": ""DATE"", ""timex_value"": ""0017-08-18""}, {""text"": ""66 of 20/08/2013 By-law (Obtaining Information From) SUSEP Instruction No."", ""timex_text"": ""2013"", ""timex_type"": ""DATE"", ""timex_value"": ""2013""}, {""text"": ""66 of 20/08/2013 By-law (Obtaining Information From) SUSEP Instruction No."", ""timex_text"": ""2013"", ""timex_type"": ""DATE"", ""timex_value"": ""2013""}]",participants last updated 8/18/17 For: Connecticut Insurance Department Katharine L.,
Connecticut/Connecticut_6,Connecticut,d:\NLP_Project_tasks_6_8_11\OCR_output\Connecticut\Connecticut_6.txt,1949-01-01,2218-08-01,one month,,found,"[{""text"": ""A COMPACT Entered into by and between all tbe Stales signatory bereto, with tbe consent of tbe Congress of tbe United Stales of America, granted by an Act entitled \""An Act Granting tbe consent and approval of Congress to an interstate forest fire protection compact,\"" approved June 25, 1949."", ""timex_text"": ""June 25, 1949"", ""timex_type"": ""DATE"", ""timex_value"": ""1949-06-25""}, {""text"": ""The Commission shall, more that one month to any meeting of thel legislature iani signatory to the and to the prior the state terelars recommendations to eanecaisenatos to be that state Iareree the interests and of thieading The consult with and Marbrete the appropriate ndperersot nevaren the states STEETE hereto with to problems connected with the prevention and control of forest agercian and recommend prate of moserde as it deems advisable."", ""timex_text"": ""one month"", ""timex_type"": ""DURATION"", ""timex_value"": ""P1M""}, {""text"": ""ARTICLE VII The Commission shall annually elect from its members a chairman and a vice-chairman."", ""timex_text"": ""annually"", ""timex_type"": ""SET"", ""timex_value"": ""XXXX""}, {""text"": ""The Commission shall keep accurate books of account, showing in full its receipts and disbursements, and said bools of account shall be reasonable time to the inspection of such representatives of the respective sig- states be for that matergato orl beforer mther first of December of acerpeare the Commission shall submit to the respective governors of A the signatory states afulla and complete report of its rernithe fort the; precedingyear."", ""timex_text"": ""first of December"", ""timex_type"": ""DATE"", ""timex_value"": ""1949-12-01""}, {""text"": ""twenty-third day of August A."", ""timex_text"": ""August"", ""timex_type"": ""DATE"", ""timex_value"": ""1949-08""}]","A COMPACT Entered into by and between all tbe Stales signatory bereto, with tbe consent of tbe Congress of tbe United St…",
Hawaii/Hawaii_10,Hawaii,d:\NLP_Project_tasks_6_8_11\OCR_output\Hawaii\Hawaii_10.txt,1981-09-25,,,,found,"[{""text"": ""September 25, 1981 lL - / GEOHGE 3."", ""timex_text"": ""September 25, 1981"", ""timex_type"": ""DATE"", ""timex_value"": ""1981-09-25""}]","September 25, 1981 lL - / GEOHGE 3.",
Hawaii/Hawaii_14,Hawaii,d:\NLP_Project_tasks_6_8_11\OCR_output\Hawaii\Hawaii_14.txt,,,,,absent,[],,
Hawaii/Hawaii_35,Hawaii,d:\NLP_Project_tasks_6_8_11\OCR_output\Hawaii\Hawaii_35.txt,1996-01-01,,,,found,"[{""text"": ""one inHonolulu, Hawaii, UnitefStatesofAmerics, on the lltfidayofDecember, 1996."", ""timex_text"": ""1996"", ""timex_type"": ""DATE"", ""timex_value"": ""1996""}]","one inHonolulu, Hawaii, UnitefStatesofAmerics, on the lltfidayofDecember, 1996.",
Hawaii/Hawaii_37,Hawaii,d:\NLP_Project_tasks_6_8_11\OCR_output\Hawaii\Hawaii_37.txt,1593-01-01,,,,found,"[{""text"": ""Jn mitueEs atherenf, this Agrerment is signed iz Honaluin, Hamsti na the righth àag af Berember, 1593."", ""timex_text"": ""1593"", ""timex_type"": ""DATE"", ""timex_value"": ""1593""}]","Jn mitueEs atherenf, this Agrerment is signed iz Honaluin, Hamsti na the righth àag af Berember, 1593.",
Idaho/Idaho_1,Idaho,d:\NLP_Project_tasks_6_8_11\OCR_output\Idaho\Idaho_1.txt,1983-01-01,1984-01-01,,,found,"[{""text"": ""Exo R Hu-jen, Spexker of the Uxifrat Hrabincial Assembly, Brofince of Uxifan, Republic of Ohinn, on the thirtieth bag of September, 1983 xt the Unifunr Brosincial Assembly; * and Jtt * is signeh in the Uxifumt Brogincinl Gohernment mr the elehenth bag of Jue, 1984."", ""timex_text"": ""September"", ""timex_type"": ""DATE"", ""timex_value"": ""XXXX-09""}, {""text"": ""Exo R Hu-jen, Spexker of the Uxifrat Hrabincial Assembly, Brofince of Uxifan, Republic of Ohinn, on the thirtieth bag of September, 1983 xt the Unifunr Brosincial Assembly; * and Jtt * is signeh in the Uxifumt Brogincinl Gohernment mr the elehenth bag of Jue, 1984."", ""timex_text"": ""1983"", ""timex_type"": ""DATE"", ""timex_value"": ""1983""}, {""text"": ""Exo R Hu-jen, Spexker of the Uxifrat Hrabincial Assembly, Brofince of Uxifan, Republic of Ohinn, on the thirtieth bag of September, 1983 xt the Unifunr Brosincial Assembly; * and Jtt * is signeh in the Uxifumt Brogincinl Gohernment mr the elehenth bag of Jue, 1984."", ""timex_text"": ""1984"", ""timex_type"": ""DATE"", ""timex_value"": ""1984""}]","Exo R Hu-jen, Spexker of the Uxifrat Hrabincial Assembly, Brofince of Uxifan, Republic of Ohinn, on the thirtieth bag of…",
Illinois/Illinois_6,Illinois,d:\NLP_Project_tasks_6_8_11\OCR_output\Illinois\Illinois_6.txt,,,,,absent,[],,
Indiana/Indiana_2,Indiana,d:\NLP_Project_tasks_6_8_11\OCR_output\Indiana\Indiana_2.txt,,,,,absent,[],,
Indiana/Indiana_5,Indiana,d:\NLP_Project_tasks_6_8_11\OCR_output\Indiana\Indiana_5.txt,2012-01-01,,four years,,found,"[{""text"": ""The Working Groups will communicate with each other, as needed, to implement work plans and will meet with each other in person or using online electronic media at least once a year."", ""timex_text"": ""once a year"", ""timex_type"": ""SET"", ""timex_value"": ""P1Y""}, {""text"": ""Article 7: General Clauses This MOA will take effect on the date of the last signature by both ofthe Parties and will remain in effect for a period of four years."", ""timex_text"": ""four years"", ""timex_type"": ""DURATION"", ""timex_value"": ""P4Y""}, {""text"": ""This MOA may be terminated by either of the Parties at any time by giving three months' written notice to the other."", ""timex_text"": ""three months"", ""timex_type"": ""DURATION"", ""timex_value"": ""P3M""}, {""text"": ""3 For the Indiana Department of For the Department of Education, United States of International and Cross-Strait America Education, Ministry of Education, Republic of China (Taiwan) Melomuch Jennifer McCormick Andy Cheu-An Bi Superintendent of Public Director General Instruction Date: 7/37/17 Date: 2012 Indianapolis, Indiana, USA Taipei, Taiwan 4"", ""timex_text"": ""2012"", ""timex_type"": ""DATE"", ""timex_value"": ""2012""}]","The Working Groups will communicate with each other, as needed, to implement work plans and will meet with each other in…",
Indiana/Indiana_7,Indiana,d:\NLP_Project_tasks_6_8_11\OCR_output\Indiana\Indiana_7.txt,2017-10-30,,,,found,"[{""text"": ""Signed inBengaluru, State ofl Karnataka, India on October 30, 2017 in recognition ofthe above articles."", ""timex_text"": ""October 30, 2017"", ""timex_type"": ""DATE"", ""timex_value"": ""2017-10-30""}]","Signed inBengaluru, State ofl Karnataka, India on October 30, 2017 in recognition ofthe above articles.",
Maine/Maine_20,Maine,d:\NLP_Project_tasks_6_8_11\OCR_output\Maine\Maine_20.txt,1949-01-01,2218-08-01,one month,,found,"[{""text"": ""A COMPACT Entered into by and between all tbe Stales signatory bereto, with tbe consent of tbe Congress of tbe United Stales of America, granted by an Act entitled \""An Act Granting tbe consent and approval of Congress to an interstate forest fire protection compact,\"" approved June 25, 1949."", ""timex_text"": ""June 25, 1949"", ""timex_type"": ""DATE"", ""timex_value"": ""1949-06-25""}, {""text"": ""The Commission shall, more that one month to any meeting of thel legislature iani signatory to the and to the prior the state terelars recommendations to eanecaisenatos to be that state Iareree the interests and of thieading The consult with and Marbrete the appropriate ndperersot nevaren the states STEETE hereto with to problems connected with the prevention and control of forest agercian and recommend prate of moserde as it deems advisable."", ""timex_text"": ""one month"", ""timex_type"": ""DURATION"", ""timex_value"": ""P1M""}, {""text"": ""ARTICLE VII The Commission shall annually elect from its members a chairman and a vice-chairman."", ""timex_text"": ""annually"", ""timex_type"": ""SET"", ""timex_value"": ""XXXX""}, {""text"": ""The Commission shall keep accurate books of account, showing in full its receipts and disbursements, and said bools of account shall be reasonable time to the inspection of such representatives of the respective sig- states be for that matergato orl beforer mther first of December of acerpeare the Commission shall submit to the respective governors of A the signatory states afulla and complete report of its rernithe fort the; precedingyear."", ""timex_text"": ""first of December"", ""timex_type"": ""DATE"", ""timex_value"": ""1949-12-01""}, {""text"": ""twenty-third day of August A."", ""timex_text"": ""August"", ""timex_type"": ""DATE"", ""timex_value"": ""1949-08""}]","A COMPACT Entered into by and between all tbe Stales signatory bereto, with tbe consent of tbe Congress of tbe United St…",
Maryland/Maryland_10,Maryland,d:\NLP_Project_tasks_6_8_11\OCR_output\Maryland\Maryland_10.txt,,,,,absent,[],,
Maryland/Maryland_55,Maryland,d:\NLP_Project_tasks_6_8_11\OCR_output\Maryland\Maryland_55.txt,,,,,absent,[],,
Maryland/Maryland_56,Maryland,d:\NLP_Project_tasks_6_8_11\OCR_output\Maryland\Maryland_56.txt,,,,,absent,[],,
Maryland/Maryland_70,Maryland,d:\NLP_Project_tasks_6_8_11\OCR_output\Maryland\Maryland_70.txt,,,,,absent,[],,
Massachusetts/Massachusetts_26,Massachusetts,d:\NLP_Project_tasks_6_8_11\OCR_output\Massachusetts\Massachusetts_26.txt,1949-01-01,2218-08-01,one month,,found,"[{""text"": ""A COMPACT Entered into by and between all tbe Stales signatory bereto, with tbe consent of tbe Congress of tbe United Stales of America, granted by an Act entitled \""An Act Granting tbe consent and approval of Congress to an interstate forest fire protection compact,\"" approved June 25, 1949."", ""timex_text"": ""June 25, 1949"", ""timex_type"": ""DATE"", ""timex_value"": ""1949-06-25""}, {""text"": ""The Commission shall, more that one month to any meeting of thel legislature iani signatory to the and to the prior the state terelars recommendations to eanecaisenatos to be that state Iareree the interests and of thieading The consult with and Marbrete the appropriate ndperersot nevaren the states STEETE hereto with to problems connected with the prevention and control of forest agercian and recommend prate of moserde as it deems advisable."", ""timex_text"": ""one month"", ""timex_type"": ""DURATION"", ""timex_value"": ""P1M""}, {""text"": ""ARTICLE VII The Commission shall annually elect from its members a chairman and a vice-chairman."", ""timex_text"": ""annually"", ""timex_type"": ""SET"", ""timex_value"": ""XXXX""}, {""text"": ""The Commission shall keep accurate books of account, showing in full its receipts and disbursements, and said bools of account shall be reasonable time to the inspection of such representatives of the respective sig- states be for that matergato orl beforer mther first of December of acerpeare the Commission shall submit to the respective governors of A the signatory states afulla and complete report of its rernithe fort the; precedingyear."", ""timex_text"": ""first of December"", ""timex_type"": ""DATE"", ""timex_value"": ""1949-12-01""}, {""text"": ""twenty-third day of August A."", ""timex_text"": ""August"", ""timex_type"": ""DATE"", ""timex_value"": ""1949-08""}]","A COMPACT Entered into by and between all tbe Stales signatory bereto, with tbe consent of tbe Congress of tbe United St…",
Michigan/Michigan_1,Michigan,d:\NLP_Project_tasks_6_8_11\OCR_output\Michigan\Michigan_1.txt,2012-06-15,2014-11-01,"14
day",,found,"[{""text"": ""EXECUTION COPY Acknowledgment of Implementation of Crossing Agreement: Confidentiality Preamble: On June 15, 2012, a Crossing Agreement was executed by Canada and Michigan providing a framework for the Crossing Authority (n/k/a the Windsor-Detroit Bridge Authority (*WDBA\"") established by Canada to design, construct, finance, operate and maintain a new International Crossing between Canada and Michigan, under the oversight of a jointly established International Authority with three members appointed by Canada and the WDBA and three members appointed by the Michigan Parties, and with funding approved by Canada, but with no funding by the Michigan Parties."", ""timex_text"": ""June 15, 2012"", ""timex_type"": ""DATE"", ""timex_value"": ""2012-06-15""}, {""text"": ""On June 29, 2012, the Crossing Agreement was executed by the Michigan Department of Transportation and the Michigan Strategic Fund."", ""timex_text"": ""June 29, 2012"", ""timex_type"": ""DATE"", ""timex_value"": ""2012-06-29""}, {""text"": ""On October 9, 2012, the WDBA was formed by Canada pursuant to subsection 29(1) of the International Bridges and Tunnels Act (Canada)."", ""timex_text"": ""October 9, 2012"", ""timex_type"": ""DATE"", ""timex_value"": ""2012-10-09""}, {""text"": ""On November 2, 2012, the Crossing Agreement was executed by the WDBA."", ""timex_text"": ""November 2, 2012"", ""timex_type"": ""DATE"", ""timex_value"": ""2012-11-02""}, {""text"": ""On March 25, 2013, the US Secretary of State approved the Crossing Agreement in accordance with the International Bridge Act of1972 (US)."", ""timex_text"": ""March 25, 2013"", ""timex_type"": ""DATE"", ""timex_value"": ""2013-03-25""}]","EXECUTION COPY Acknowledgment of Implementation of Crossing Agreement: Confidentiality Preamble: On June 15, 2012, a Cro…",
Michigan/Michigan_3,Michigan,d:\NLP_Project_tasks_6_8_11\OCR_output\Michigan\Michigan_3.txt,2012-06-15,2014-11-01,15 days,,found,"[{""text"": ""EXECUTION COPY Acknowledgment of Implementation of Crossing Agreement: Michigan Activities Funding Preamble: On June 15, 2012, a Crossing Agreement was executed by Canada and Michigan providing a framework for the Crossing Authority (n/k/a the Windsor-Detroit Bridge Authority (\""*WDBA\"")) established by Canada to design, construct, finance, operate and maintain a new International Crossing between Canada and Michigan, under the oversight of a jointly established International Authority with three members appointed by Canada and the WDBA and three members appointed by the Michigan Parties, and with funding approved by Canada, but with no funding by the Michigan Parties."", ""timex_text"": ""June 15, 2012"", ""timex_type"": ""DATE"", ""timex_value"": ""2012-06-15""}, {""text"": ""On June 29, 2012, the Crossing Agreement was executed by the Michigan Department of Transportation and the Michigan Strategic Fund."", ""timex_text"": ""June 29, 2012"", ""timex_type"": ""DATE"", ""timex_value"": ""2012-06-29""}, {""text"": ""On October 9, 2012, the WDBA was formed by Canada pursuant to subsection 29(1) of the International Bridges and Tunnels Act (Canada)."", ""timex_text"": ""October 9, 2012"", ""timex_type"": ""DATE"", ""timex_value"": ""2012-10-09""}, {""text"": ""On November 2, 2012, the Crossing Agreement was executed by the WDBA."", ""timex_text"": ""November 2, 2012"", ""timex_type"": ""DATE"", ""timex_value"": ""2012-11-02""}, {""text"": ""On March 25, 2013, the US Secretary of State approved the Crossing Agreement in accordance with the International Bridge Act of1972 (US)."", ""timex_text"": ""March 25, 2013"", ""timex_type"": ""DATE"", ""timex_value"": ""2013-03-25""}]","EXECUTION COPY Acknowledgment of Implementation of Crossing Agreement: Michigan Activities Funding Preamble: On June 15,…",
Michigan/Michigan_6,Michigan,d:\NLP_Project_tasks_6_8_11\OCR_output\Michigan\Michigan_6.txt,,,,,absent,[],,
Michigan/Michigan_9,Michigan,d:\NLP_Project_tasks_6_8_11\OCR_output\Michigan\Michigan_9.txt,0449-01-01,2007-01-01,60 days,,found,"[{""text"": ""159, 175 (1985) (discussing the classic indicia)."", ""timex_text"": ""1985"", ""timex_type"": ""DATE"", ""timex_value"": ""1985""}, {""text"": ""503, 519 (1893) (establishing that congressional consent is required only for an agreement or compact that \""tend[s] to the increase of political power in the states, which may encroach upon or interfere with the just supremacy of the United States\""), with Pub."", ""timex_text"": ""1893"", ""timex_type"": ""DATE"", ""timex_value"": ""1893""}, {""text"": ""71 (1952) (consenting to the participation of certain Canadian provinces in the Northeastern Interstate Forest Fire Protection Compact), Pub."", ""timex_text"": ""1952"", ""timex_type"": ""DATE"", ""timex_value"": ""1952""}, {""text"": ""3391 (1998) (consenting to the Northwest Wildland Fire Protection Agreement), Pub."", ""timex_text"": ""1998"", ""timex_type"": ""DATE"", ""timex_value"": ""1998""}, {""text"": ""3391 (1998) (consenting to the Northwest Wildland Fire Protection Agreement), Pub."", ""timex_text"": ""1998"", ""timex_type"": ""DATE"", ""timex_value"": ""1998""}]","159, 175 (1985) (discussing the classic indicia).",
Minnesota/Minesota_4,Minnesota,d:\NLP_Project_tasks_6_8_11\OCR_output\Minnesota\Minesota_4.txt,,,,,absent,[],,
Minnesota/Minesota_6,Minnesota,d:\NLP_Project_tasks_6_8_11\OCR_output\Minnesota\Minesota_6.txt,0449-01-01,2007-01-01,60 days,,found,"[{""text"": ""159, 175 (1985) (discussing the classic indicia)."", ""timex_text"": ""1985"", ""timex_type"": ""DATE"", ""timex_value"": ""1985""}, {""text"": ""503, 519 (1893) (establishing that congressional consent is required only for an agreement or compact that \""tend[s] to the increase of political power in the states, which may encroach upon or interfere with the just supremacy of the United States\""), with Pub."", ""timex_text"": ""1893"", ""timex_type"": ""DATE"", ""timex_value"": ""1893""}, {""text"": ""71 (1952) (consenting to the participation of certain Canadian provinces in the Northeastern Interstate Forest Fire Protection Compact), Pub."", ""timex_text"": ""1952"", ""timex_type"": ""DATE"", ""timex_value"": ""1952""}, {""text"": ""3391 (1998) (consenting to the Northwest Wildland Fire Protection Agreement), Pub."", ""timex_text"": ""1998"", ""timex_type"": ""DATE"", ""timex_value"": ""1998""}, {""text"": ""3391 (1998) (consenting to the Northwest Wildland Fire Protection Agreement), Pub."", ""timex_text"": ""1998"", ""timex_type"": ""DATE"", ""timex_value"": ""1998""}]","159, 175 (1985) (discussing the classic indicia).",
New Hampshire/NewHempshire_3,New Hampshire,d:\NLP_Project_tasks_6_8_11\OCR_output\New Hampshire\NewHempshire_3.txt,1949-01-01,2218-08-01,one month,,found,"[{""text"": ""A COMPACT Entered into by and between all tbe Stales signatory bereto, with tbe consent of tbe Congress of tbe United Stales of America, granted by an Act entitled \""An Act Granting tbe consent and approval of Congress to an interstate forest fire protection compact,\"" approved June 25, 1949."", ""timex_text"": ""June 25, 1949"", ""timex_type"": ""DATE"", ""timex_value"": ""1949-06-25""}, {""text"": ""The Commission shall, more that one month to any meeting of thel legislature iani signatory to the and to the prior the state terelars recommendations to eanecaisenatos to be that state Iareree the interests and of thieading The consult with and Marbrete the appropriate ndperersot nevaren the states STEETE hereto with to problems connected with the prevention and control of forest agercian and recommend prate of moserde as it deems advisable."", ""timex_text"": ""one month"", ""timex_type"": ""DURATION"", ""timex_value"": ""P1M""}, {""text"": ""ARTICLE VII The Commission shall annually elect from its members a chairman and a vice-chairman."", ""timex_text"": ""annually"", ""timex_type"": ""SET"", ""timex_value"": ""XXXX""}, {""text"": ""The Commission shall keep accurate books of account, showing in full its receipts and disbursements, and said bools of account shall be reasonable time to the inspection of such representatives of the respective sig- states be for that matergato orl beforer mther first of December of acerpeare the Commission shall submit to the respective governors of A the signatory states afulla and complete report of its rernithe fort the; precedingyear."", ""timex_text"": ""first of December"", ""timex_type"": ""DATE"", ""timex_value"": ""1949-12-01""}, {""text"": ""twenty-third day of August A."", ""timex_text"": ""August"", ""timex_type"": ""DATE"", ""timex_value"": ""1949-08""}]","A COMPACT Entered into by and between all tbe Stales signatory bereto, with tbe consent of tbe Congress of tbe United St…",
New Jersey/NewJersey_9,New Jersey,d:\NLP_Project_tasks_6_8_11\OCR_output\New Jersey\NewJersey_9.txt,2008-05-07,2010-09-30,,explicit,found,"[{""text"": ""parties' and: wiliterminate on-September 30, 2010: At the termination of this: Agreement the ainterested Parties may, by written agreement, renew this Agreementof Understending for a specified period of time."", ""timex_text"": ""September 30, 2010"", ""timex_type"": ""DATE"", ""timex_value"": ""2010-09-30""}, {""text"": ""Understanding in Spanish and English in Ciudad de Chihuahua, Chihuahua, Mexico, on May 7, 2008."", ""timex_text"": ""May 7, 2008"", ""timex_type"": ""DATE"", ""timex_value"": ""2008-05-07""}]","parties' and: wiliterminate on-September 30, 2010: At the termination of this: Agreement the ainterested Parties may, by…",
New York/NewYork_1,New York,d:\NLP_Project_tasks_6_8_11\OCR_output\New York\NewYork_1.txt,2018-01-01,2022-12-31,30 days,explicit,found,"[{""text"": ""Provide one or more representatives who will draft a Work Plan, commencing in October 2018 and continuing to the termination date of this Agreement (Article II, paragraph 1)."", ""timex_text"": ""October 2018"", ""timex_type"": ""DATE"", ""timex_value"": ""2018-10""}, {""text"": ""The Working Group will be expected to conduct regular meetings (at least twice per year) to discuss key tasks, objectives, and information exchange."", ""timex_text"": ""twice per year"", ""timex_type"": ""SET"", ""timex_value"": ""P1Y""}, {""text"": ""See Public Officers Law, Section 89(5) and the procedures set forth in 21 NYCRR Part 501 (https://www."", ""timex_text"": ""21"", ""timex_type"": ""DATE"", ""timex_value"": ""2021""}, {""text"": ""This Agreement shall come into force as of the date of full execution by both Parties below and, unless terminated pursuant to subsection (b) below, shall expire on December 31, 2019 unless extended or terminated prior to that date."", ""timex_text"": ""December 31, 2019"", ""timex_type"": ""DATE"", ""timex_value"": ""2019-12-31""}, {""text"": ""Either Party may terminate this Agreement at any time, for any reason, upon 30 days' written notice to the other Party."", ""timex_text"": ""30 days"", ""timex_type"": ""DURATION"", ""timex_value"": ""P30D""}]","Provide one or more representatives who will draft a Work Plan, commencing in October 2018 and continuing to the termina…",
New York/NewYork_32,New York,d:\NLP_Project_tasks_6_8_11\OCR_output\New York\NewYork_32.txt,1949-01-01,2218-08-01,one month,,found,"[{""text"": ""A COMPACT Entered into by and between all tbe Stales signatory bereto, with tbe consent of tbe Congress of tbe United Stales of America, granted by an Act entitled \""An Act Granting tbe consent and approval of Congress to an interstate forest fire protection compact,\"" approved June 25, 1949."", ""timex_text"": ""June 25, 1949"", ""timex_type"": ""DATE"", ""timex_value"": ""1949-06-25""}, {""text"": ""The Commission shall, more that one month to any meeting of thel legislature iani signatory to the and to the prior the state terelars recommendations to eanecaisenatos to be that state Iareree the interests and of thieading The consult with and Marbrete the appropriate ndperersot nevaren the states STEETE hereto with to problems connected with the prevention and control of forest agercian and recommend prate of moserde as it deems advisable."", ""timex_text"": ""one month"", ""timex_type"": ""DURATION"", ""timex_value"": ""P1M""}, {""text"": ""ARTICLE VII The Commission shall annually elect from its members a chairman and a vice-chairman."", ""timex_text"": ""annually"", ""timex_type"": ""SET"", ""timex_value"": ""XXXX""}, {""text"": ""The Commission shall keep accurate books of account, showing in full its receipts and disbursements, and said bools of account shall be reasonable time to the inspection of such representatives of the respective sig- states be for that matergato orl beforer mther first of December of acerpeare the Commission shall submit to the respective governors of A the signatory states afulla and complete report of its rernithe fort the; precedingyear."", ""timex_text"": ""first of December"", ""timex_type"": ""DATE"", ""timex_value"": ""1949-12-01""}, {""text"": ""twenty-third day of August A."", ""timex_text"": ""August"", ""timex_type"": ""DATE"", ""timex_value"": ""1949-08""}]","A COMPACT Entered into by and between all tbe Stales signatory bereto, with tbe consent of tbe Congress of tbe United St…",
New York/NewYork_4,New York,d:\NLP_Project_tasks_6_8_11\OCR_output\New York\NewYork_4.txt,,,,,absent,[],,
North Carolina/NorthCarolina_18,North Carolina,d:\NLP_Project_tasks_6_8_11\OCR_output\North Carolina\NorthCarolina_18.txt,1991-01-01,,over recent years,,found,"[{""text"": ""GOVERNOR TIE NORTH CAROLINA-ISRAEL COOPERATION COMMITTEE MEMORANDUMOFINTENT Rccognizing the advancements' in teehnology, manufacturing, agriculture, the arts : and the humanities that have occurred over recent years in North Carolina andl Israel, and I realizing that cooperation in these areas in betithepublic and private sectors of the two countries will create johs and economic growth in both."", ""timex_text"": ""over recent years"", ""timex_type"": ""DURATION"", ""timex_value"": ""PXY""}, {""text"": ""The Cemmittee will meet twice a year, or as otherwise agreed upon."", ""timex_text"": ""twice a year"", ""timex_type"": ""SET"", ""timex_value"": ""P1Y""}, {""text"": ""ARTICLE IV DURATION This Memorandum of Intent will remain in effect for a period of five years from the date' of signature, or until such date as otherwise agreed upon."", ""timex_text"": ""five years"", ""timex_type"": ""DURATION"", ""timex_value"": ""P5Y""}, {""text"": ""DONE in duplicate at Raleigli, North Carolina, the 28th day of April, 1991."", ""timex_text"": ""April"", ""timex_type"": ""DATE"", ""timex_value"": ""XXXX-04""}, {""text"": ""DONE in duplicate at Raleigli, North Carolina, the 28th day of April, 1991."", ""timex_text"": ""1991"", ""timex_type"": ""DATE"", ""timex_value"": ""1991""}]","GOVERNOR TIE NORTH CAROLINA-ISRAEL COOPERATION COMMITTEE MEMORANDUMOFINTENT Rccognizing the advancements' in teehnology,…",
North Carolina/NorthCarolina_7,North Carolina,d:\NLP_Project_tasks_6_8_11\OCR_output\North Carolina\NorthCarolina_7.txt,1984-03-02,1997-01-01,,,found,"[{""text"": ""and CONSIDERING the varied and promising experience gained from the 'Joint deciaration about economic, scientilic and technological cooperation,' signed March 2, 1984 and extended."", ""timex_text"": ""March 2, 1984"", ""timex_type"": ""DATE"", ""timex_value"": ""1984-03-02""}, {""text"": ""September 18, 1989; and INTENDING to cooperate further in the area of information infrastructure and spatial information technology; and WORKING toward substantiai and sustainable economic development ofboth states and society at large, have signed the followiny declaration: Jointi Declaration Extending Scientific and Technulugical Cooperation Tn include Information Infrastructure and Spatial Information Technolegy : between."", ""timex_text"": ""September 18, 1989"", ""timex_type"": ""DATE"", ""timex_value"": ""1989-09-18""}, {""text"": ""In order to sustain rhis cooperation èver the long term, a bilateral committee wili be forned, composed of the Office of the Govemnor, the Center for Geugiaphic Information\"" and Analysis, and the Geographic Information Cooidinating Council of the State of North Carolina, and the Surveying and Mapping Agency of the State ofNonhrhine-Westalia The committee will report regulary but not less than once a year to the respective authorities of both stares."", ""timex_text"": ""once a year"", ""timex_type"": ""SET"", ""timex_value"": ""P1Y""}, {""text"": ""Hunt jr.) (Frvtiz-luserKaiula) Ralcigh/Disseldorf, Tebruary 6, 1997 80/80 'd 71:91 66."", ""timex_text"": ""1997"", ""timex_type"": ""DATE"", ""timex_value"": ""1997""}]","and CONSIDERING the varied and promising experience gained from the 'Joint deciaration about economic, scientilic and te…",
Ohio/Ohio_1,Ohio,d:\NLP_Project_tasks_6_8_11\OCR_output\Ohio\Ohio_1.txt,,,,,absent,[],,
Ohio/Ohio_2,Ohio,d:\NLP_Project_tasks_6_8_11\OCR_output\Ohio\Ohio_2.txt,1990-10-22,1990-10-22,,,found,"[{""text"": ""7or such purposes, the gouernors sigu this agreement in the City of Columbus, the State of Ohio, 22nd October, 1990."", ""timex_text"": ""22nd October, 1990"", ""timex_type"": ""DATE"", ""timex_value"": ""1990-10-22""}, {""text"": ""October 22nd, 1990 erms Nighh 7aigs Sata Houorable Corwin Mixos Speaker, Saitama Legislative Aosembly Ohis House of Representatives Saitama Prefeeture lu - Honorable Bainy Levey dhis Senate State of Ohis 1 Itis uncommon for members of a: state."", ""timex_text"": ""October 22nd, 1990"", ""timex_type"": ""DATE"", ""timex_value"": ""1990-10-22""}]","7or such purposes, the gouernors sigu this agreement in the City of Columbus, the State of Ohio, 22nd October, 1990.",
Ohio/Ohio_3,Ohio,d:\NLP_Project_tasks_6_8_11\OCR_output\Ohio\Ohio_3.txt,,,,,absent,[],,
Ohio/Ohio_7,Ohio,d:\NLP_Project_tasks_6_8_11\OCR_output\Ohio\Ohio_7.txt,1987-01-01,1987-01-01,,,found,"[{""text"": ""beleste President Sovennan hefueblic fSenegal Plale ofChia Nestsfrca Honubed.SInbas.gf.stmnence On this ay of On this Tth day of Peplemken 1987 Seflemken 1987"", ""timex_text"": ""1987"", ""timex_type"": ""DATE"", ""timex_value"": ""1987""}, {""text"": ""beleste President Sovennan hefueblic fSenegal Plale ofChia Nestsfrca Honubed.SInbas.gf.stmnence On this ay of On this Tth day of Peplemken 1987 Seflemken 1987"", ""timex_text"": ""1987"", ""timex_type"": ""DATE"", ""timex_value"": ""1987""}]",beleste President Sovennan hefueblic fSenegal Plale ofChia Nestsfrca Honubed.SInbas.gf.stmnence On this ay of On this Tt…,
Ohio/Ohio_8,Ohio,d:\NLP_Project_tasks_6_8_11\OCR_output\Ohio\Ohio_8.txt,1984-01-01,,,,found,"[{""text"": ""December * 5, 1984 Wlet MI hilaidd."", ""timex_text"": ""December"", ""timex_type"": ""DATE"", ""timex_value"": ""XXXX-12""}, {""text"": ""December * 5, 1984 Wlet MI hilaidd."", ""timex_text"": ""1984"", ""timex_type"": ""DATE"", ""timex_value"": ""1984""}]","December * 5, 1984 Wlet MI hilaidd.",
Oregon/Oregon_13,Oregon,d:\NLP_Project_tasks_6_8_11\OCR_output\Oregon\Oregon_13.txt,2008-06-01,2050-01-01,five minute,,found,"[{""text"": ""PACIFIC COAST CLIMATE LEADERSHIP ACTION PLAN SEAL OF THE STATE CALIFORNIA SHL 1889 0 859 The Governments ofBritish Columbia, California, by 2050 and which at the time ofthis agreementl has over 125 national and Oregon and Washington, subnationals signatories representing710n million people and leconomies totaling $20.7 trillion."", ""timex_text"": ""2050"", ""timex_type"": ""DATE"", ""timex_value"": ""2050""}, {""text"": ""Through the Under2MOU andi lindividual Pursuant to the Memorandum tol Establish the Pacific Coast Collaborative of internationall bilateral agreements, British Columbia, California, Oregon June 2008, as provided for in Article 6; and Washington will continue to push for national and international climate action consistent with the ambition oft the Paris Agreement and Building upon the goals ofthe 20131 Pacific Coast Collaborative's (PCC) risingambition over time."", ""timex_text"": ""June 2008"", ""timex_type"": ""DATE"", ""timex_value"": ""2008-06""}, {""text"": ""Pacific Coastj jurisdictions' commitments embodiedi in 2) Address socioeconomic inequities by improving access to clean thel Under2MOU and reinforcing the 2015 COP 21 Paris Agreement's energy technologies and solutions and targeting investments to internationala lambition tol limit global warmingt tol less than two degrees communities that are disproportionately affected by climate change."", ""timex_text"": ""2015"", ""timex_type"": ""DATE"", ""timex_value"": ""2015""}, {""text"": ""Jurisdictions will continue to actively engage and Canada asa whole from 2010-2014, infuencedl by new investments, disadvantaged communities, includingon new policies and programs supportive public policy, and shifting market demand for mores sustainable resulting from this Action Plan."", ""timex_text"": ""2010"", ""timex_type"": ""DATE"", ""timex_value"": ""2010""}, {""text"": ""Jurisdictions will continue to actively engage and Canada asa whole from 2010-2014, infuencedl by new investments, disadvantaged communities, includingon new policies and programs supportive public policy, and shifting market demand for mores sustainable resulting from this Action Plan."", ""timex_text"": ""2014"", ""timex_type"": ""DATE"", ""timex_value"": ""2014""}]",PACIFIC COAST CLIMATE LEADERSHIP ACTION PLAN SEAL OF THE STATE CALIFORNIA SHL 1889 0 859 The Governments ofBritish Colum…,
Pennsylvania/Pennsylvania_20,Pennsylvania,d:\NLP_Project_tasks_6_8_11\OCR_output\Pennsylvania\Pennsylvania_20.txt,2019-01-01,2030-06-01,,,found,"[{""text"": ""REGIONS FOR GLOBAL SUSTAINABLE DEVELOPMENT Declaration We, Governors and High Representatives of the State of California, the Emilia-Romagna Region, the Province of Gauteng, the.Province of Guangdong, Land Hessen, Nouvelle-Aquitaine Region and the Commonwealth of Pennsylvania, meeting in Bologna from 12th to 14th June 2019 for the international Conference Regions for sustainable global development\"", have established new objectives and new areas of cooperation for the global and sustainable development of our territories."", ""timex_text"": ""12th"", ""timex_type"": ""DATE"", ""timex_value"": ""2019-06-12""}, {""text"": ""REGIONS FOR GLOBAL SUSTAINABLE DEVELOPMENT Declaration We, Governors and High Representatives of the State of California, the Emilia-Romagna Region, the Province of Gauteng, the.Province of Guangdong, Land Hessen, Nouvelle-Aquitaine Region and the Commonwealth of Pennsylvania, meeting in Bologna from 12th to 14th June 2019 for the international Conference Regions for sustainable global development\"", have established new objectives and new areas of cooperation for the global and sustainable development of our territories."", ""timex_text"": ""14th June 2019"", ""timex_type"": ""DATE"", ""timex_value"": ""2019-06-14""}, {""text"": ""In the context of such a deep, structural change, it is fundamental to have access to human capital, skills, research and technologies suitable for governing and leading institutional, social, cultural and production processes that are innovative and sustainable and that, through international cooperation, connect with the drivers of change that are now transforming the world."", ""timex_text"": ""now"", ""timex_type"": ""DATE"", ""timex_value"": ""PRESENT_REF""}, {""text"": ""In the context of such a deep, structural change, it is fundamental to have access to human capital, skills, research and technologies suitable for governing and leading institutional, social, cultural and production processes that are innovative and sustainable and that, through international cooperation, connect with the drivers of change that are now transforming the world."", ""timex_text"": ""now"", ""timex_type"": ""DATE"", ""timex_value"": ""PRESENT_REF""}, {""text"": ""HESSEN #1 E Regione@EmilleRomagna GAUTENG H Nouvelle- Aquitaine Our principles and shared commitments Together, we agree that the objectives defined by Agenda 2030 and its programme of action for people, for the planet, for prosperity, for reinforcing universal peace and for the fight against poverty in all its forms and dimensions, are our priorities, determined to put them into practice through global collaboration for sustainable development, based on a spirit of reinforced global solidarity."", ""timex_text"": ""2030"", ""timex_type"": ""DATE"", ""timex_value"": ""2030""}]","REGIONS FOR GLOBAL SUSTAINABLE DEVELOPMENT Declaration We, Governors and High Representatives of the State of California…",
Pennsylvania/Pennsylvania_8,Pennsylvania,d:\NLP_Project_tasks_6_8_11\OCR_output\Pennsylvania\Pennsylvania_8.txt,,,,,absent,[],,
Rhode Island/RhodeIsland_7,Rhode Island,d:\NLP_Project_tasks_6_8_11\OCR_output\Rhode Island\RhodeIsland_7.txt,1949-01-01,2218-08-01,one month,,found,"[{""text"": ""A COMPACT Entered into by and between all tbe Stales signatory bereto, with tbe consent of tbe Congress of tbe United Stales of America, granted by an Act entitled \""An Act Granting tbe consent and approval of Congress to an interstate forest fire protection compact,\"" approved June 25, 1949."", ""timex_text"": ""June 25, 1949"", ""timex_type"": ""DATE"", ""timex_value"": ""1949-06-25""}, {""text"": ""The Commission shall, more that one month to any meeting of thel legislature iani signatory to the and to the prior the state terelars recommendations to eanecaisenatos to be that state Iareree the interests and of thieading The consult with and Marbrete the appropriate ndperersot nevaren the states STEETE hereto with to problems connected with the prevention and control of forest agercian and recommend prate of moserde as it deems advisable."", ""timex_text"": ""one month"", ""timex_type"": ""DURATION"", ""timex_value"": ""P1M""}, {""text"": ""ARTICLE VII The Commission shall annually elect from its members a chairman and a vice-chairman."", ""timex_text"": ""annually"", ""timex_type"": ""SET"", ""timex_value"": ""XXXX""}, {""text"": ""The Commission shall keep accurate books of account, showing in full its receipts and disbursements, and said bools of account shall be reasonable time to the inspection of such representatives of the respective sig- states be for that matergato orl beforer mther first of December of acerpeare the Commission shall submit to the respective governors of A the signatory states afulla and complete report of its rernithe fort the; precedingyear."", ""timex_text"": ""first of December"", ""timex_type"": ""DATE"", ""timex_value"": ""1949-12-01""}, {""text"": ""twenty-third day of August A."", ""timex_text"": ""August"", ""timex_type"": ""DATE"", ""timex_value"": ""1949-08""}]","A COMPACT Entered into by and between all tbe Stales signatory bereto, with tbe consent of tbe Congress of tbe United St…",
Texas/Texas_1,Texas,d:\NLP_Project_tasks_6_8_11\OCR_output\Texas\Texas_1.txt,2004-01-01,2004-10-01,,,found,"[{""text"": ""STATE OF TEXAS OFFICE OF THE GOVERNOR E darssta CHIHUAHUA COAHUILA NUEVO LEON TAMAULIPAS TEXAS ADDENDUM TO THE AGREEMENT FOR REGIONAL PROGRESS (Coahuila, Nuevo Leon, Tamaulipas and Texas) SIGNED BY, AS ONE PART, THE GOVERNMENT OF THE STATE OF CHIHUAHUA, REPRESENTED BY THE HONORABLE JOSÉ REYES BAEZA TERRAZAS, THE GOVERNMENT OF THE STATE OF COAHUILA, REPRESENTED BY THE HONORABLE ENRIQUE MARTINEZ Y MARTINEZ; THE GOVERNMENT OF THE STATE OF NUEVO LEON, REPRESENTED BY THE HONORABLE JOSÉ NATIVIDAD GONZALEZ PARAS; AND BY THE GOVERNMENT OF THE STATE OF TAMAULIPAS, REPRESENTED BY THE HONORABLE TOMAS YARRINGTON RUVALCABA; HEREINAFTER \""THE NORTHEAST MEXICO REGION\""; AND AS COUNTERPART, THE GOVERNMENT OF THE STATE OF TEXAS, REPRESENTED BY THE HONORABLE RICK PERRY, GOVERNOR OF THE STATE OF TEXAS; HEREINAFTER \""TEXAS\""; ALL PARTS BEING SUBJECT TO THE FOLLOWING BACKGROUND, DECLARATIONS AND CLAUSES: BACKGROUND a) The regional integration efforts put forth by the States of the Northeast Mexico Region, through the signing of the Agreement for Sustainable Regional Development of the Mexican Northeastern Region on March 6 of 2004."", ""timex_text"": ""March 6"", ""timex_type"": ""DATE"", ""timex_value"": ""XXXX-03-06""}, {""text"": ""STATE OF TEXAS OFFICE OF THE GOVERNOR E darssta CHIHUAHUA COAHUILA NUEVO LEON TAMAULIPAS TEXAS ADDENDUM TO THE AGREEMENT FOR REGIONAL PROGRESS (Coahuila, Nuevo Leon, Tamaulipas and Texas) SIGNED BY, AS ONE PART, THE GOVERNMENT OF THE STATE OF CHIHUAHUA, REPRESENTED BY THE HONORABLE JOSÉ REYES BAEZA TERRAZAS, THE GOVERNMENT OF THE STATE OF COAHUILA, REPRESENTED BY THE HONORABLE ENRIQUE MARTINEZ Y MARTINEZ; THE GOVERNMENT OF THE STATE OF NUEVO LEON, REPRESENTED BY THE HONORABLE JOSÉ NATIVIDAD GONZALEZ PARAS; AND BY THE GOVERNMENT OF THE STATE OF TAMAULIPAS, REPRESENTED BY THE HONORABLE TOMAS YARRINGTON RUVALCABA; HEREINAFTER \""THE NORTHEAST MEXICO REGION\""; AND AS COUNTERPART, THE GOVERNMENT OF THE STATE OF TEXAS, REPRESENTED BY THE HONORABLE RICK PERRY, GOVERNOR OF THE STATE OF TEXAS; HEREINAFTER \""TEXAS\""; ALL PARTS BEING SUBJECT TO THE FOLLOWING BACKGROUND, DECLARATIONS AND CLAUSES: BACKGROUND a) The regional integration efforts put forth by the States of the Northeast Mexico Region, through the signing of the Agreement for Sustainable Regional Development of the Mexican Northeastern Region on March 6 of 2004."", ""timex_text"": ""2004"", ""timex_type"": ""DATE"", ""timex_value"": ""2004""}, {""text"": ""b) The Agreement for Regional Progress signed by the Governors of the States of Coahuila, Nuevo Leon and Tamaulipas from the Northeastern Mexico Region; and the Governor of the State of Texas on June 22 of 2004."", ""timex_text"": ""June 22"", ""timex_type"": ""DATE"", ""timex_value"": ""2004-06-22""}, {""text"": ""STATE OF TEXAS OFFICE OF THE GOVERNOR E darssta CHIHUAHUA COAHUILA NUEVO LEON TAMAULIPAS TEXAS ADDENDUM TO THE AGREEMENT FOR REGIONAL PROGRESS (Coahuila, Nuevo Leon, Tamaulipas and Texas) SIGNED BY, AS ONE PART, THE GOVERNMENT OF THE STATE OF CHIHUAHUA, REPRESENTED BY THE HONORABLE JOSÉ REYES BAEZA TERRAZAS, THE GOVERNMENT OF THE STATE OF COAHUILA, REPRESENTED BY THE HONORABLE ENRIQUE MARTINEZ Y MARTINEZ; THE GOVERNMENT OF THE STATE OF NUEVO LEON, REPRESENTED BY THE HONORABLE JOSÉ NATIVIDAD GONZALEZ PARAS; AND BY THE GOVERNMENT OF THE STATE OF TAMAULIPAS, REPRESENTED BY THE HONORABLE TOMAS YARRINGTON RUVALCABA; HEREINAFTER \""THE NORTHEAST MEXICO REGION\""; AND AS COUNTERPART, THE GOVERNMENT OF THE STATE OF TEXAS, REPRESENTED BY THE HONORABLE RICK PERRY, GOVERNOR OF THE STATE OF TEXAS; HEREINAFTER \""TEXAS\""; ALL PARTS BEING SUBJECT TO THE FOLLOWING BACKGROUND, DECLARATIONS AND CLAUSES: BACKGROUND a) The regional integration efforts put forth by the States of the Northeast Mexico Region, through the signing of the Agreement for Sustainable Regional Development of the Mexican Northeastern Region on March 6 of 2004."", ""timex_text"": ""2004"", ""timex_type"": ""DATE"", ""timex_value"": ""2004""}, {""text"": ""STATE OF TEXAS OFFICE OF THE GOVERNOR Read this agreement by the parties, theyratify and sign it, this 21of October, 2004, issuing five originals of which each signatory willkeep one."", ""timex_text"": ""October"", ""timex_type"": ""DATE"", ""timex_value"": ""2004-10""}]",STATE OF TEXAS OFFICE OF THE GOVERNOR E darssta CHIHUAHUA COAHUILA NUEVO LEON TAMAULIPAS TEXAS ADDENDUM TO THE AGREEMENT…,
Texas/Texas_10,Texas,d:\NLP_Project_tasks_6_8_11\OCR_output\Texas\Texas_10.txt,1089-01-01,2483-01-01,,,found,"[{""text"": ""Garber, to the State of Texas on May 30, 2017, and the Mexican party with the Title of Concession granted to CAPUFE on March 18, 2003."", ""timex_text"": ""May 30, 2017"", ""timex_type"": ""DATE"", ""timex_value"": ""2017-05-30""}, {""text"": ""Garber, to the State of Texas on May 30, 2017, and the Mexican party with the Title of Concession granted to CAPUFE on March 18, 2003."", ""timex_text"": ""March 18, 2003"", ""timex_type"": ""DATE"", ""timex_value"": ""2003-03-18""}, {""text"": ""1089, Calzada de los Reyes No."", ""timex_text"": ""1089"", ""timex_type"": ""DATE"", ""timex_value"": ""1089""}, {""text"": ""03720 Cuernavaca, Morelos Alcaldia Benito Juarez Ciudad de México TXDOT: Texas Department of Transportation Director of Contract Services 125 East 11th Street Austin, TX 78701-2483 In the event that any of the Parties changes address, it should notify the other Party within 15 (fifteen) working days of the anticipated change; if in default of this requirement, the notices sent to the addresses herein and by the terms stipulated in this article, shall be in effect."", ""timex_text"": ""2483"", ""timex_type"": ""DATE"", ""timex_value"": ""2483""}, {""text"": ""Uhdersecretary of Infrastructure Executive Director for the Texas Department of Transportation 10-25-2022 Date: Date: Executed by: Rogelio Mauricio Rivero Marquez General Director of Highway Wh hit Development CGreg Abbott Governor of the State of Texas 25-2002 Date: 2/1/2023 Date: FOR FEDERAL TOLL ROADS AND BRIDGES AND RELATED SERVICES Lag7Al - Elsa Julita Veites Arévalo General Director 7-11-2022 Date: Page 11 of 15 Contract No.: 50-0XXF9001 APPENDIX A EXECUTIVE PROJECT Record of sheets contained in compact disk."", ""timex_text"": ""2022"", ""timex_type"": ""DATE"", ""timex_value"": ""2022""}]","Garber, to the State of Texas on May 30, 2017, and the Mexican party with the Title of Concession granted to CAPUFE on M…",
Texas/Texas_11,Texas,d:\NLP_Project_tasks_6_8_11\OCR_output\Texas\Texas_11.txt,2017-01-01,,,,found,"[{""text"": ""Therefore, It is with great pleasure that we, SidMiller, the Commissioner of Agriculture the Great State of Texas, and Yossi Dagan, Chairman of Declaration the Region Shomron in Israel, today announce a bilateral Of Cooperation between our two regions in the field of agriculture, trade, and agreement economic development."", ""timex_text"": ""today"", ""timex_type"": ""DATE"", ""timex_value"": ""PRESENT_REF""}, {""text"": ""government, municipal May this declaration of cooperation between Texas and Shomron serve as an work together in friendship, and may it bring a message of hope and example to the for all peoples to world."", ""timex_text"": ""May"", ""timex_type"": ""DATE"", ""timex_value"": ""XXXX-05""}, {""text"": ""prosperity nations of the Signed 220d of March, 2017 Adar, 5777 Jrzf Sid Miller Yossi Dagan Commissioner of Agriculture Chairman The State of Texas Shomron Regional Council"", ""timex_text"": ""March"", ""timex_type"": ""DATE"", ""timex_value"": ""XXXX-03""}, {""text"": ""prosperity nations of the Signed 220d of March, 2017 Adar, 5777 Jrzf Sid Miller Yossi Dagan Commissioner of Agriculture Chairman The State of Texas Shomron Regional Council"", ""timex_text"": ""2017"", ""timex_type"": ""DATE"", ""timex_value"": ""2017""}]","Therefore, It is with great pleasure that we, SidMiller, the Commissioner of Agriculture the Great State of Texas, and Y…",
Texas/Texas_12,Texas,d:\NLP_Project_tasks_6_8_11\OCR_output\Texas\Texas_12.txt,,,,,error,"[{""text"": ""ERROR: not well-formed (invalid token): line 441, column 3""}]","ERROR: not well-formed (invalid token): line 441, column 3","not well-formed (invalid token): line 441, column 3"
Texas/Texas_13,Texas,d:\NLP_Project_tasks_6_8_11\OCR_output\Texas\Texas_13.txt,2010-01-01,2799-01-01,,,found,"[{""text"": ""MCCRAW February 25, 2010 COMMISSION DIRECTOR ALLANI B."", ""timex_text"": ""February 25, 2010"", ""timex_type"": ""DATE"", ""timex_value"": ""2010-02-25""}, {""text"": ""MCCRAW February 25, 2010 COMMISSION DIRECTOR ALLANI B."", ""timex_text"": ""February 25, 2010"", ""timex_type"": ""DATE"", ""timex_value"": ""2010-02-25""}, {""text"": ""MCCRAW February 25, 2010 COMMISSION DIRECTOR ALLANI B."", ""timex_text"": ""February 25"", ""timex_type"": ""DATE"", ""timex_value"": ""2010-02-25""}, {""text"": ""MCCRAW February 25, 2010 COMMISSION DIRECTOR ALLANI B."", ""timex_text"": ""2010"", ""timex_type"": ""DATE"", ""timex_value"": ""2010""}, {""text"": ""777 Post Oak Blvd - Suite 600 -I Houston, Texas 77056-3203 Tél.: : 713-572-2799 : Fax : 713-572 2911 www.consulfrance-houston.org E-mail : info@consulfrance-houston.org Libent-Egalité."", ""timex_text"": ""2799"", ""timex_type"": ""DATE"", ""timex_value"": ""2799""}]","MCCRAW February 25, 2010 COMMISSION DIRECTOR ALLANI B.",
Texas/Texas_14,Texas,d:\NLP_Project_tasks_6_8_11\OCR_output\Texas\Texas_14.txt,2012-01-01,2012-01-01,thirty years,,found,"[{""text"": ""BORDER GOVERNORS' CONFERENCE a - : rque Aico JOINT DECLARATION /DECLARACION CONJUNTA PREAMBLE PREAMBULO The Border Governors Conference is an inter- La Conferencia de Gobernadores Fronterizos es una national/regional organization that is comprised of the organizacion internacional/regional que comprende los ten states located along the United States-Mexico diez estados localizados a lo largo de la frontera border celebrates its XXX Border Governors México-Estados Unidos, la cual celebra el trigésimo Conference in Albuquerque, New Mexico, October 3- aniversario de este foro en Albuquerque, Nuevo 5, 2012."", ""timex_text"": ""October 3"", ""timex_type"": ""DATE"", ""timex_value"": ""XXXX-10-03""}, {""text"": ""BORDER GOVERNORS' CONFERENCE a - : rque Aico JOINT DECLARATION /DECLARACION CONJUNTA PREAMBLE PREAMBULO The Border Governors Conference is an inter- La Conferencia de Gobernadores Fronterizos es una national/regional organization that is comprised of the organizacion internacional/regional que comprende los ten states located along the United States-Mexico diez estados localizados a lo largo de la frontera border celebrates its XXX Border Governors México-Estados Unidos, la cual celebra el trigésimo Conference in Albuquerque, New Mexico, October 3- aniversario de este foro en Albuquerque, Nuevo 5, 2012."", ""timex_text"": ""2012"", ""timex_type"": ""DATE"", ""timex_value"": ""2012""}, {""text"": ""BORDER GOVERNORS' CONFERENCE a - : rque Aico JOINT DECLARATION /DECLARACION CONJUNTA PREAMBLE PREAMBULO The Border Governors Conference is an inter- La Conferencia de Gobernadores Fronterizos es una national/regional organization that is comprised of the organizacion internacional/regional que comprende los ten states located along the United States-Mexico diez estados localizados a lo largo de la frontera border celebrates its XXX Border Governors México-Estados Unidos, la cual celebra el trigésimo Conference in Albuquerque, New Mexico, October 3- aniversario de este foro en Albuquerque, Nuevo 5, 2012."", ""timex_text"": ""2012"", ""timex_type"": ""DATE"", ""timex_value"": ""2012""}, {""text"": ""Now more than ever, we are committed to this Ahora mâs que nunca estamos comprometidos a strategic alliance building on thirty years of mantener esta alianza estratégica fincada en treinta experience."", ""timex_text"": ""Now"", ""timex_type"": ""DATE"", ""timex_value"": ""PRESENT_REF""}, {""text"": ""Now more than ever, we are committed to this Ahora mâs que nunca estamos comprometidos a strategic alliance building on thirty years of mantener esta alianza estratégica fincada en treinta experience."", ""timex_text"": ""thirty years"", ""timex_type"": ""DURATION"", ""timex_value"": ""P30Y""}]",BORDER GOVERNORS' CONFERENCE a - : rque Aico JOINT DECLARATION /DECLARACION CONJUNTA PREAMBLE PREAMBULO The Border Gover…,
Texas/Texas_15,Texas,d:\NLP_Project_tasks_6_8_11\OCR_output\Texas\Texas_15.txt,,,five years,,found,"[{""text"": ""The participants will embark on these endeavors for a period of five years after the date it is signed by both signatories."", ""timex_text"": ""five years"", ""timex_type"": ""DURATION"", ""timex_value"": ""P5Y""}]",The participants will embark on these endeavors for a period of five years after the date it is signed by both signatori…,
Texas/Texas_16,Texas,d:\NLP_Project_tasks_6_8_11\OCR_output\Texas\Texas_16.txt,2015-01-01,,,,found,"[{""text"": ""In order to coordinate cooperation under this Letter of Intent, the Participants appoint the following areas: The Governor of Texas appoints: the Texas Department of Transportation The SCT appoints: the Direction General for Highway Development Signed in Mexico City on the eighth day of September of two thousand and fifteen, in two original copies in the English and Spanish languages."", ""timex_text"": ""September"", ""timex_type"": ""DATE"", ""timex_value"": ""XXXX-09""}]","In order to coordinate cooperation under this Letter of Intent, the Participants appoint the following areas: The Govern…",
Texas/Texas_17,Texas,d:\NLP_Project_tasks_6_8_11\OCR_output\Texas\Texas_17.txt,2002-12-09,,,,found,"[{""text"": ""ngy Geoffrey Connor Xu hongdao Assistant Secretary of State Assistant Governor The State of Texas The Province of Zhejiang United States of America The People's Republic of China December 9, 2002."", ""timex_text"": ""December 9, 2002"", ""timex_type"": ""DATE"", ""timex_value"": ""2002-12-09""}]",ngy Geoffrey Connor Xu hongdao Assistant Secretary of State Assistant Governor The State of Texas The Province of Zhejia…,
Texas/Texas_18,Texas,d:\NLP_Project_tasks_6_8_11\OCR_output\Texas\Texas_18.txt,,,,,uncertain,"[{""text"": ""( 1 101 (Cmou Geoffrey Connor Zhi Shenghua Assistant Secretary of State Vice Mayor The State of' Texas Tianjin Municipality United States of America The People's Republic of China March 26,2003 Tianjin P.R.C"", ""timex_text"": ""March"", ""timex_type"": ""DATE"", ""timex_value"": ""XXXX-03""}]",( 1 101 (Cmou Geoffrey Connor Zhi Shenghua Assistant Secretary of State Vice Mayor The State of' Texas Tianjin Municipal…,
Texas/Texas_19,Texas,d:\NLP_Project_tasks_6_8_11\OCR_output\Texas\Texas_19.txt,,,,,error,"[{""text"": ""ERROR: not well-formed (invalid token): line 124, column 13""}]","ERROR: not well-formed (invalid token): line 124, column 13","not well-formed (invalid token): line 124, column 13"
Texas/Texas_2,Texas,d:\NLP_Project_tasks_6_8_11\OCR_output\Texas\Texas_2.txt,2004-01-01,2010-06-22,,,found,"[{""text"": ""b) The Northeast Mexico- Texas Region has a population that exceeds 30 million inhabitants, and forecast indicates thatit will exceed 37 million in the year 2010."", ""timex_text"": ""the year 2010"", ""timex_type"": ""DATE"", ""timex_value"": ""2010""}, {""text"": ""The Council of Governors will meet in an ordinary session once a year, and may meet for extraordinary sessions at the leisure of the Council."", ""timex_text"": ""once a year"", ""timex_type"": ""SET"", ""timex_value"": ""P1Y""}, {""text"": ""Read this agreement by the parties, they ratify and sign it, this 22nd of June, 2004, issuing four originals of which each signatory will keep one."", ""timex_text"": ""22nd of June"", ""timex_type"": ""DATE"", ""timex_value"": ""2010-06-22""}, {""text"": ""Read this agreement by the parties, they ratify and sign it, this 22nd of June, 2004, issuing four originals of which each signatory will keep one."", ""timex_text"": ""2004"", ""timex_type"": ""DATE"", ""timex_value"": ""2004""}]","b) The Northeast Mexico- Texas Region has a population that exceeds 30 million inhabitants, and forecast indicates thati…",
Texas/Texas_20,Texas,d:\NLP_Project_tasks_6_8_11\OCR_output\Texas\Texas_20.txt,2001-11-01,2001-11-28,60 days,,found,"[{""text"": ""Whereas Texas and Manitoba, in recognition of sharing the Mid-Continent and Transportation Corridor, extending border-to-bordertoborder in the Trade Continent of North America, Texas Department of Economic Development and Manitoba Department of Industry, Trade, and Mines have established an enduring and positive relationship based on many mutual interests; and Whereas Texas and Manitoba wish to build on the experience of the trade relationship initiated by their participation in the Team Canada West Trade Mission to Texas on November 28, 2001, and Whereas Texas and Manitoba recognize: the dramatic increase in value of trade between all Mid-Continent Trade and Transportation Corridor partners; the growing overall importance of The Mid-Continent Trade and Transportation Corridor trading relationships between Canada and the United States, and between Texas and Manitoba; the increasing need for interrelationships between all Mid-Continent trading partners; the advantages to be derived from the strengthening and broadening of mutually beneficial Mid-Continent trade and investment relations; the value of close consultations and co-operation on Mid-Continent Trade and Transportation Corridor issues and the need to ensure open lines of communication and sharing of publicly available information; and the importance of working together and in concert with their respective federal governments in matters of international and Mid-Continent Corridor trade and transportation significance."", ""timex_text"": ""November 28, 2001"", ""timex_type"": ""DATE"", ""timex_value"": ""2001-11-28""}, {""text"": ""The parties do agree to discuss the terms of a Memorandum of Understanding within 60 days of the date of this letter to explore and further define specific steps toward carrying out the objectives of this Letter of Agreement."", ""timex_text"": ""60 days"", ""timex_type"": ""DURATION"", ""timex_value"": ""P60D""}, {""text"": ""Executed in Dallas, Texas this 28th day of November 2001."", ""timex_text"": ""November 2001"", ""timex_type"": ""DATE"", ""timex_value"": ""2001-11""}]","Whereas Texas and Manitoba, in recognition of sharing the Mid-Continent and Transportation Corridor, extending border-to…",
Texas/Texas_21,Texas,d:\NLP_Project_tasks_6_8_11\OCR_output\Texas\Texas_21.txt,2014-01-01,,,,found,"[{""text"": ""Kick Yerly Zhang Xiangchen Rick Perry Assistant Minister of Commerce Governor Thel People's Republic of China State of Texas, United States of America This Memorandum is signed in Beijing on the Sept 9th in the year 2014."", ""timex_text"": ""Sept 9th"", ""timex_type"": ""DATE"", ""timex_value"": ""XXXX-09-09""}, {""text"": ""Kick Yerly Zhang Xiangchen Rick Perry Assistant Minister of Commerce Governor Thel People's Republic of China State of Texas, United States of America This Memorandum is signed in Beijing on the Sept 9th in the year 2014."", ""timex_text"": ""the year 2014"", ""timex_type"": ""DATE"", ""timex_value"": ""2014""}]",Kick Yerly Zhang Xiangchen Rick Perry Assistant Minister of Commerce Governor Thel People's Republic of China State of T…,
Texas/Texas_22,Texas,d:\NLP_Project_tasks_6_8_11\OCR_output\Texas\Texas_22.txt,1986-01-01,2019-05-23,four years,,found,"[{""text"": ""the Government of the State on October 1st, por Ley de conformidad con lo dispuesto en los 1986."", ""timex_text"": ""October 1st"", ""timex_type"": ""DATE"", ""timex_value"": ""XXXX-10-01""}, {""text"": ""the Government of the State on October 1st, por Ley de conformidad con lo dispuesto en los 1986."", ""timex_text"": ""1986"", ""timex_type"": ""DATE"", ""timex_value"": ""1986""}, {""text"": ""the Government of the State on October 1st, por Ley de conformidad con lo dispuesto en los 1986."", ""timex_text"": ""1986"", ""timex_type"": ""DATE"", ""timex_value"": ""1986""}, {""text"": ""matters, in accordance with Article 31 Part II of the Organic Law of the Executive Power of the Que puede celebrar acuerdos y memorandums State of Chihuahua, published in the Official que beneficien a la comunidad que representa Register of the Government of the State on particularmente en materia ecologica y October 1, 1986."", ""timex_text"": ""October 1, 1986"", ""timex_type"": ""DATE"", ""timex_value"": ""1986-10-01""}, {""text"": ""the Government of the State on October 1st, por Ley de conformidad con lo dispuesto en los 1986."", ""timex_text"": ""1986"", ""timex_type"": ""DATE"", ""timex_value"": ""1986""}]","the Government of the State on October 1st, por Ley de conformidad con lo dispuesto en los 1986.",
Texas/Texas_23,Texas,d:\NLP_Project_tasks_6_8_11\OCR_output\Texas\Texas_23.txt,2014-01-01,,,,found,"[{""text"": ""Cooperation NANDITA BERRY Sun Wenkui Nandita Berry Vice Mayor Secretary of State of Texas Tianjin Municipality, the People's Republic of China State of Texas, United States of America This Memorandum is signed in Tianjin the Sept 12th, in the year 2014."", ""timex_text"": ""Sept 12th"", ""timex_type"": ""DATE"", ""timex_value"": ""XXXX-09-12""}, {""text"": ""Cooperation NANDITA BERRY Sun Wenkui Nandita Berry Vice Mayor Secretary of State of Texas Tianjin Municipality, the People's Republic of China State of Texas, United States of America This Memorandum is signed in Tianjin the Sept 12th, in the year 2014."", ""timex_text"": ""the year 2014"", ""timex_type"": ""DATE"", ""timex_value"": ""2014""}]","Cooperation NANDITA BERRY Sun Wenkui Nandita Berry Vice Mayor Secretary of State of Texas Tianjin Municipality, the Peop…",
Texas/Texas_24,Texas,d:\NLP_Project_tasks_6_8_11\OCR_output\Texas\Texas_24.txt,2019-01-01,2019-08-01,,,found,"[{""text"": ""Signed on this 22nd day of August 2019, in Firmado el 22 de agosto de 2019, en la ciudad Saltillo, Coahuila de Zaragoza, in two original de Saltillo, Coahuila de Zaragoza, en dos copies, both in English and Spanish, both ejemplares originales, en idiomas espanol e texts being equally valid."", ""timex_text"": ""August 2019"", ""timex_type"": ""DATE"", ""timex_value"": ""2019-08""}, {""text"": ""Signed on this 22nd day of August 2019, in Firmado el 22 de agosto de 2019, en la ciudad Saltillo, Coahuila de Zaragoza, in two original de Saltillo, Coahuila de Zaragoza, en dos copies, both in English and Spanish, both ejemplares originales, en idiomas espanol e texts being equally valid."", ""timex_text"": ""2019"", ""timex_type"": ""DATE"", ""timex_value"": ""2019""}]","Signed on this 22nd day of August 2019, in Firmado el 22 de agosto de 2019, en la ciudad Saltillo, Coahuila de Zaragoza,…",
Texas/Texas_25,Texas,d:\NLP_Project_tasks_6_8_11\OCR_output\Texas\Texas_25.txt,2018-06-12,2018-06-12,,,found,"[{""text"": ""MEMORANDUM OF UNDERSTANDING This Memorandum of Understanding is effective as of June 12, 2018 (\""effective date\"") BETWEEN: THE DEPARTMENT OF ECONOMIC DEVELOPMENT AND TRADE THE GOVERNMENT OF ALBERTA (\""ALBERTA\"") And OFFICE OF THE TEXAS SECRETARY OF STATE (\""TEXAS\"") Alberta and Texas (collectively, the \""Participants\"") seek to facilitate and implement opportunities for a long term collaborative relationship to advance the export development, investment attraction, solution oriented research, commercialization and global competitiveness of the energy sector, advanced technologies, and trade and investment in each respective jurisdiction."", ""timex_text"": ""June 12, 2018"", ""timex_type"": ""DATE"", ""timex_value"": ""2018-06-12""}, {""text"": ""The Participants are economically interdependent, share integrated supply chains, and enjoy al bilateral trading relationship in excess of C$13.81 billion and US$10.6 billion (2017)."", ""timex_text"": ""2017"", ""timex_type"": ""DATE"", ""timex_value"": ""2017""}]","MEMORANDUM OF UNDERSTANDING This Memorandum of Understanding is effective as of June 12, 2018 (""effective date"") BETWEEN…",
Texas/Texas_26,Texas,d:\NLP_Project_tasks_6_8_11\OCR_output\Texas\Texas_26.txt,,,thirty days,,found,"[{""text"": ""Notwithstanding any other provision in this Memorandum, the Memorandum may be terminated by either State upon written notice thirty days before the date of termination."", ""timex_text"": ""thirty days"", ""timex_type"": ""DURATION"", ""timex_value"": ""P30D""}]","Notwithstanding any other provision in this Memorandum, the Memorandum may be terminated by either State upon written no…",
Texas/Texas_27,Texas,d:\NLP_Project_tasks_6_8_11\OCR_output\Texas\Texas_27.txt,,,thirty days,,found,"[{""text"": ""Notwithstanding any other provision in this Memorandum, the Memorandum may be terminated by either State upon written notice thirty days before the date of termination."", ""timex_text"": ""thirty days"", ""timex_type"": ""DURATION"", ""timex_value"": ""P30D""}]","Notwithstanding any other provision in this Memorandum, the Memorandum may be terminated by either State upon written no…",
Texas/Texas_28,Texas,d:\NLP_Project_tasks_6_8_11\OCR_output\Texas\Texas_28.txt,,,thirty days,,found,"[{""text"": ""Notwithstanding any other provision in this Memorandum, the Memorandum may be terminated by either State upon written notice thirty days before the date of termination."", ""timex_text"": ""thirty days"", ""timex_type"": ""DURATION"", ""timex_value"": ""P30D""}]","Notwithstanding any other provision in this Memorandum, the Memorandum may be terminated by either State upon written no…",
Texas/Texas_29,Texas,d:\NLP_Project_tasks_6_8_11\OCR_output\Texas\Texas_29.txt,,,thirty days,,found,"[{""text"": ""Notwithstanding any other provision in this Memorandum, the Memorandum may be terminated by either State upon written notice thirty days before the date of termination."", ""timex_text"": ""thirty days"", ""timex_type"": ""DURATION"", ""timex_value"": ""P30D""}]","Notwithstanding any other provision in this Memorandum, the Memorandum may be terminated by either State upon written no…",
Texas/Texas_3,Texas,d:\NLP_Project_tasks_6_8_11\OCR_output\Texas\Texas_3.txt,1993-01-01,2002-04-01,two years,,found,"[{""text"": ""AGREEMENT ON MUTUAL COOPERATION BETWEEN The STATE OF TEXAS Ofthe United States of America and The SHANDONG PROVINCE Ofthe People's Republic of China At the invitation of the Honorable Gwyn Shea, Secretary of State, (hereinafter \""State\""), the Honorable Tingsheng Lin, Vice Governor of Shandong Province (hereinafter \""Province\""), and the Shandong Science, Technology and Economic Delegation, visited the State in April 2002."", ""timex_text"": ""April 2002"", ""timex_type"": ""DATE"", ""timex_value"": ""2002-04""}, {""text"": ""Province and State leadership determined the interpersonal contacts and cooperation in the areas ofbusiness, trade and education between Province and State have grown since the establishment of the Friendship-Province: Agreement in 1993."", ""timex_text"": ""1993"", ""timex_type"": ""DATE"", ""timex_value"": ""1993""}, {""text"": ""ARTICLE III The parties agree to provide such current market information and business contacts to each other upon request and availability."", ""timex_text"": ""current"", ""timex_type"": ""DATE"", ""timex_value"": ""PRESENT_REF""}, {""text"": ""ARTICLE VI This agreement shall enter into force on the date of its signature by the representatives ofboth parties concerned and will remain valid for two years."", ""timex_text"": ""two years"", ""timex_type"": ""DURATION"", ""timex_value"": ""P2Y""}, {""text"": ""It will be extended automatically, by one, year at a time, unless written notice is given by one party to the other for termination ofthe agreement not less than six months before the next date ofexpiration."", ""timex_text"": ""less than six months"", ""timex_type"": ""DURATION"", ""timex_value"": ""P6M""}]",AGREEMENT ON MUTUAL COOPERATION BETWEEN The STATE OF TEXAS Ofthe United States of America and The SHANDONG PROVINCE Ofth…,
Texas/Texas_30,Texas,d:\NLP_Project_tasks_6_8_11\OCR_output\Texas\Texas_30.txt,2004-01-01,,,,found,"[{""text"": ""This Memorandum of Understanding is signed on the 4th of May, 2004 in Austin, Texas, USA."", ""timex_text"": ""the 4th of May"", ""timex_type"": ""DATE"", ""timex_value"": ""XXXX-05-04""}, {""text"": ""This Memorandum of Understanding is signed on the 4th of May, 2004 in Austin, Texas, USA."", ""timex_text"": ""2004"", ""timex_type"": ""DATE"", ""timex_value"": ""2004""}]","This Memorandum of Understanding is signed on the 4th of May, 2004 in Austin, Texas, USA.",
Texas/Texas_31,Texas,d:\NLP_Project_tasks_6_8_11\OCR_output\Texas\Texas_31.txt,2004-01-01,2004-01-08,,,found,"[{""text"": ""from January 7 through 11, 2004, upon the official invitation from Mr."", ""timex_text"": ""January 7"", ""timex_type"": ""DATE"", ""timex_value"": ""XXXX-01-07""}, {""text"": ""from January 7 through 11, 2004, upon the official invitation from Mr."", ""timex_text"": ""2004"", ""timex_type"": ""DATE"", ""timex_value"": ""2004""}, {""text"": ""Rick Perry, the Governor of the State of Texas, USA, and; Whereas, Governor Sumita was warmly received by Governor Perry, Secretary of State Geoff Connor, and representatives and citizens of the State of Texas, and Governor Sumita and Governor Perry discussed and conferred together along with staff and interested parties, and; Whereas, the Shimane Prefecture and the State of Texas intend to promote Industry and to create new jobs in each region respectively; Now, therefore, the Shimane Prefecture and the State of Texas conclude and agree to the following points: 1."", ""timex_text"": ""Now"", ""timex_type"": ""DATE"", ""timex_value"": ""PRESENT_REF""}, {""text"": ""Shimane Prefecture and the State of Texas intend to establish a Task Force to formulate a plan that will be submitted to the Governors by the end of Summer, 2004."", ""timex_text"": ""the end of Summer"", ""timex_type"": ""DATE"", ""timex_value"": ""2004-SU""}, {""text"": ""from January 7 through 11, 2004, upon the official invitation from Mr."", ""timex_text"": ""2004"", ""timex_type"": ""DATE"", ""timex_value"": ""2004""}]","from January 7 through 11, 2004, upon the official invitation from Mr.",
Texas/Texas_32,Texas,d:\NLP_Project_tasks_6_8_11\OCR_output\Texas\Texas_32.txt,,,,,absent,[],,
Texas/Texas_33,Texas,d:\NLP_Project_tasks_6_8_11\OCR_output\Texas\Texas_33.txt,2018-01-01,2018-09-07,,,found,"[{""text"": ""Page 2 of 3 Signed in the City of Saltillo, Coahuila de Zaragoza, on September 7, 2018, in two original copies, in Spanish and English, both texts being equally authentic."", ""timex_text"": ""September 7, 2018"", ""timex_type"": ""DATE"", ""timex_value"": ""2018-09-07""}, {""text"": ""Page 2 of 3 Signed in the City of Saltillo, Coahuila de Zaragoza, on September 7, 2018, in two original copies, in Spanish and English, both texts being equally authentic."", ""timex_text"": ""2018"", ""timex_type"": ""DATE"", ""timex_value"": ""2018""}]","Page 2 of 3 Signed in the City of Saltillo, Coahuila de Zaragoza, on September 7, 2018, in two original copies, in Spani…",
Texas/Texas_34,Texas,d:\NLP_Project_tasks_6_8_11\OCR_output\Texas\Texas_34.txt,2002-12-07,2002-12-07,,,found,"[{""text"": ""Memorandum of Understanding On Trade and Mutual Economic Co-operation between Texas Economic Development (TxED) and the Shangdong Department of Foreign Trade and Economic Cooperation (ShangdongDOFTEC) Whereas TxED and ShangdongDOFTEC, in recognition of increased economic cooperation have established an enduring and positive relationship based on many mutual interests; and Whereas TxED and ShangdongDOFTEC, wish to build on the experience of the Texas Business Mission to China during the month of December 2002; and Whereas TxED and ShangdongDOFTEC, recognize: The dramatic increase in the value of trade between global partners; The overall importance of trade and investment relationships between China and the United States, and between ShangdongDOFTEC and Texas; The increasing need for interrelationships in a global economy; The advantages to be derived from the strengthening and broadening of mutually beneficial trade and investment relations; The value of close consultations and co-operation on trade issues and the need to ensure open lines of communication and sharing of publicly available information; and The importance of working together in matters of international trade significance."", ""timex_text"": ""December 2002"", ""timex_type"": ""DATE"", ""timex_value"": ""2002-12""}, {""text"": ""Fang Xiaojie, Chief of the America and Oceania Division, Shandong Department of Foreign Trade and Economic Cooperation Phone: 86 531 6163571 Fax: 86 531 6912793 Executed in Jinan, People's Republic of China, as of the 7th of December, 2002."", ""timex_text"": ""the 7th of December"", ""timex_type"": ""DATE"", ""timex_value"": ""2002-12-07""}, {""text"": ""Memorandum of Understanding On Trade and Mutual Economic Co-operation between Texas Economic Development (TxED) and the Shangdong Department of Foreign Trade and Economic Cooperation (ShangdongDOFTEC) Whereas TxED and ShangdongDOFTEC, in recognition of increased economic cooperation have established an enduring and positive relationship based on many mutual interests; and Whereas TxED and ShangdongDOFTEC, wish to build on the experience of the Texas Business Mission to China during the month of December 2002; and Whereas TxED and ShangdongDOFTEC, recognize: The dramatic increase in the value of trade between global partners; The overall importance of trade and investment relationships between China and the United States, and between ShangdongDOFTEC and Texas; The increasing need for interrelationships in a global economy; The advantages to be derived from the strengthening and broadening of mutually beneficial trade and investment relations; The value of close consultations and co-operation on trade issues and the need to ensure open lines of communication and sharing of publicly available information; and The importance of working together in matters of international trade significance."", ""timex_text"": ""2002"", ""timex_type"": ""DATE"", ""timex_value"": ""2002""}]",Memorandum of Understanding On Trade and Mutual Economic Co-operation between Texas Economic Development (TxED) and the …,
Texas/Texas_35,Texas,d:\NLP_Project_tasks_6_8_11\OCR_output\Texas\Texas_35.txt,2331-01-01,2331-03-26,,,found,"[{""text"": ""Memorandum of Understanding On Trade and Mutual Economic Co-operation between Texas Economic Development (TxED) and Tianjin Commission of Foreign Trade and Economic Cooperation (TCFTEC) Whereas TxED and TCFTEC, in recognition of increased economic cooperation have established an enduring and positive relationship based on many mutual interests; and Whereas TxED and TCFTEC, wish to build on the experience of the Texas Business Mission to China during the month of March 2003; and Whereas TxED and TCFTEC, recognize: The dramatic increase in the value of trade between global partners; The overall importance of trade and investment relationships between China and the United States, and between TCFTEC and Texas; The increasing need for interrelationships in a global economy; The advantages to be derived from the strengthening and broadening of mutually beneficial trade and investment relations; The value of close consultations and co-operation on trade issues and the need to ensure open lines of communication and sharing of publicly available information; and The importance of working together in matters of international trade significance."", ""timex_text"": ""March 2003"", ""timex_type"": ""DATE"", ""timex_value"": ""2003-03""}, {""text"": ""Jensen Shen, Trade Advisor-Asia/Pacific, Texas Economic Development Phone:1 512 936 0244 Fax: 1 512 936 0445 Tianjin: Foreign Trade Development Department Tianjin Municipal Foreign Economic Relations & Trade Commission Phone: 86 22 2331 3345 Fax: 86 22 2331 5231 Executed in Tianjin, People's Republic of China, as of the 26th of March, 2003."", ""timex_text"": ""2331"", ""timex_type"": ""DATE"", ""timex_value"": ""2331""}, {""text"": ""Jensen Shen, Trade Advisor-Asia/Pacific, Texas Economic Development Phone:1 512 936 0244 Fax: 1 512 936 0445 Tianjin: Foreign Trade Development Department Tianjin Municipal Foreign Economic Relations & Trade Commission Phone: 86 22 2331 3345 Fax: 86 22 2331 5231 Executed in Tianjin, People's Republic of China, as of the 26th of March, 2003."", ""timex_text"": ""2331"", ""timex_type"": ""DATE"", ""timex_value"": ""2331""}, {""text"": ""Jensen Shen, Trade Advisor-Asia/Pacific, Texas Economic Development Phone:1 512 936 0244 Fax: 1 512 936 0445 Tianjin: Foreign Trade Development Department Tianjin Municipal Foreign Economic Relations & Trade Commission Phone: 86 22 2331 3345 Fax: 86 22 2331 5231 Executed in Tianjin, People's Republic of China, as of the 26th of March, 2003."", ""timex_text"": ""the 26th of March"", ""timex_type"": ""DATE"", ""timex_value"": ""2331-03-26""}, {""text"": ""Memorandum of Understanding On Trade and Mutual Economic Co-operation between Texas Economic Development (TxED) and Tianjin Commission of Foreign Trade and Economic Cooperation (TCFTEC) Whereas TxED and TCFTEC, in recognition of increased economic cooperation have established an enduring and positive relationship based on many mutual interests; and Whereas TxED and TCFTEC, wish to build on the experience of the Texas Business Mission to China during the month of March 2003; and Whereas TxED and TCFTEC, recognize: The dramatic increase in the value of trade between global partners; The overall importance of trade and investment relationships between China and the United States, and between TCFTEC and Texas; The increasing need for interrelationships in a global economy; The advantages to be derived from the strengthening and broadening of mutually beneficial trade and investment relations; The value of close consultations and co-operation on trade issues and the need to ensure open lines of communication and sharing of publicly available information; and The importance of working together in matters of international trade significance."", ""timex_text"": ""2003"", ""timex_type"": ""DATE"", ""timex_value"": ""2003""}]",Memorandum of Understanding On Trade and Mutual Economic Co-operation between Texas Economic Development (TxED) and Tian…,
Texas/Texas_36,Texas,d:\NLP_Project_tasks_6_8_11\OCR_output\Texas\Texas_36.txt,2002-12-09,2002-12-09,,,found,"[{""text"": ""Memorandum of Understanding on Trade and Mutual Economic Co-operation between Texas Economic Development (TXED) and Zhejiang Provincial People's Government Foreign Trade & Economic Cooperation Bureau (ZFTEC) Whereas TXED and ZFTEC, in recognition of increased economic cooperation have established an enduring and positive relationship based on many mutual interests; and Whereas TxED and ZRTEC, wish to build on the experience of the Texas Business Mission to China during the month of December 2002; and Whereas TxED and ZFTEC, recognize: The dramatic increase in the 4 value oftrade between global partners; The overall importance of trade and investment relationships between China and the United States, and between Zhejiang and Texas; The increasing need for interrelationsbips in a global economy; Theadvantages to be derived from the strengthening and broadening of mutually beneficial trade.and investment relations; Thevalue of further consultations and co-operation on trade issues and the need to ensure open lines of communication and sharing of publicly available nfor mation; and Theimportance of working together in matters of international trade mitichace erefar a ofprometing closer relations, TXED and ZFTECintend to work a à lestpossible extent consistent with law, existing treaties, and * oftheir respective state or proyince and nation to: acilitate ollateraltradedeyelopments nes a operation in investmen de and cconomic 001 preliminary objectives: commercial cooperation on an international level, of products, A."", ""timex_text"": ""December 2002"", ""timex_type"": ""DATE"", ""timex_value"": ""2002-12""}, {""text"": ""Exeçuted a in Hangzhou, People's Republic of China, as of the 9th of December, 2002."", ""timex_text"": ""the 9th of December"", ""timex_type"": ""DATE"", ""timex_value"": ""2002-12-09""}, {""text"": ""Memorandum of Understanding on Trade and Mutual Economic Co-operation between Texas Economic Development (TXED) and Zhejiang Provincial People's Government Foreign Trade & Economic Cooperation Bureau (ZFTEC) Whereas TXED and ZFTEC, in recognition of increased economic cooperation have established an enduring and positive relationship based on many mutual interests; and Whereas TxED and ZRTEC, wish to build on the experience of the Texas Business Mission to China during the month of December 2002; and Whereas TxED and ZFTEC, recognize: The dramatic increase in the 4 value oftrade between global partners; The overall importance of trade and investment relationships between China and the United States, and between Zhejiang and Texas; The increasing need for interrelationsbips in a global economy; Theadvantages to be derived from the strengthening and broadening of mutually beneficial trade.and investment relations; Thevalue of further consultations and co-operation on trade issues and the need to ensure open lines of communication and sharing of publicly available nfor mation; and Theimportance of working together in matters of international trade mitichace erefar a ofprometing closer relations, TXED and ZFTECintend to work a à lestpossible extent consistent with law, existing treaties, and * oftheir respective state or proyince and nation to: acilitate ollateraltradedeyelopments nes a operation in investmen de and cconomic 001 preliminary objectives: commercial cooperation on an international level, of products, A."", ""timex_text"": ""2002"", ""timex_type"": ""DATE"", ""timex_value"": ""2002""}]",Memorandum of Understanding on Trade and Mutual Economic Co-operation between Texas Economic Development (TXED) and Zhej…,
Texas/Texas_37,Texas,d:\NLP_Project_tasks_6_8_11\OCR_output\Texas\Texas_37.txt,2007-06-01,,,,found,"[{""text"": ""Memorandum of Understanding On Trade and Mutual Economic Co-operation Between Texas Office of the Governor, Economic Development & Tourism (OOGEDT) And the Fujian Department of Foreign Trade and Economic Cooperation (Fujian DOFTEC) Whereas Texas OOGEDT and Fujian DOFTEC, in recognition ofincreased economic Cooperation have established an enduring and positive relationship based on many mutual interests; and Whereas OOGEDT and Fuian (DOFTEC), wish to build on the experience of the Texas Business & Investment Mission to China during the month of June 2007; and Whereas OOGEDT and Fujian DOFTEC, recoguize: The dramatic increase in the value of trade between global partners; The overall importance of trade and investment relationships between China and the United States, and between Fujian and Texas; The increasing need for interrelationship in a global economy; The advantages to be derived from the strengthening and broadening of mutually beneficial trade and investment relations; - The value of close consultations and co-operation on trade issues and the need to ensure open lines of communication and sharing of publicly available information; and The importance ofworking together in matters of international trade significance."", ""timex_text"": ""June 2007"", ""timex_type"": ""DATE"", ""timex_value"": ""2007-06""}]","Memorandum of Understanding On Trade and Mutual Economic Co-operation Between Texas Office of the Governor, Economic Dev…",
Texas/Texas_38,Texas,d:\NLP_Project_tasks_6_8_11\OCR_output\Texas\Texas_38.txt,2002-01-01,2002-05-01,,,found,"[{""text"": ""Marketing the Lone Star State.\"" TM Memorandum of Understanding On Trade and Mutual Economic Co-operation Between the Texas Department of Economic Development (TXED) And the Suzhou Municipal Foreign Trade and Economic Cooperation (SUMFTEC) Whereas TxED and SUMFTEC, in recognition of increased economic cooperation have established an enduring and positive relationship based on many mutual interests; and Whereas TxED and SuMFTEC wish to build on the experience ofthe Texas Business Mission to China during the month ofl May 2002; and Whereas TxED and SuMFTEC recognize: The dramatic increase in the value of trade between global partners; e The overall importance of trade and investment relationships between China and the United States, and between Suzhou and Texas; The increasing need for interrelationships in a global economy; The advantages to be derived from the strengthening and broadening of mutually beneficial trade and investment relations; The value of close consultations and co-operation on trade issues and the need to ensure open lines of communication and sharing of publicly available information; and The importance or working together in matters of international trade significance."", ""timex_text"": ""May 2002"", ""timex_type"": ""DATE"", ""timex_value"": ""2002-05""}, {""text"": ""Marketing the Lone Star State.\"" TM Memorandum of Understanding On Trade and Mutual Economic Co-operation Between the Texas Department of Economic Development (TXED) And the Suzhou Municipal Foreign Trade and Economic Cooperation (SUMFTEC) Whereas TxED and SUMFTEC, in recognition of increased economic cooperation have established an enduring and positive relationship based on many mutual interests; and Whereas TxED and SuMFTEC wish to build on the experience ofthe Texas Business Mission to China during the month ofl May 2002; and Whereas TxED and SuMFTEC recognize: The dramatic increase in the value of trade between global partners; e The overall importance of trade and investment relationships between China and the United States, and between Suzhou and Texas; The increasing need for interrelationships in a global economy; The advantages to be derived from the strengthening and broadening of mutually beneficial trade and investment relations; The value of close consultations and co-operation on trade issues and the need to ensure open lines of communication and sharing of publicly available information; and The importance or working together in matters of international trade significance."", ""timex_text"": ""2002"", ""timex_type"": ""DATE"", ""timex_value"": ""2002""}]","Marketing the Lone Star State."" TM Memorandum of Understanding On Trade and Mutual Economic Co-operation Between the Tex…",
Texas/Texas_39,Texas,d:\NLP_Project_tasks_6_8_11\OCR_output\Texas\Texas_39.txt,2002-01-01,2002-05-01,,,found,"[{""text"": ""Memorandum of Understanding On Trade, Investment, and Mutual Economic Co-operation Between the Texas Department of Economic Development (TxED) And the Shanghai Municipal Foreign Economic Relations & Trade Commission (SMERT) Whereas TxED and SMERT, in recognition of increased economic cooperation have established an enduring and positive relationship based on many mutual interests; and Whereas TxED and SMERT wish to build on the experience of the Texas Business Mission to China during the month of May 2002; and Whereas TxED and SMERT: recognize: The dramatic increase in the value of trade between global partners; The overall importance of trade and investment relationships between China and the United States, and between Shanghai and Texas; The advantages to be derived from the strengthening and broadening of mutually beneficial trade and investment relations; The value of close consultations and co-operation on trade issues and the need to ensure open lines of communication and sharing of publicly available information; and The importance of working together in matters of international trade significance."", ""timex_text"": ""May 2002"", ""timex_type"": ""DATE"", ""timex_value"": ""2002-05""}, {""text"": ""Memorandum of Understanding On Trade, Investment, and Mutual Economic Co-operation Between the Texas Department of Economic Development (TxED) And the Shanghai Municipal Foreign Economic Relations & Trade Commission (SMERT) Whereas TxED and SMERT, in recognition of increased economic cooperation have established an enduring and positive relationship based on many mutual interests; and Whereas TxED and SMERT wish to build on the experience of the Texas Business Mission to China during the month of May 2002; and Whereas TxED and SMERT: recognize: The dramatic increase in the value of trade between global partners; The overall importance of trade and investment relationships between China and the United States, and between Shanghai and Texas; The advantages to be derived from the strengthening and broadening of mutually beneficial trade and investment relations; The value of close consultations and co-operation on trade issues and the need to ensure open lines of communication and sharing of publicly available information; and The importance of working together in matters of international trade significance."", ""timex_text"": ""2002"", ""timex_type"": ""DATE"", ""timex_value"": ""2002""}]","Memorandum of Understanding On Trade, Investment, and Mutual Economic Co-operation Between the Texas Department of Econo…",
Texas/Texas_4,Texas,d:\NLP_Project_tasks_6_8_11\OCR_output\Texas\Texas_4.txt,1997-12-01,2000-01-01,11 day,,found,"[{""text"": ""Estado de Nuevo Leon, sections 4,11,16, and 21 VIII, XII, XIII; and WHEREAS, the aims and objectives of SEDEC include the promotion and stimulation of international trade and commerce and the fostering ofmutual commercial exchanges and alliances; and WHEREAS, an objective ofthe Nuevo Leon Development State Plan \""Plan Estatal de Desarrollo 1997-2003\""is to foster the exportation ofproducts and services and to attract foreign investmentand new technologies to the State ofNuevo Leon; and WHEREAS, thej powers and duties ofthe Texas Department ofEconomic Development (hereinafter Department) are codified at Texas Government Code, Chapter 481; and WHEREAS, the duties ofthe Department include the promotion ofinternational trade and tourism in Texas; NOW, THEREFORE, be it resolved that the two departments will work cooperatively to increase business and tourism between the State ofNuevo Leon and the State ofTexas, and toward that goal agree to use best efforts to advance such programs and initiatives of mutual benefit and concem as may be identified from time to time, including, as follows: * Maintain open dialogue and communication * Promote and develop airline connections Organize meetings and trade missions * Initiate a regional strategic plan to strengthen economic development along our common border * Share technological advances and experience in lake management and fishing * Promote the establishment of cross-border trade corridors for the shipment of goods * Develop trade corridors between the State ofNuevo Leon and the State of Texas * Establishjoint programs orientedtowards developing suppliers for thein-bond(maquiladora) industry Exchange statistics on border crossings * Share information to increase workforce productivity and micro and small business development * Strengthen educational exchanges in areas related to economic development * Support the development of the marketing plan for the Two Nation Vacation Program and the efforts of the Frontera Norte Program * Support a joint study of the winter tourism market * Support the exchange ofinformation on tourism market initiatives * Promote cultural exchanges, particularly of literature, music, and sports Promote the exchangeoftourism) products such as ecotourism, health, adventure, fishing, and hunting tourism * Promote the establishment ofi information booths at international crossings Provide each other with information relating to companies and individuals who wish to conduct commercial transactions * Advise each other of business opportunities, including opportunities for licensing, distributor, and representation agreements; joint ventures; investments; acquisitions; and other transactions of interest * Provide assistance and advice when visiting each other's state This document is not intended to be legally binding upon the parties, but represents a memorandum ofmutual understanding, alliance, and cooperation."", ""timex_text"": ""1997"", ""timex_type"": ""DATE"", ""timex_value"": ""1997""}, {""text"": ""Estado de Nuevo Leon, sections 4,11,16, and 21 VIII, XII, XIII; and WHEREAS, the aims and objectives of SEDEC include the promotion and stimulation of international trade and commerce and the fostering ofmutual commercial exchanges and alliances; and WHEREAS, an objective ofthe Nuevo Leon Development State Plan \""Plan Estatal de Desarrollo 1997-2003\""is to foster the exportation ofproducts and services and to attract foreign investmentand new technologies to the State ofNuevo Leon; and WHEREAS, thej powers and duties ofthe Texas Department ofEconomic Development (hereinafter Department) are codified at Texas Government Code, Chapter 481; and WHEREAS, the duties ofthe Department include the promotion ofinternational trade and tourism in Texas; NOW, THEREFORE, be it resolved that the two departments will work cooperatively to increase business and tourism between the State ofNuevo Leon and the State ofTexas, and toward that goal agree to use best efforts to advance such programs and initiatives of mutual benefit and concem as may be identified from time to time, including, as follows: * Maintain open dialogue and communication * Promote and develop airline connections Organize meetings and trade missions * Initiate a regional strategic plan to strengthen economic development along our common border * Share technological advances and experience in lake management and fishing * Promote the establishment of cross-border trade corridors for the shipment of goods * Develop trade corridors between the State ofNuevo Leon and the State of Texas * Establishjoint programs orientedtowards developing suppliers for thein-bond(maquiladora) industry Exchange statistics on border crossings * Share information to increase workforce productivity and micro and small business development * Strengthen educational exchanges in areas related to economic development * Support the development of the marketing plan for the Two Nation Vacation Program and the efforts of the Frontera Norte Program * Support a joint study of the winter tourism market * Support the exchange ofinformation on tourism market initiatives * Promote cultural exchanges, particularly of literature, music, and sports Promote the exchangeoftourism) products such as ecotourism, health, adventure, fishing, and hunting tourism * Promote the establishment ofi information booths at international crossings Provide each other with information relating to companies and individuals who wish to conduct commercial transactions * Advise each other of business opportunities, including opportunities for licensing, distributor, and representation agreements; joint ventures; investments; acquisitions; and other transactions of interest * Provide assistance and advice when visiting each other's state This document is not intended to be legally binding upon the parties, but represents a memorandum ofmutual understanding, alliance, and cooperation."", ""timex_text"": ""the winter"", ""timex_type"": ""DATE"", ""timex_value"": ""1997-WI""}, {""text"": ""IN ACCORD HEREWITH, witness our hands effective this 11 day of December, 2000."", ""timex_text"": ""11 day"", ""timex_type"": ""DURATION"", ""timex_value"": ""P11D""}, {""text"": ""IN ACCORD HEREWITH, witness our hands effective this 11 day of December, 2000."", ""timex_text"": ""December"", ""timex_type"": ""DATE"", ""timex_value"": ""1997-12""}, {""text"": ""IN ACCORD HEREWITH, witness our hands effective this 11 day of December, 2000."", ""timex_text"": ""2000"", ""timex_type"": ""DATE"", ""timex_value"": ""2000""}]","Estado de Nuevo Leon, sections 4,11,16, and 21 VIII, XII, XIII; and WHEREAS, the aims and objectives of SEDEC include th…",
Texas/Texas_40,Texas,d:\NLP_Project_tasks_6_8_11\OCR_output\Texas\Texas_40.txt,2005-01-01,2005-04-01,two years,,found,"[{""text"": ""TEXAS WIDE OPEN FoR BUSINESS\"" Memorandum of Understanding On Trade, Tourism, and Mutual Economic Co-operation Between The Office of the Governor of Texas, Economic Development & Tourism Division (EDT) And The Yangzhou Municipal City (YMC) Whereas EDT and YMC, in recognition of increased economic cooperation have established an enduring and positive relationship based on many mutual interests; and Whereas EDT and YMC, wish to build on the experience of the Texas Business Mission to China during the month of April 2005; and Whereas EDT and YMC, recognize: The dramatic increase in the value of trade between global partners; The overall importance of trade and investment relationships between China and the United States, and between Yangzhou and Texas; The increasing need for interrelationships in a global economy; The advantages to be derived from the strengthening and broadening of mutually beneficial trade and investment relations; The value of close consultations and co-operation on trade issues and the need to ensure open lines of communication and sharing of publicly available information; and The importance or working together in matters of international trade significance; and Whereas to carry out these objectives, the two parties agree to promote the expansion of trade and business relations between the State of Texas and Yangzhou City."", ""timex_text"": ""April 2005"", ""timex_type"": ""DATE"", ""timex_value"": ""2005-04""}, {""text"": ""Now therefore, in a spirit of promoting closer relations, EDT and Yangzhou, intend to work CO- operatively to the fullest possible extent consistent with law, existing treaties, and privacy requirements of their respective state or province and nation to: Promote and facilitate bilateral trade; Promote and encourage co-operation in tourism; Coordinate activities in international development; Promote their ongoing relationship."", ""timex_text"": ""Now"", ""timex_type"": ""DATE"", ""timex_value"": ""PRESENT_REF""}, {""text"": ""This agreement shall enter into force on the date of its signature by the representatives of both parties concerned and will remain valid for two years."", ""timex_text"": ""two years"", ""timex_type"": ""DURATION"", ""timex_value"": ""P2Y""}, {""text"": ""It will be extended automatically, one year at a time, unless written notice is given by one party to the other for termination of the agreement not less than six months before the next date of expiration."", ""timex_text"": ""one year"", ""timex_type"": ""DURATION"", ""timex_value"": ""P1Y""}, {""text"": ""It will be extended automatically, one year at a time, unless written notice is given by one party to the other for termination of the agreement not less than six months before the next date of expiration."", ""timex_text"": ""less than six months"", ""timex_type"": ""DURATION"", ""timex_value"": ""P6M""}]","TEXAS WIDE OPEN FoR BUSINESS"" Memorandum of Understanding On Trade, Tourism, and Mutual Economic Co-operation Between Th…",
Texas/Texas_41,Texas,d:\NLP_Project_tasks_6_8_11\OCR_output\Texas\Texas_41.txt,2001-04-01,2002-01-01,over the last five years,,found,"[{""text"": ""S MANITOBA TEXAS MEMORANDUM OF UNDERSTANDING ON TRADE, TOURISM AND MUTUAL ECONOMIC CO-OPERATION BETWEEN THE STATE OF TEXAS AND THE PROVINCE OF MANITOBA 21 WHEREAS the State of Texas and the Province of Manitoba, in recognition of sharing the Mid-Continent Trade and Transportation Corridor, extending border-to-border-to-border in the Continent of North America, have established an enduring and positive relationship based on mutual interests; and WHEREAS Texas and Manitoba have a strong and growing trade relationship and wish to build upon the experience of their participation in the Team Canada West Trade Mission to Texas on November 27-29, 2001; and WHEREAS Texas and Manitoba recognize: the dramatic increase in the value of trade between all Mid-Continent Trade and Transportation Corridor partners and the significant 78 percent increase in trade between the state and the province over the last five years; the growing overall importance of the Mid-Continent Trade and Transportation Corridor trade relationships between Canada, the United States and Mexico and between Texas and Manitoba; the increasing need for interrelationships between all Mid-Continent trading partners; the advantages to be derived from strengthening and broadening of mutually beneficial Mid-Continent trade and investment relations; the value of close consultations and cooperation on Mid-Continent Trade Corridor issues and the need to ensure open lines of communication and sharing of publidy available information; and the importance of working together and in concert with their respective federal governments in matters of international and Mid-Continent corridor trade significance."", ""timex_text"": ""November 27"", ""timex_type"": ""DATE"", ""timex_value"": ""2001-11-27""}, {""text"": ""S MANITOBA TEXAS MEMORANDUM OF UNDERSTANDING ON TRADE, TOURISM AND MUTUAL ECONOMIC CO-OPERATION BETWEEN THE STATE OF TEXAS AND THE PROVINCE OF MANITOBA 21 WHEREAS the State of Texas and the Province of Manitoba, in recognition of sharing the Mid-Continent Trade and Transportation Corridor, extending border-to-border-to-border in the Continent of North America, have established an enduring and positive relationship based on mutual interests; and WHEREAS Texas and Manitoba have a strong and growing trade relationship and wish to build upon the experience of their participation in the Team Canada West Trade Mission to Texas on November 27-29, 2001; and WHEREAS Texas and Manitoba recognize: the dramatic increase in the value of trade between all Mid-Continent Trade and Transportation Corridor partners and the significant 78 percent increase in trade between the state and the province over the last five years; the growing overall importance of the Mid-Continent Trade and Transportation Corridor trade relationships between Canada, the United States and Mexico and between Texas and Manitoba; the increasing need for interrelationships between all Mid-Continent trading partners; the advantages to be derived from strengthening and broadening of mutually beneficial Mid-Continent trade and investment relations; the value of close consultations and cooperation on Mid-Continent Trade Corridor issues and the need to ensure open lines of communication and sharing of publidy available information; and the importance of working together and in concert with their respective federal governments in matters of international and Mid-Continent corridor trade significance."", ""timex_text"": ""29, 2001"", ""timex_type"": ""DATE"", ""timex_value"": ""2001-11-29""}, {""text"": ""S MANITOBA TEXAS MEMORANDUM OF UNDERSTANDING ON TRADE, TOURISM AND MUTUAL ECONOMIC CO-OPERATION BETWEEN THE STATE OF TEXAS AND THE PROVINCE OF MANITOBA 21 WHEREAS the State of Texas and the Province of Manitoba, in recognition of sharing the Mid-Continent Trade and Transportation Corridor, extending border-to-border-to-border in the Continent of North America, have established an enduring and positive relationship based on mutual interests; and WHEREAS Texas and Manitoba have a strong and growing trade relationship and wish to build upon the experience of their participation in the Team Canada West Trade Mission to Texas on November 27-29, 2001; and WHEREAS Texas and Manitoba recognize: the dramatic increase in the value of trade between all Mid-Continent Trade and Transportation Corridor partners and the significant 78 percent increase in trade between the state and the province over the last five years; the growing overall importance of the Mid-Continent Trade and Transportation Corridor trade relationships between Canada, the United States and Mexico and between Texas and Manitoba; the increasing need for interrelationships between all Mid-Continent trading partners; the advantages to be derived from strengthening and broadening of mutually beneficial Mid-Continent trade and investment relations; the value of close consultations and cooperation on Mid-Continent Trade Corridor issues and the need to ensure open lines of communication and sharing of publidy available information; and the importance of working together and in concert with their respective federal governments in matters of international and Mid-Continent corridor trade significance."", ""timex_text"": ""over the last five years"", ""timex_type"": ""DURATION"", ""timex_value"": ""P5Y""}, {""text"": ""Now, therefore, in the spirit of promoting closer relationships, the State of Texas and the Province ofl Manitoba intend to work co-operatively to the fullest possible extent consistent with the law and existing treaties between their respective nations to: 1."", ""timex_text"": ""Now"", ""timex_type"": ""DATE"", ""timex_value"": ""PRESENT_REF""}, {""text"": ""Promote and Facilitate Bilateral Trade Bilateral trade between Texas and Manitoba now approaches US $480 million annually."", ""timex_text"": ""now"", ""timex_type"": ""DATE"", ""timex_value"": ""PRESENT_REF""}]","S MANITOBA TEXAS MEMORANDUM OF UNDERSTANDING ON TRADE, TOURISM AND MUTUAL ECONOMIC CO-OPERATION BETWEEN THE STATE OF TEX…",
Texas/Texas_42,Texas,d:\NLP_Project_tasks_6_8_11\OCR_output\Texas\Texas_42.txt,2002-01-01,2002-01-01,,,found,"[{""text"": ""MosugTNSErsak\"" he t FN i 3 * Memorandum of Understanding - OnTrade, Tourism, andMutual EconomicCo-operation At Between the Texas Department of Economic Development (TXED) A A0OSN - - Andthe a NA a * NA Provincial Department of Foreign Economic and Trade sit Commission of Shaanxi Province (Shaanxi) Whereas TxED and Shaanti, in recognition ofi increased economic cooperation have established an enduring and positive relationship based on many mutual interests; and Whereas TXED and Shaana wish to build on the experience of the Texas Business Mission to China during the month ofMay 2002; and - Whereas TXED and Shaand recognize: The dramatic increase in the value oftrade between global Tho importance oftrade and investment relationships China and the S Fpateeen United aselir and between Shaanxi and Texas, T fre00 ( stratie e à The increesing need for interrelationships in a global economy, The advantages to be derived from the strengthening and broadening of mutually ficial ade and investment relations; ue close consultations and cooperation on tradeissues and the need to ensure nication and sharing of publicly available information; and together in matters of international trade significance."", ""timex_text"": ""2002"", ""timex_type"": ""DATE"", ""timex_value"": ""2002""}, {""text"": ""MosugTNSErsak\"" he t FN i 3 * Memorandum of Understanding - OnTrade, Tourism, andMutual EconomicCo-operation At Between the Texas Department of Economic Development (TXED) A A0OSN - - Andthe a NA a * NA Provincial Department of Foreign Economic and Trade sit Commission of Shaanxi Province (Shaanxi) Whereas TxED and Shaanti, in recognition ofi increased economic cooperation have established an enduring and positive relationship based on many mutual interests; and Whereas TXED and Shaana wish to build on the experience of the Texas Business Mission to China during the month ofMay 2002; and - Whereas TXED and Shaand recognize: The dramatic increase in the value oftrade between global Tho importance oftrade and investment relationships China and the S Fpateeen United aselir and between Shaanxi and Texas, T fre00 ( stratie e à The increesing need for interrelationships in a global economy, The advantages to be derived from the strengthening and broadening of mutually ficial ade and investment relations; ue close consultations and cooperation on tradeissues and the need to ensure nication and sharing of publicly available information; and together in matters of international trade significance."", ""timex_text"": ""2002"", ""timex_type"": ""DATE"", ""timex_value"": ""2002""}]","MosugTNSErsak"" he t FN i 3 * Memorandum of Understanding - OnTrade, Tourism, andMutual EconomicCo-operation At Between t…",
Texas/Texas_43,Texas,d:\NLP_Project_tasks_6_8_11\OCR_output\Texas\Texas_43.txt,2002-01-01,2002-05-01,,,found,"[{""text"": ""Marketing the Lone Star State.' TM Memorandum of Understanding On Trade, Tourism, and Mutual Economic Co-operation Between the Texas Department of Economic Development (TXED) And the Provincial Department of Trade and Economic Cooperation of Shaanxi Province (Shaanxi TEC) Whereas TxED and Shaanxi TEC, in recognition of increased economic cooperation have established an enduring and positive relationship based on many mutual interests; and Whereas TxED and Shaanxi TEC wish to build on the experience of the Texas Business Mission to China during the month of May 2002; and Whereas TxED and Shaanxi TEC recognize: D The dramatic increase in the value of trade between global partners; The overall importance oftrade and investment relationships between China and the United States, and between Shaanxi and Texas; The increasing need for interrelationships in a global economy; The advantages to be derived from the strengthening and broadening of mutually beneficial trade and investment relations; The value of close consultations and co-operation on trade issues and the need to ensure open lines of communication and sharing of publicly available information; and The importance or working together in matters of international trade significance."", ""timex_text"": ""May 2002"", ""timex_type"": ""DATE"", ""timex_value"": ""2002-05""}, {""text"": ""Marketing the Lone Star State.' TM Memorandum of Understanding On Trade, Tourism, and Mutual Economic Co-operation Between the Texas Department of Economic Development (TXED) And the Provincial Department of Trade and Economic Cooperation of Shaanxi Province (Shaanxi TEC) Whereas TxED and Shaanxi TEC, in recognition of increased economic cooperation have established an enduring and positive relationship based on many mutual interests; and Whereas TxED and Shaanxi TEC wish to build on the experience of the Texas Business Mission to China during the month of May 2002; and Whereas TxED and Shaanxi TEC recognize: D The dramatic increase in the value of trade between global partners; The overall importance oftrade and investment relationships between China and the United States, and between Shaanxi and Texas; The increasing need for interrelationships in a global economy; The advantages to be derived from the strengthening and broadening of mutually beneficial trade and investment relations; The value of close consultations and co-operation on trade issues and the need to ensure open lines of communication and sharing of publicly available information; and The importance or working together in matters of international trade significance."", ""timex_text"": ""2002"", ""timex_type"": ""DATE"", ""timex_value"": ""2002""}]","Marketing the Lone Star State.' TM Memorandum of Understanding On Trade, Tourism, and Mutual Economic Co-operation Betwe…",
Texas/Texas_44,Texas,d:\NLP_Project_tasks_6_8_11\OCR_output\Texas\Texas_44.txt,1978-01-01,,"at least 30
days",,found,"[{""text"": ""Group framework The Rermuda Monetary Authority has determined that it is the Group Supervisor of the Group in accordance with the provisions of the Insurance Act 1978 (the \""Act\"")."", ""timex_text"": ""1978"", ""timex_type"": ""DATE"", ""timex_value"": ""1978""}, {""text"": ""The retiring Supervisor may continue to cooperate and exchange information according to this MMOU during the 30 days' notice period until its actual retirement date."", ""timex_text"": ""the 30 days"", ""timex_type"": ""DURATION"", ""timex_value"": ""P30D""}]",Group framework The Rermuda Monetary Authority has determined that it is the Group Supervisor of the Group in accordance…,
Texas/Texas_45,Texas,d:\NLP_Project_tasks_6_8_11\OCR_output\Texas\Texas_45.txt,2006-01-01,2006-01-01,30 day,,found,"[{""text"": ""The original driver license issued by the Republic of China (Taiwan) will be returned to the Taipei Economic and Cultural Office in Houston at the following address: Taipei Economic and Cultural Office in Houston Attn: Consular Officer, Consular Division 11 Greenway Plaza, Suite 2006 Houston, Texas 77046 8."", ""timex_text"": ""2006"", ""timex_type"": ""DATE"", ""timex_value"": ""2006""}, {""text"": ""The original driver license issued by the Republic of China (Taiwan) will be returned to the Taipei Economic and Cultural Office in Houston at the following address: Taipei Economic and Cultural Office in Houston Attn: Consular Officer, Consular Division 11 Greenway Plaza, Suite 2006 Houston, Texas 77046 8."", ""timex_text"": ""2006"", ""timex_type"": ""DATE"", ""timex_value"": ""2006""}, {""text"": ""This agreement shall enter into force upon the signature of both Parties, and may be cancelled or revoked in writing by either Party at any time and for any reason with 30 day written notice, except in the case of misuse of data or a security breach, in which case each Party may immediately terminate the agreement."", ""timex_text"": ""30 day"", ""timex_type"": ""DURATION"", ""timex_value"": ""P30D""}]",The original driver license issued by the Republic of China (Taiwan) will be returned to the Taipei Economic and Cultura…,
Texas/Texas_46,Texas,d:\NLP_Project_tasks_6_8_11\OCR_output\Texas\Texas_46.txt,2003-01-01,2003-01-01,,,found,"[{""text"": ""Belo Horizonte, Brazil, July 29, Belo Horizonte, Brasil, no dia 29 de 2003."", ""timex_text"": ""July 29"", ""timex_type"": ""DATE"", ""timex_value"": ""XXXX-07-29""}, {""text"": ""Belo Horizonte, Brazil, July 29, Belo Horizonte, Brasil, no dia 29 de 2003."", ""timex_text"": ""2003"", ""timex_type"": ""DATE"", ""timex_value"": ""2003""}, {""text"": ""Belo Horizonte, Brazil, July 29, Belo Horizonte, Brasil, no dia 29 de 2003."", ""timex_text"": ""2003"", ""timex_type"": ""DATE"", ""timex_value"": ""2003""}]","Belo Horizonte, Brazil, July 29, Belo Horizonte, Brasil, no dia 29 de 2003.",
Texas/Texas_47,Texas,d:\NLP_Project_tasks_6_8_11\OCR_output\Texas\Texas_47.txt,,,30 days,,found,"[{""text"": ""08-1446c-S31 3 Translation THIS AGREEMENT SHALL ENTER into force upon signature by both parties and may be suspended or revoked by either party at any time, for any reason, upon 30 days written notice to the other party at the addresses listed below."", ""timex_text"": ""30 days"", ""timex_type"": ""DURATION"", ""timex_value"": ""P30D""}, {""text"": ""27/03109 Signature Date Sighature Date Oscar Ybarra (sgd) Rudiger May Chief of Finance Referatsleiter Texas Department of Bundesministerium fur Verkehr, Bau und Public Safety Stadtentwicklung PF 4087 Postfach 20 01 00 Austin, Texas 78773 53170 Bonn U.S.A."", ""timex_text"": ""May"", ""timex_type"": ""DATE"", ""timex_value"": ""XXXX-05""}]",08-1446c-S31 3 Translation THIS AGREEMENT SHALL ENTER into force upon signature by both parties and may be suspended or …,
Texas/Texas_48,Texas,d:\NLP_Project_tasks_6_8_11\OCR_output\Texas\Texas_48.txt,2019-09-27,2021-08-31,,explicit,found,"[{""text"": ""This Statement of Mutual Cooperation is intended to be in place until August 31, 2021."", ""timex_text"": ""August 31, 2021"", ""timex_type"": ""DATE"", ""timex_value"": ""2021-08-31""}, {""text"": ""Signed in Tokyo, Japan, on September 27, 2019, in recognition of the above articles."", ""timex_text"": ""September 27, 2019"", ""timex_type"": ""DATE"", ""timex_value"": ""2019-09-27""}]","This Statement of Mutual Cooperation is intended to be in place until August 31, 2021.",
Texas/Texas_49,Texas,d:\NLP_Project_tasks_6_8_11\OCR_output\Texas\Texas_49.txt,,,five years,,found,"[{""text"": ""This SMC shall become effective on the date of last signature below and shall remain in effect for a period of five years."", ""timex_text"": ""five years"", ""timex_type"": ""DURATION"", ""timex_value"": ""P5Y""}, {""text"": ""The SMC can be renewed for successive five-year periods by a mutual decision of the participants."", ""timex_text"": ""five-year"", ""timex_type"": ""DURATION"", ""timex_value"": ""P5Y""}]",This SMC shall become effective on the date of last signature below and shall remain in effect for a period of five year…,
Texas/Texas_5,Texas,d:\NLP_Project_tasks_6_8_11\OCR_output\Texas\Texas_5.txt,2000-01-01,,,,found,"[{""text"": ""ENACUERDO COMO testigos efectivos eldia 15 de agosto def2000 EX(ACCORDSEREWPDG witness ourhands effective this 15 dayofAugust, 2000 Jorg JeffMoseley, Mhorels etret xcutive Director Secretaria de Desarrollo fongmico y delEmpleo partament ofEconomic Depelopment Tomis Yamington Ruvalcaba ( Gobemador Constitucigal delEstad de Tampulipas Testigo de Honor"", ""timex_text"": ""2000"", ""timex_type"": ""DATE"", ""timex_value"": ""2000""}]",ENACUERDO COMO testigos efectivos eldia 15 de agosto def2000 EX(ACCORDSEREWPDG witness ourhands effective this 15 dayofA…,
Texas/Texas_50,Texas,d:\NLP_Project_tasks_6_8_11\OCR_output\Texas\Texas_50.txt,2023-04-27,2025-03-31,,explicit,found,"[{""text"": ""DURATION OF OPERATION This SMC will be applied from April 27, 2023, until March 31, 2025, and may be renewed by the parties."", ""timex_text"": ""April 27, 2023"", ""timex_type"": ""DATE"", ""timex_value"": ""2023-04-27""}, {""text"": ""DURATION OF OPERATION This SMC will be applied from April 27, 2023, until March 31, 2025, and may be renewed by the parties."", ""timex_text"": ""March 31, 2025"", ""timex_type"": ""DATE"", ""timex_value"": ""2025-03-31""}, {""text"": ""DURATION OF OPERATION This SMC will be applied from April 27, 2023, until March 31, 2025, and may be renewed by the parties."", ""timex_text"": ""April 27, 2023"", ""timex_type"": ""DATE"", ""timex_value"": ""2023-04-27""}]","DURATION OF OPERATION This SMC will be applied from April 27, 2023, until March 31, 2025, and may be renewed by the part…",
Texas/Texas_51,Texas,d:\NLP_Project_tasks_6_8_11\OCR_output\Texas\Texas_51.txt,2025-03-31,2025-03-31,,explicit,found,"[{""text"": ""DURATION OF OPERATION This SMC will be applied from the effective date until March 31, 2025, and may be renewed by the parties."", ""timex_text"": ""March 31, 2025"", ""timex_type"": ""DATE"", ""timex_value"": ""2025-03-31""}]","DURATION OF OPERATION This SMC will be applied from the effective date until March 31, 2025, and may be renewed by the p…",
Texas/Texas_52,Texas,d:\NLP_Project_tasks_6_8_11\OCR_output\Texas\Texas_52.txt,2022-01-27,2023-03-31,,,found,"[{""text"": ""This Statement of Mutual Cooperation was signed on January 27, 2022, in Austin, Texas, United States of America, and Tokyo, Japan, in duplicate in Japanese and English, with each version being equally valid for the recognition of the above articles."", ""timex_text"": ""January 27, 2022"", ""timex_type"": ""DATE"", ""timex_value"": ""2022-01-27""}]","This Statement of Mutual Cooperation was signed on January 27, 2022, in Austin, Texas, United States of America, and Tok…",
Texas/Texas_53,Texas,d:\NLP_Project_tasks_6_8_11\OCR_output\Texas\Texas_53.txt,2002-06-13,2003-01-01,"the past
twelve months",,found,"[{""text"": ""The SRVN presents its compliments to the State of Texas and expresses its appreciation to the Governor of Texas, the Honorable Rick Perry, and the members of his administration for the warm welcome and reception extended to the Vietnamese delegation during their current stay in the capitol city of Austin."", ""timex_text"": ""current"", ""timex_type"": ""DATE"", ""timex_value"": ""PRESENT_REF""}, {""text"": ""Based on the \""Statement of Cooperation\"" signed on June 13, 2002 by the State of Texas and Vietnam's Ministry of Planning and Investment, on the occasion of the visit to Texas by then Deputy Prime Minister Nguyen Manh Cam, the purpose of the present \""Joint Communique\"" is to put on record the following understanding and initial work schedule as agreed to on this day between the State of Texas and the SRVN: establish joint directives for the promotion of cooperation between the State of Texas and Vietnam as outlined in the \""Statement of Cooperation\"" of June 13, 2002, which is outlined below: 1."", ""timex_text"": ""June 13, 2002"", ""timex_type"": ""DATE"", ""timex_value"": ""2002-06-13""}, {""text"": ""Based on the \""Statement of Cooperation\"" signed on June 13, 2002 by the State of Texas and Vietnam's Ministry of Planning and Investment, on the occasion of the visit to Texas by then Deputy Prime Minister Nguyen Manh Cam, the purpose of the present \""Joint Communique\"" is to put on record the following understanding and initial work schedule as agreed to on this day between the State of Texas and the SRVN: establish joint directives for the promotion of cooperation between the State of Texas and Vietnam as outlined in the \""Statement of Cooperation\"" of June 13, 2002, which is outlined below: 1."", ""timex_text"": ""this day"", ""timex_type"": ""DATE"", ""timex_value"": ""2002-06-13""}, {""text"": ""Based on the \""Statement of Cooperation\"" signed on June 13, 2002 by the State of Texas and Vietnam's Ministry of Planning and Investment, on the occasion of the visit to Texas by then Deputy Prime Minister Nguyen Manh Cam, the purpose of the present \""Joint Communique\"" is to put on record the following understanding and initial work schedule as agreed to on this day between the State of Texas and the SRVN: establish joint directives for the promotion of cooperation between the State of Texas and Vietnam as outlined in the \""Statement of Cooperation\"" of June 13, 2002, which is outlined below: 1."", ""timex_text"": ""June 13, 2002"", ""timex_type"": ""DATE"", ""timex_value"": ""2002-06-13""}, {""text"": ""as circumstances permit, Texas and SRVN will meet within the next 12 months to review the progress made on the directives outlined in this Joint Communique."", ""timex_text"": ""the next 12 months"", ""timex_type"": ""DURATION"", ""timex_value"": ""P1Y""}]","The SRVN presents its compliments to the State of Texas and expresses its appreciation to the Governor of Texas, the Hon…",
Texas/Texas_54,Texas,d:\NLP_Project_tasks_6_8_11\OCR_output\Texas\Texas_54.txt,2002-06-13,2004-01-01,the next 12 months,,found,"[{""text"": ""VIETNAM-TEXAS JOINT COMMUNIQUE II The Socialist Republic of Vietnam (SRVN) is honored by the present visit of the Honorable Geoffrey Connor, Secretary of State of the State of' Texas and his delegation in August, 2004."", ""timex_text"": ""August"", ""timex_type"": ""DATE"", ""timex_value"": ""XXXX-08""}, {""text"": ""VIETNAM-TEXAS JOINT COMMUNIQUE II The Socialist Republic of Vietnam (SRVN) is honored by the present visit of the Honorable Geoffrey Connor, Secretary of State of the State of' Texas and his delegation in August, 2004."", ""timex_text"": ""2004"", ""timex_type"": ""DATE"", ""timex_value"": ""2004""}, {""text"": ""Based on the \""Statement of Cooperation\"" signed on June 13, 2002 by the State of Texas and Vietnam's Ministry Manh of Planning and Investment, on the occasion of the visit to Texas by then Deputy Prime Minister Nguyen Cam, the purpose of the present \""Joint Communique II\"" is to put on record the following understanding as agreed to on this day between the State of' Texas and the SRVN: Establish joint directives for the cooperation between the State of Texas and Vietnam as outlined in the \""Statement of Cooperation\"" of June 13, 2002, outlined below: Promote mutual understanding and cooperation between the respective business communities of the Socialist Republic of Vietnam and the State of Texas in the fields of trade and investment."", ""timex_text"": ""June 13, 2002"", ""timex_type"": ""DATE"", ""timex_value"": ""2002-06-13""}, {""text"": ""Based on the \""Statement of Cooperation\"" signed on June 13, 2002 by the State of Texas and Vietnam's Ministry Manh of Planning and Investment, on the occasion of the visit to Texas by then Deputy Prime Minister Nguyen Cam, the purpose of the present \""Joint Communique II\"" is to put on record the following understanding as agreed to on this day between the State of' Texas and the SRVN: Establish joint directives for the cooperation between the State of Texas and Vietnam as outlined in the \""Statement of Cooperation\"" of June 13, 2002, outlined below: Promote mutual understanding and cooperation between the respective business communities of the Socialist Republic of Vietnam and the State of Texas in the fields of trade and investment."", ""timex_text"": ""this day"", ""timex_type"": ""DATE"", ""timex_value"": ""2002-06-13""}, {""text"": ""Based on the \""Statement of Cooperation\"" signed on June 13, 2002 by the State of Texas and Vietnam's Ministry Manh of Planning and Investment, on the occasion of the visit to Texas by then Deputy Prime Minister Nguyen Cam, the purpose of the present \""Joint Communique II\"" is to put on record the following understanding as agreed to on this day between the State of' Texas and the SRVN: Establish joint directives for the cooperation between the State of Texas and Vietnam as outlined in the \""Statement of Cooperation\"" of June 13, 2002, outlined below: Promote mutual understanding and cooperation between the respective business communities of the Socialist Republic of Vietnam and the State of Texas in the fields of trade and investment."", ""timex_text"": ""June 13, 2002"", ""timex_type"": ""DATE"", ""timex_value"": ""2002-06-13""}]",VIETNAM-TEXAS JOINT COMMUNIQUE II The Socialist Republic of Vietnam (SRVN) is honored by the present visit of the Honora…,
Texas/Texas_6,Texas,d:\NLP_Project_tasks_6_8_11\OCR_output\Texas\Texas_6.txt,1250-01-01,2153-01-01,,,found,"[{""text"": ""CONSULATE GENERAL OF THE REPUBLIC OF KOREA 19901 POST OAK BLVD., SUITE 1250 HOUSTON, TEXAS 77056-3812 TEL (713) 961-4866 FAX (713) 961-3340 Arrangement between the Texas Department of Public Safety and the National Police Agency of the Republic of Korea on the Mutual Recognition of Driver's Licenses The Texas Department of Public Safety (the \""Department\"") and the National Police Agency of the Republic of Korea (the \""NPA\"") (hereinafter jointly referred to as the \""Participants\""); Desiring to facilitate the ease with which persons from Texas living in the Republic of Korea (\""Korea\"") and persons from Korea living in Texas can obtain a driver's license; and Acknowledging that each Participant has established comparable knowledge and driving skills requirements in which an applicant must demonstrate, under comparable testing standards, knowledge and driving skills before being issued a non-commercial driver's license; Have reached the following arrangement: 1."", ""timex_text"": ""1250"", ""timex_type"": ""DATE"", ""timex_value"": ""1250""}, {""text"": ""CONSULATE GENERAL OF THE REPUBLIC OF KOREA 19901 POST OAK BLVD., SUITE 1250 HOUSTON, TEXAS 77056-3812 TEL (713) 961-4866 FAX (713) 961-3340 Arrangement between the Texas Department of Public Safety and the National Police Agency of the Republic of Korea on the Mutual Recognition of Driver's Licenses The Texas Department of Public Safety (the \""Department\"") and the National Police Agency of the Republic of Korea (the \""NPA\"") (hereinafter jointly referred to as the \""Participants\""); Desiring to facilitate the ease with which persons from Texas living in the Republic of Korea (\""Korea\"") and persons from Korea living in Texas can obtain a driver's license; and Acknowledging that each Participant has established comparable knowledge and driving skills requirements in which an applicant must demonstrate, under comparable testing standards, knowledge and driving skills before being issued a non-commercial driver's license; Have reached the following arrangement: 1."", ""timex_text"": ""1250"", ""timex_type"": ""DATE"", ""timex_value"": ""1250""}, {""text"": ""CONSULATE GENERAL OF THE REPUBLIC OF KOREA 19901 POST OAK BLVD., SUITE 1250 HOUSTON, TEXAS 77056-3812 TEL (713) 961-4866 FAX (713) 961-3340 Arrangement between the Texas Department of Public Safety and the National Police Agency of the Republic of Korea on the Mutual Recognition of Driver's Licenses The Texas Department of Public Safety (the \""Department\"") and the National Police Agency of the Republic of Korea (the \""NPA\"") (hereinafter jointly referred to as the \""Participants\""); Desiring to facilitate the ease with which persons from Texas living in the Republic of Korea (\""Korea\"") and persons from Korea living in Texas can obtain a driver's license; and Acknowledging that each Participant has established comparable knowledge and driving skills requirements in which an applicant must demonstrate, under comparable testing standards, knowledge and driving skills before being issued a non-commercial driver's license; Have reached the following arrangement: 1."", ""timex_text"": ""1250"", ""timex_type"": ""DATE"", ""timex_value"": ""1250""}, {""text"": ""SINGED in duplicate at Austin, Texas, on this 9th day of September 2011, in the Korean and English languages, both texts being equally valid."", ""timex_text"": ""September 2011"", ""timex_type"": ""DATE"", ""timex_value"": ""2011-09""}, {""text"": ""CONSULATE GENERAL OF THE REPUBLIC OF KOREA 19901 POST OAK BLVD., SUITE 1250 HOUSTON, TEXAS 77056-3812 TEL (713) 961-4866 FAX (713) 961-3340 Arrangement between the Texas Department of Public Safety and the National Police Agency of the Republic of Korea on the Mutual Recognition of Driver's Licenses The Texas Department of Public Safety (the \""Department\"") and the National Police Agency of the Republic of Korea (the \""NPA\"") (hereinafter jointly referred to as the \""Participants\""); Desiring to facilitate the ease with which persons from Texas living in the Republic of Korea (\""Korea\"") and persons from Korea living in Texas can obtain a driver's license; and Acknowledging that each Participant has established comparable knowledge and driving skills requirements in which an applicant must demonstrate, under comparable testing standards, knowledge and driving skills before being issued a non-commercial driver's license; Have reached the following arrangement: 1."", ""timex_text"": ""1250"", ""timex_type"": ""DATE"", ""timex_value"": ""1250""}]","CONSULATE GENERAL OF THE REPUBLIC OF KOREA 19901 POST OAK BLVD., SUITE 1250 HOUSTON, TEXAS 77056-3812 TEL (713) 961-4866…",
Texas/Texas_7,Texas,d:\NLP_Project_tasks_6_8_11\OCR_output\Texas\Texas_7.txt,0017-08-18,2935-01-01,,,found,"[{""text"": ""participants last updated 8/18/17 For: Connecticut Insurance Department Katharine L."", ""timex_text"": ""8/18/17"", ""timex_type"": ""DATE"", ""timex_value"": ""0017-08-18""}, {""text"": ""participants last updated 8/18/17 For: Connecticut Insurance Department Katharine L."", ""timex_text"": ""8/18/17"", ""timex_type"": ""DATE"", ""timex_value"": ""0017-08-18""}, {""text"": ""participants last updated 8/18/17 For: Connecticut Insurance Department Katharine L."", ""timex_text"": ""8/18/17"", ""timex_type"": ""DATE"", ""timex_value"": ""0017-08-18""}, {""text"": ""66 of 20/08/2013 By-law (Obtaining Information From) SUSEP Instruction No."", ""timex_text"": ""2013"", ""timex_type"": ""DATE"", ""timex_value"": ""2013""}, {""text"": ""66 of 20/08/2013 By-law (Obtaining Information From) SUSEP Instruction No."", ""timex_text"": ""2013"", ""timex_type"": ""DATE"", ""timex_value"": ""2013""}]",participants last updated 8/18/17 For: Connecticut Insurance Department Katharine L.,
Texas/Texas_8,Texas,d:\NLP_Project_tasks_6_8_11\OCR_output\Texas\Texas_8.txt,2015-01-01,,,,found,"[{""text"": ""[SIGNATURE PAGES FOLLOW] 2 Board of Governors of the Federal Reserve System Name: Title: Date: Confidentiality Undertaking among Participants in the Supervisory College (\""SC\"") for American International Group 3 New York State Department of Financial Services Name: Title: Date: Confidentiality Undertaking among Participants in the Supervisory College (\""SC\"") for American International Group 4 Delaware Department of Insurance Name: Karen zWeldin stewart Title: Ensvvance Commissionect Date:S epti 4 2015 Confidentiality Undertaking among Participants in the Supervisory College (\""SC\"") for American International Group 5 Illinois Department of Insurance Name: Title: Date: Confidentiality Undertaking among Participants in the Supervisory College (\""SC\"") for American International Group 6 Missouri Department of Insurance Name: Title: Date: Confidentiality Undertaking among Participants in the Supervisory College (\""SC\"") for American International Group 7 North Carolina Department of Insurance Name: Title: Date: Confidentiality Undertaking among Participants in the Supervisory College (\""SC\"") for American International Group 8 Pennsylvania Insurance Department Name: Title: Date: Confidentiality Undertaking among Participants in the Supervisory College (\""SC\"") for American International Group 9 Texas Department of Insurance Name: Title: Date: Confidentiality Undertaking among Participants in the Supervisory College (\""SC\"") for American International Group 10 Australian Prudential Regulation Authority Name: Title: Date: Confidentiality Undertaking among Participants in the Supervisory College (\""SC\"") for American International Group 11 Bermuda Monetary Authority Name: Title: Date: Confidentiality Undertaking among Participants in the Supervisory College (\""SC\"") for American International Group 12 Office of the Superintendent of Financial Institutions (Canada) Name: Title: Date: Confidentiality Undertaking among Participants in the Supervisory College (\""SC\"") for American International Group 13 Japan Financial Services Agency Name: Title: Date: Confidentiality Undertaking among Participants in the Supervisory College (\""SC\"") for American International Group 14 Monetary Authority of Singapore Name: Title: Date: Confidentiality Undertaking among Participants in the Supervisory College (\""SC\"") for American International Group 15 Bank of England Prudential Regulation Authority Name: Title: Date: Confidentiality Undertaking among Participants in the Supervisory College (\""SC\"") for American International Group 16 Financial Conduct Authority (United Kingdom) Name: Title: Date: Confidentiality Undertaking among Participants in the Supervisory College (\""SC\"") for American International Group 17 Federal Deposit Insurance Corporation Name: Title: Date: Confidentiality Undertaking among Participants in the Supervisory College (\""SC\"") for American International Group 18 ANNEX A Participants and Observers in Institution's SC Participant Jurisdiction Participant Authorities United States of America Board of Governors ofthe Federal Reserve System New York New York State Department of Financial Services Delaware Delaware Department of Insurance Illinois Illinois Department of Insurance Missouri Missouri Department of Insurance North Carolina North Carolina Department of Insurance Pennsylvania Pennsylvania Insurance Department Texas Texas Department ofl Insurance Australia Australian Prudential Regulation Authority Bermuda Bermuda Monetary Authority Canada Office of the Superintendent of Financial Institutions Japan Japan Financial Services Agency Singapore Monetary Authority of Singapore United Kingdom Bank of England Prudential Regulation Authority United Kingdom Financial Conduct Authority Observer Jurisdiction Observer Authority or Authorities United States of America Federal Deposit Insurance Corporation 19"", ""timex_text"": ""2015"", ""timex_type"": ""DATE"", ""timex_value"": ""2015""}]",[SIGNATURE PAGES FOLLOW] 2 Board of Governors of the Federal Reserve System Name: Title: Date: Confidentiality Undertaki…,
Texas/Texas_9,Texas,d:\NLP_Project_tasks_6_8_11\OCR_output\Texas\Texas_9.txt,,,,,absent,[],,
Utah/Utah_1,Utah,d:\NLP_Project_tasks_6_8_11\OCR_output\Utah\Utah_1.txt,2017-01-01,,26 day,,found,"[{""text"": ""Signed in the city of Jerusglem, this 26 day of lo 2017, the 6o day of Hechvah5778, according to the Hebrew calendar."", ""timex_text"": ""26 day"", ""timex_type"": ""DURATION"", ""timex_value"": ""P26D""}, {""text"": ""Signed in the city of Jerusglem, this 26 day of lo 2017, the 6o day of Hechvah5778, according to the Hebrew calendar."", ""timex_text"": ""2017"", ""timex_type"": ""DATE"", ""timex_value"": ""2017""}]","Signed in the city of Jerusglem, this 26 day of lo 2017, the 6o day of Hechvah5778, according to the Hebrew calendar.",
Utah/Utah_10,Utah,d:\NLP_Project_tasks_6_8_11\OCR_output\Utah\Utah_10.txt,2008-01-01,2021-01-01,,,found,"[{""text"": ""RECOGNIZING the importance the English and Chinese languages carry as means of cross-cultural communication, and of the valuable role they play in the people to people exchanges between the US and China; DRIVEN by the same desire to strengthen ties between the citizens of their respective territories and to cooperate in the education, business, and technology efforts both parties are exerting to design the teaching model of this new age; CONSCIOUS of the possibilities the collaboration of both parties can offer to the field of education; ACKNOWLEDGING the grand vision of dual language education in the State of Utah as indicated in State International Initiatives (Senate Bill 41-2008 and Senate Bill 117- 2018), the Governor's Language Summit, and the Governor's World Language Council."", ""timex_text"": ""2008"", ""timex_type"": ""DATE"", ""timex_value"": ""2008""}, {""text"": ""RECOGNIZING the importance the English and Chinese languages carry as means of cross-cultural communication, and of the valuable role they play in the people to people exchanges between the US and China; DRIVEN by the same desire to strengthen ties between the citizens of their respective territories and to cooperate in the education, business, and technology efforts both parties are exerting to design the teaching model of this new age; CONSCIOUS of the possibilities the collaboration of both parties can offer to the field of education; ACKNOWLEDGING the grand vision of dual language education in the State of Utah as indicated in State International Initiatives (Senate Bill 41-2008 and Senate Bill 117- 2018), the Governor's Language Summit, and the Governor's World Language Council."", ""timex_text"": ""2018"", ""timex_type"": ""DATE"", ""timex_value"": ""2018""}, {""text"": ""1, 2021), https://perma.cc/DW97-FSA2 (discussing suspicions that the Institute spreads propaganda and gathers intelligence for the Chinese government but suggesting that the suspicions are generally unwarranted)."", ""timex_text"": ""2021"", ""timex_type"": ""DATE"", ""timex_value"": ""2021""}, {""text"": ""ARTICLE II Program Components The basic means of cooperation between Hanban and the BOARD OF EDUCATION will be implemented through the following possible programs upon further negotiations on each: 1) Establishing Confucius Institutes and Classrooms; 2 Selecting and inviting qualified visiting teachers, and volunteer teaching assistants from China; - Developing and acquiring teaching materials suitable for Chinese language immersion teaching in Utah; 4 Offering scholarships for students with high academic achievements in Chinese language learning; 5) Providing student immersive summer camp experiences in China; 6) Facilitating educators and school administrators' visiting professional development programs in Utah and China; 7) Conducting educator professional learning under the direction of Utah State Board of Education; 8) Organizing Chinese language immersion conference to advance the scholarship of teaching and learning; 9) Collaborating on exchanges with visiting Chinese students and educators; 10) Coordinating efforts on additional initiatives as mutually agreed upon."", ""timex_text"": ""summer"", ""timex_type"": ""DATE"", ""timex_value"": ""2021-SU""}, {""text"": ""HANBAN: 129 Deshengmenwai Street Xicheng Distrct Beijing, China 100088 Tel: 86-10-58595858 Fax: 86-10-58595900 email: zonghe@hanban.org BOARD OF EDUCATION: 250 East 500 South Salt Lake City, Utah 84114 United States of America Tel:801-538-7500 Fax:801-538-7699 email: Authorized Signatories."", ""timex_text"": ""100088"", ""timex_type"": ""DATE"", ""timex_value"": ""1000-8-8""}]","RECOGNIZING the importance the English and Chinese languages carry as means of cross-cultural communication, and of the …",
Utah/Utah_11,Utah,d:\NLP_Project_tasks_6_8_11\OCR_output\Utah\Utah_11.txt,2017-10-22,,Ten Year,,found,"[{""text"": ""To encourage collaboration in research and development in the energy sphere between Jordanian and Utah universities as well as, public and private research institutions building on Utah's Energy Research Triangle Program that addresses Utah specific energy and natural resource challenges identified in the Governor of Utah Ten Year Energy Plan."", ""timex_text"": ""Ten Year"", ""timex_type"": ""DURATION"", ""timex_value"": ""P10Y""}, {""text"": ""This Memorandum of Understanding will be effective from the date of its signatureand does not create any legally binding rights or obligations for either side.Signed in the city of Amman, Jordan on 22 October, 2017."", ""timex_text"": ""22 October, 2017"", ""timex_type"": ""DATE"", ""timex_value"": ""2017-10-22""}]",To encourage collaboration in research and development in the energy sphere between Jordanian and Utah universities as w…,
Utah/Utah_12,Utah,d:\NLP_Project_tasks_6_8_11\OCR_output\Utah\Utah_12.txt,2007-06-28,2007-06-28,up to three years,explicit,found,"[{""text"": ""MEMORANDUM OF UNDERSTANDING BETWEEN THE MINISTRY OF FOREIGN AFFAIRS (SRE) AND THE MINISTRY OF PUBLIC EDUCATION (SEP) OF THE UNITED STATES OF MEXICO, AND THE UTAH STATE BOARD OF EDUCATION OF THE UNITED STATES OF AMERICA The Ministry of Foreign Affairs, through, the Mexican Consulate of Mexico in Salt Lake City, Utah), the Institute of Mexicans Abroad, and the Ministry of Public Education (SEP) of the United States of Mexico, and the State Superintendent of Public Instruction, of the State of Utah, of the United States of America, are hereinafter referred to as \""the Parties\""; e CONSIDERING the accomplishment achieved by the Parties in the development of a series of programs focused on the advancement and training of educational personnel from both countries who serve the needs of the Spanish-speaking population; RECOGNIZING the importance of establishing collaborative programs that serve mutual needs and interests; CONSIDERING the linguistic and cultural richness of the Mexican and Hispanic heritages in the State of Utah, together with its historical ties with Mexico, which bestow a special quality upon Alternative Language Services Programs and Multicultural Education that are supported by the State of Utah; TAKING INTO ACCOUNT that this historical tradition has been reflected in the ML various bilateral agreements between the Governments of Mexico and Utah; IN ACCORDANCE WITH the precepts of Appendix VIII of the Memorandum of Understanding on Education between the Government of the United States of Mexico and the Government of the United States of America, on the 9jof November of 2004; Have agreed to the following: itural ARTICLE I Objectives The present Memorandum of Understanding has as its objectives the establishment of cooperation between the Parties to further the development of mutual knowledge of both educational systems; and to support the linguistic and academic development of Spanish-speaking students, including Mexican students in the state of Utah, and other students participating in the Utah Alternative Language Services Programs, through the Visiting Teacher's Program."", ""timex_text"": ""November of 2004"", ""timex_type"": ""DATE"", ""timex_value"": ""2004-11""}, {""text"": ""annually publish the Memorandum for the Visiting Teachers' Program; b."", ""timex_text"": ""annually"", ""timex_type"": ""SET"", ""timex_value"": ""XXXX""}, {""text"": ""grant year to year unpaid leaves for a period of up to three years, upon a commitment from participating teachers, to return to work in the Mexican educational system once their participation in the Visiting Teacher Program has ended, in accordance with laws applicable to the subject matter; and j."", ""timex_text"": ""up to three years"", ""timex_type"": ""DURATION"", ""timex_value"": ""P3Y""}, {""text"": ""grant year to year unpaid leaves for a period of up to three years, upon a commitment from participating teachers, to return to work in the Mexican educational system once their participation in the Visiting Teacher Program has ended, in accordance with laws applicable to the subject matter; and j."", ""timex_text"": ""three years"", ""timex_type"": ""DURATION"", ""timex_value"": ""P3Y""}, {""text"": ""grant year to year unpaid leaves for a period of up to three years, upon a commitment from participating teachers, to return to work in the Mexican educational system once their participation in the Visiting Teacher Program has ended, in accordance with laws applicable to the subject matter; and j."", ""timex_text"": ""three years"", ""timex_type"": ""DURATION"", ""timex_value"": ""P3Y""}]",MEMORANDUM OF UNDERSTANDING BETWEEN THE MINISTRY OF FOREIGN AFFAIRS (SRE) AND THE MINISTRY OF PUBLIC EDUCATION (SEP) OF …,
Utah/Utah_13,Utah,d:\NLP_Project_tasks_6_8_11\OCR_output\Utah\Utah_13.txt,2018-04-01,2018-08-01,,,found,"[{""text"": ""OF THE S MEMORANDUM OF UNDERSTANDING BETWEEN THE SECRETARIAT OF ECONOMIC DEVELOPMENT OF BAJA CALIFORNIA OF THE UNITED MEXICAN STATES AND UTAH GOVERNOR'S OFFICE OF ENERGY DEVELOPMENT The Secretariat of Economic Development of the State of Baja California of the United Mexican States and the State of Utah's Governor's Office of Energy Development, hereinafter collectively referred to as the Participants\""; DESIRING to promote long-term collaboration for the mutual benefit of advancing infrastructure, technology and trade opportunities with the state of Baja California, including access to the export of natural energy resources of the State of Utah through the Port of Ensenada, from the State of Baja California; WHEREAS after The Utah Governor's trade mission to Baja California in April 2018, and the subsequent meetings of the Participants, and expressed enter mutual desire to enter into a Memorandum of Understanding with the following objectives."", ""timex_text"": ""April 2018"", ""timex_type"": ""DATE"", ""timex_value"": ""2018-04""}, {""text"": ""of august in two original copies English and Spanish Language, all texts being equally valid."", ""timex_text"": ""august"", ""timex_type"": ""DATE"", ""timex_value"": ""2018-08""}]",OF THE S MEMORANDUM OF UNDERSTANDING BETWEEN THE SECRETARIAT OF ECONOMIC DEVELOPMENT OF BAJA CALIFORNIA OF THE UNITED ME…,
Utah/Utah_14,Utah,d:\NLP_Project_tasks_6_8_11\OCR_output\Utah\Utah_14.txt,,,one-year,,found,"[{""text"": ""These should be qualified, locally selected and currently teaching in accredited education institutions."", ""timex_text"": ""currently"", ""timex_type"": ""DATE"", ""timex_value"": ""PRESENT_REF""}, {""text"": ""At the end of the agreement, it is renewable by tacit agreement for further one-year periods."", ""timex_text"": ""one-year"", ""timex_type"": ""DURATION"", ""timex_value"": ""P1Y""}]","These should be qualified, locally selected and currently teaching in accredited education institutions.",
Utah/Utah_15,Utah,d:\NLP_Project_tasks_6_8_11\OCR_output\Utah\Utah_15.txt,2021-01-01,2022-01-01,four years,,found,"[{""text"": ""Jesùs Fernandez Gonzalez, by means of delegation of signature from the Deputy Minister of Education and Vocational Training, (art 13.3 of the order EFP/43/2021, of January 21, 2021, on delegation of authority) And, THE UTAH STATE BOARD OF EDUCATION (hereinafter referred to as the Board), represented by the State Superintendent of Public Instruction Dr."", ""timex_text"": ""2021"", ""timex_type"": ""DATE"", ""timex_value"": ""2021""}, {""text"": ""Jesùs Fernandez Gonzalez, by means of delegation of signature from the Deputy Minister of Education and Vocational Training, (art 13.3 of the order EFP/43/2021, of January 21, 2021, on delegation of authority) And, THE UTAH STATE BOARD OF EDUCATION (hereinafter referred to as the Board), represented by the State Superintendent of Public Instruction Dr."", ""timex_text"": ""January 21, 2021"", ""timex_type"": ""DATE"", ""timex_value"": ""2021-01-21""}, {""text"": ""Purpose of the Agreement The Ministry and the Board of Education, hereinafter referred to as the \""Signatories\"", have agreed as follows: Recognizing the importance of the English and Spanish languages, both as a means of communication between individuals as well as countries, and of the valuable role that they play in the exchange of ideas in the fields of education, economics, science and culture; Equally determined to strengthen ties between the citizens ofthe Kingdom of Spain and the State of Utah and willing to cooperate in the endeavors that both administrations are dedicating to the design of educational models for this century, of which interculturalism will be an essential element; the Signatories will seek to promote collaborative opportunities that both organizations can offer in the field of education."", ""timex_text"": ""this century"", ""timex_type"": ""DATE"", ""timex_value"": ""20""}, {""text"": ""This memorandum is effective from the date of its signature and has a duration of four years and will be renewed for a period of up: to four additional years by express agreement ofthe signatories."", ""timex_text"": ""four years"", ""timex_type"": ""DURATION"", ""timex_value"": ""P4Y""}, {""text"": ""This memorandum may be annulled by either party provided that at least a three-month written notice is given."", ""timex_text"": ""three-month"", ""timex_type"": ""DURATION"", ""timex_value"": ""P3M""}]","Jesùs Fernandez Gonzalez, by means of delegation of signature from the Deputy Minister of Education and Vocational Train…",
Utah/Utah_16,Utah,d:\NLP_Project_tasks_6_8_11\OCR_output\Utah\Utah_16.txt,2000-01-01,,two,,found,"[{""text"": ""II.2 Teacher Exchanges The Board and the Académie de Créteil agree to develop through the Jules Verne Program or equivalent, exchange programs of two to three years for French teachers of Elementary Education to come to Utah to teach French Dual Language Immersion."", ""timex_text"": ""two"", ""timex_type"": ""DURATION"", ""timex_value"": ""P2Y""}, {""text"": ""II.2 Teacher Exchanges The Board and the Académie de Créteil agree to develop through the Jules Verne Program or equivalent, exchange programs of two to three years for French teachers of Elementary Education to come to Utah to teach French Dual Language Immersion."", ""timex_text"": ""three years"", ""timex_type"": ""DURATION"", ""timex_value"": ""P3Y""}, {""text"": ""These may include: II.4.1 Individual short-term exchanges (two weeks to three months) for students within the administrative oversight oft the signatory parties during the school year and 2 during the holidays."", ""timex_text"": ""two weeks"", ""timex_type"": ""DURATION"", ""timex_value"": ""P2W""}, {""text"": ""These may include: II.4.1 Individual short-term exchanges (two weeks to three months) for students within the administrative oversight oft the signatory parties during the school year and 2 during the holidays."", ""timex_text"": ""three months"", ""timex_type"": ""DURATION"", ""timex_value"": ""P3M""}, {""text"": ""It is renewable by tacit agreement for further one-year periods."", ""timex_text"": ""one-year"", ""timex_type"": ""DURATION"", ""timex_value"": ""P1Y""}]",II.2 Teacher Exchanges The Board and the Académie de Créteil agree to develop through the Jules Verne Program or equival…,
Utah/Utah_17,Utah,d:\NLP_Project_tasks_6_8_11\OCR_output\Utah\Utah_17.txt,2012-01-01,2606-01-01,two year,,found,"[{""text"": ""The individual schools will be responsible for carrying out the projects, 11.2 Teacher and administrator exchanges The Board and the Parana State Secretary of Science, Technology and Higher Education agree to develop two year exchange programs for Brazilian teachers of Elementary Education to come to Utah to teach Portuguese Dual Language Immersion."", ""timex_text"": ""two year"", ""timex_type"": ""DURATION"", ""timex_value"": ""P2Y""}, {""text"": ""These experiences may include: 2 11.4.1 Individual short term exchanges (two weeks to three months) for Utah or Parana students during the school year and during holiday breaks or summer vacations."", ""timex_text"": ""two weeks"", ""timex_type"": ""DURATION"", ""timex_value"": ""P2W""}, {""text"": ""These experiences may include: 2 11.4.1 Individual short term exchanges (two weeks to three months) for Utah or Parana students during the school year and during holiday breaks or summer vacations."", ""timex_text"": ""three months"", ""timex_type"": ""DURATION"", ""timex_value"": ""P3M""}, {""text"": ""These experiences may include: 2 11.4.1 Individual short term exchanges (two weeks to three months) for Utah or Parana students during the school year and during holiday breaks or summer vacations."", ""timex_text"": ""summer"", ""timex_type"": ""DATE"", ""timex_value"": ""XXXX-SU""}, {""text"": ""11.5.2 To promote reflection among educators from both regions, on themes jointly chosen, through study groups (think tanks) held once or twice a year in each region with an exchange of results or findings."", ""timex_text"": ""twice a year"", ""timex_type"": ""SET"", ""timex_value"": ""P1Y""}]","The individual schools will be responsible for carrying out the projects, 11.2 Teacher and administrator exchanges The B…",
Utah/Utah_18,Utah,d:\NLP_Project_tasks_6_8_11\OCR_output\Utah\Utah_18.txt,2007-01-01,,about three weeks,,found,"[{""text"": ""- The USOE and the Ministry agree to invite the schools districts program and will select those that will participate each year."", ""timex_text"": ""each year"", ""timex_type"": ""SET"", ""timex_value"": ""P1Y""}, {""text"": ""- Students/Educators Exchange Program: The Ministry and the USOE agree to discuss the establishment of exchanges between schools in Utah and Spain for groups of up to 15 students accompanied by a teacher, for a period of time of about three weeks, to occur at such time as to allow each group to attend regular school in the host country, apart from participating in other activities organized by the receiving school."", ""timex_text"": ""about three weeks"", ""timex_type"": ""DURATION"", ""timex_value"": ""P3W""}, {""text"": ""EVALUATION Annually, representatives of the Ministry and the USOE will develop a report relative to the application of this program."", ""timex_text"": ""Annually"", ""timex_type"": ""SET"", ""timex_value"": ""XXXX""}, {""text"": ""- This MOU is established for four years and can be cancelled by any party on demand, provided that at least six months notice is given."", ""timex_text"": ""four years"", ""timex_type"": ""DURATION"", ""timex_value"": ""P4Y""}, {""text"": ""- This MOU is established for four years and can be cancelled by any party on demand, provided that at least six months notice is given."", ""timex_text"": ""at least six months"", ""timex_type"": ""DURATION"", ""timex_value"": ""P6M""}]",- The USOE and the Ministry agree to invite the schools districts program and will select those that will participate ea…,
Utah/Utah_19,Utah,d:\NLP_Project_tasks_6_8_11\OCR_output\Utah\Utah_19.txt,2023-05-01,2023-06-22,45 days,,found,"[{""text"": ""Memorandum of Understanding on economic cooperation and trade relations between the US state of Utah and the United Kingdom Published 22 June 2023 This Memorandum of Understanding (\""MOU\"") is made by and between the Government of the United Kingdom of Great Britain and Northern Ireland (\""the United Kingdom\"") and the State of Utah in the United States of America (\""the State of Utah\""), (collectively, the \""Participants\"" and each a Participant\"")."", ""timex_text"": ""22 June 2023"", ""timex_type"": ""DATE"", ""timex_value"": ""2023-06-22""}, {""text"": ""This may include supporting regulators and professional bodies interested in pursuing recognition arrangements for professional qualifications Section 3: activities and initiatives 1."", ""timex_text"": ""This may"", ""timex_type"": ""DATE"", ""timex_value"": ""2023-05""}, {""text"": ""This may include supporting regulators and professional bodies interested in pursuing recognition arrangements for professional qualifications Section 3: activities and initiatives 1."", ""timex_text"": ""This may"", ""timex_type"": ""DATE"", ""timex_value"": ""2023-05""}, {""text"": ""Either Participant may terminate this MOU by providing 45 days' written notice of its withdrawal to the other Participant."", ""timex_text"": ""45 days"", ""timex_type"": ""DURATION"", ""timex_value"": ""P45D""}, {""text"": ""Memorandum of Understanding on economic cooperation and trade relations between the US state of Utah and the United Kingdom Published 22 June 2023 This Memorandum of Understanding (\""MOU\"") is made by and between the Government of the United Kingdom of Great Britain and Northern Ireland (\""the United Kingdom\"") and the State of Utah in the United States of America (\""the State of Utah\""), (collectively, the \""Participants\"" and each a Participant\"")."", ""timex_text"": ""22 June 2023"", ""timex_type"": ""DATE"", ""timex_value"": ""2023-06-22""}]",Memorandum of Understanding on economic cooperation and trade relations between the US state of Utah and the United King…,
Utah/Utah_2,Utah,d:\NLP_Project_tasks_6_8_11\OCR_output\Utah\Utah_2.txt,2009-07-01,2009-08-02,,,found,"[{""text"": ""of government: and thel private sector; WHEREAS state attorneys general of the United States of America and: the United Mexican States are committed to strengthening binational cooperation as expressed at the August 1-2, 2009, 2nd Meeting of United States - Mexico Attorneys General hosted by the Conference of Western Attorneys General (CWAG) and."", ""timex_text"": ""August 1"", ""timex_type"": ""DATE"", ""timex_value"": ""2009-08-01""}, {""text"": ""of government: and thel private sector; WHEREAS state attorneys general of the United States of America and: the United Mexican States are committed to strengthening binational cooperation as expressed at the August 1-2, 2009, 2nd Meeting of United States - Mexico Attorneys General hosted by the Conference of Western Attorneys General (CWAG) and."", ""timex_text"": ""2, 2009"", ""timex_type"": ""DATE"", ""timex_value"": ""2009-08-02""}, {""text"": ""current international conditions-and challenges to combat organized."", ""timex_text"": ""current"", ""timex_type"": ""DATE"", ""timex_value"": ""PRESENT_REF""}, {""text"": ""The interested parties subscribe thts Letter ofintent,signed andratified-by the undersigned on this 20th day of) July of2014 In Park City, Utah, Signature: A 3 Sulur Name: Sohn W."", ""timex_text"": ""July"", ""timex_type"": ""DATE"", ""timex_value"": ""2009-07""}]",of government: and thel private sector; WHEREAS state attorneys general of the United States of America and: the United …,
Utah/Utah_20,Utah,d:\NLP_Project_tasks_6_8_11\OCR_output\Utah\Utah_20.txt,2016-02-24,,,,found,"[{""text"": ""This MOU takes effect from February 24, 2016, concluded in duplicate, with each of the two parties holding one copy."", ""timex_text"": ""February 24, 2016"", ""timex_type"": ""DATE"", ""timex_value"": ""2016-02-24""}]","This MOU takes effect from February 24, 2016, concluded in duplicate, with each of the two parties holding one copy.",
Utah/Utah_21,Utah,d:\NLP_Project_tasks_6_8_11\OCR_output\Utah\Utah_21.txt,2019-01-01,2019-09-18,,,found,"[{""text"": ""In commemoration of their deep and enduring friendship, and in recognition of the State ofUtah as the first Sister Region of Gyeonggi Province, both parties will consider participation by the State of Utah in the \""Gyeonggi World Garden\"" (tentatively named) to be launched in 2019 in Gyeonggi Province."", ""timex_text"": ""2019"", ""timex_type"": ""DATE"", ""timex_value"": ""2019""}, {""text"": ""Signed on the 18th of September in Suwon City of Gyeonggi Province in the Republic of Korea, this Memorandum of Understanding is executed in duplicate in English and Korean, with both texts being equally authentic."", ""timex_text"": ""the 18th of September"", ""timex_type"": ""DATE"", ""timex_value"": ""2019-09-18""}]","In commemoration of their deep and enduring friendship, and in recognition of the State ofUtah as the first Sister Regio…",
Utah/Utah_22,Utah,d:\NLP_Project_tasks_6_8_11\OCR_output\Utah\Utah_22.txt,2017-06-22,2018-01-01,,,found,"[{""text"": ""The Foreign Affairs and Overseas Chinese Affairs Office of Jiangxi and the Governor's Office of Economic Development of Utah shall confirm an exchange plan for the 2018 Jiangxi Province Government Delegation and for future visits."", ""timex_text"": ""2018"", ""timex_type"": ""DATE"", ""timex_value"": ""2018""}, {""text"": ""The Foreign Affairs and Overseas Chinese Affairs Office of Jiangxi and the Governor's Office of Economic Development of Utah shall confirm an exchange plan for the 2018 Jiangxi Province Government Delegation and for future visits."", ""timex_text"": ""2018"", ""timex_type"": ""DATE"", ""timex_value"": ""2018""}, {""text"": ""Signed in duplicate in Salt Lake City, Utah on June 22nd, 2017 in Chinese and English languages, with corroborating texts being equally authentic."", ""timex_text"": ""June 22nd, 2017"", ""timex_type"": ""DATE"", ""timex_value"": ""2017-06-22""}]",The Foreign Affairs and Overseas Chinese Affairs Office of Jiangxi and the Governor's Office of Economic Development of …,
Utah/Utah_3,Utah,d:\NLP_Project_tasks_6_8_11\OCR_output\Utah\Utah_3.txt,,,,,uncertain,"[{""text"": ""collaborative partnerships among numerous stakeholders at all levels of government: and the private sector; WHEREAS the state attorneys generalof the United StatesiofAmerica and the Attorney General of the Republic ofEl Salvadorare committed tor strengthening binational cooperation; WHEREAS current international conditions and challenges-to combat organized crime, as."", ""timex_text"": ""current"", ""timex_type"": ""DATE"", ""timex_value"": ""PRESENT_REF""}]",collaborative partnerships among numerous stakeholders at all levels of government: and the private sector; WHEREAS the …,
Utah/Utah_4,Utah,d:\NLP_Project_tasks_6_8_11\OCR_output\Utah\Utah_4.txt,,,two weeks,,found,"[{""text"": ""(2) For each contract offered to a teacher from Germany new to Utah by a participating school district, one educator from that school or district will receive one scholarship to attend an Educational Enrichment Program (EEP) in Berlin the same summer."", ""timex_text"": ""summer"", ""timex_type"": ""DATE"", ""timex_value"": ""XXXX-SU""}, {""text"": ""The EEP will be two weeks long."", ""timex_text"": ""two weeks"", ""timex_type"": ""DURATION"", ""timex_value"": ""P2W""}, {""text"": ""Currently the program is operated by Checkpoint Charlie Foundation."", ""timex_text"": ""Currently"", ""timex_type"": ""DATE"", ""timex_value"": ""PRESENT_REF""}, {""text"": ""It will remain in effect until either side gives notice by no later than September 1st of the academic year prior to the academic year for which it wishes to cancel the agreement."", ""timex_text"": ""September 1st"", ""timex_type"": ""DATE"", ""timex_value"": ""XXXX-09-01""}]","(2) For each contract offered to a teacher from Germany new to Utah by a participating school district, one educator fro…",
Utah/Utah_5,Utah,d:\NLP_Project_tasks_6_8_11\OCR_output\Utah\Utah_5.txt,0003-06-23,2016-06-01,5 years,,found,"[{""text"": ""MEMORANDUM OF ECONOMIC AND TRADE COOPERATION BETWEEN SICHUAN PROVINCIAL DEPARTMENT OF COMMERCE AND UTAH GOVERNOR'S OFFICE OF ECONOMIC DEVELOPMENT - - O1 AT June 2016 (Salt Lake, United States) 2016 F 6 F With intention to strengthen trade and economic cooperation, as well as to promote investment between Sichuan and State of Utah, Sichuan Provincial Department of Commerce (Hereinafter referred to as \""Party A\"") and the Utah Governor's Office of Economic Development (Hereinafter referred to as \""Party B\"") have reached the following MOU: PTTMATOTM \""FFJ\"" TIVLIL ATT \""ZJ\"" ), J1E 12 MATFSTL XEDATOHX: Article 1: Based on the principles of mutual benefit and development, the parties will make efforts to develop more opportunities for cooperation between Utah and Sichuan enterprises."", ""timex_text"": ""June 2016"", ""timex_type"": ""DATE"", ""timex_value"": ""2016-06""}, {""text"": ""MEMORANDUM OF ECONOMIC AND TRADE COOPERATION BETWEEN SICHUAN PROVINCIAL DEPARTMENT OF COMMERCE AND UTAH GOVERNOR'S OFFICE OF ECONOMIC DEVELOPMENT - - O1 AT June 2016 (Salt Lake, United States) 2016 F 6 F With intention to strengthen trade and economic cooperation, as well as to promote investment between Sichuan and State of Utah, Sichuan Provincial Department of Commerce (Hereinafter referred to as \""Party A\"") and the Utah Governor's Office of Economic Development (Hereinafter referred to as \""Party B\"") have reached the following MOU: PTTMATOTM \""FFJ\"" TIVLIL ATT \""ZJ\"" ), J1E 12 MATFSTL XEDATOHX: Article 1: Based on the principles of mutual benefit and development, the parties will make efforts to develop more opportunities for cooperation between Utah and Sichuan enterprises."", ""timex_text"": ""2016"", ""timex_type"": ""DATE"", ""timex_value"": ""2016""}, {""text"": ""This memorandum is in effect from the date of signature by both parties, and is valid for 5 years."", ""timex_text"": ""5 years"", ""timex_type"": ""DURATION"", ""timex_value"": ""P5Y""}, {""text"": ""The MOU will be automatically extended five years after the expiry unless either party, in advance of at least six months before 2 the expiry of the memorandum, notifies the other party in writing of their desire to terminate the memorandum."", ""timex_text"": ""five years"", ""timex_type"": ""DURATION"", ""timex_value"": ""P5Y""}, {""text"": ""The MOU will be automatically extended five years after the expiry unless either party, in advance of at least six months before 2 the expiry of the memorandum, notifies the other party in writing of their desire to terminate the memorandum."", ""timex_text"": ""at least six months"", ""timex_type"": ""DURATION"", ""timex_value"": ""P6M""}]",MEMORANDUM OF ECONOMIC AND TRADE COOPERATION BETWEEN SICHUAN PROVINCIAL DEPARTMENT OF COMMERCE AND UTAH GOVERNOR'S OFFIC…,
Utah/Utah_6,Utah,d:\NLP_Project_tasks_6_8_11\OCR_output\Utah\Utah_6.txt,2019-08-26,2019-08-26,one month,,found,"[{""text"": ""GOVERNORSO OFFICEO a ENERGY PORSOERICEGSE anoxongunahs.Cegy/hibse Energy Department Government of Rajasthan MEMORANDUM OF UNDERSTANDING BETWEEN GOVERNOR'S OFFICE OF ENERGY DEVELOPMENT STATE OF UTAH, UNITED STATES OF AMERICA AND ENERGY DEPARTMENT GOVERNMENT OF RAJASTHAN, INDIA Date: 26t of August, 2019 fie 26."", ""timex_text"": ""August"", ""timex_type"": ""DATE"", ""timex_value"": ""XXXX-08""}, {""text"": ""GOVERNORSO OFFICEO a ENERGY PORSOERICEGSE anoxongunahs.Cegy/hibse Energy Department Government of Rajasthan MEMORANDUM OF UNDERSTANDING BETWEEN GOVERNOR'S OFFICE OF ENERGY DEVELOPMENT STATE OF UTAH, UNITED STATES OF AMERICA AND ENERGY DEPARTMENT GOVERNMENT OF RAJASTHAN, INDIA Date: 26t of August, 2019 fie 26."", ""timex_text"": ""2019"", ""timex_type"": ""DATE"", ""timex_value"": ""2019""}, {""text"": ""GOVERNORSO OFFICEO a ENERGY PORSOERICEGSE anoxongunahs.Cegy/hibse Energy Department Government of Rajasthan MEMORANDUM OF UNDERSTANDING BETWEEN GOVERNOR'S OFFICE OF ENERGY DEVELOPMENT STATE OF UTAH, UNITED STATES OF AMERICA AND ENERGY DEPARTMENT GOVERNMENT OF RAJASTHAN, INDIA Date: 26t of August, 2019 fie 26."", ""timex_text"": ""August"", ""timex_type"": ""DATE"", ""timex_value"": ""2019-08""}, {""text"": ""GOVERNORSO OFFICEO a ENERGY PORSOERICEGSE anoxongunahs.Cegy/hibse Energy Department Government of Rajasthan MEMORANDUM OF UNDERSTANDING BETWEEN GOVERNOR'S OFFICE OF ENERGY DEVELOPMENT STATE OF UTAH, UNITED STATES OF AMERICA AND ENERGY DEPARTMENT GOVERNMENT OF RAJASTHAN, INDIA Date: 26t of August, 2019 fie 26."", ""timex_text"": ""2019"", ""timex_type"": ""DATE"", ""timex_value"": ""2019""}, {""text"": ""GOVERNORSO OFFICEO a ENERGY PORSOERICEGSE anoxongunahs.Cegy/hibse Energy Department Government of Rajasthan MEMORANDUM OF UNDERSTANDING BETWEEN GOVERNOR'S OFFICE OF ENERGY DEVELOPMENT STATE OF UTAH, UNITED STATES OF AMERICA AND ENERGY DEPARTMENT GOVERNMENT OF RAJASTHAN, INDIA Date: 26t of August, 2019 fie 26."", ""timex_text"": ""August"", ""timex_type"": ""DATE"", ""timex_value"": ""2019-08""}]",GOVERNORSO OFFICEO a ENERGY PORSOERICEGSE anoxongunahs.Cegy/hibse Energy Department Government of Rajasthan MEMORANDUM O…,
Utah/Utah_7,Utah,d:\NLP_Project_tasks_6_8_11\OCR_output\Utah\Utah_7.txt,2013-07-25,2017-01-01,,,found,"[{""text"": ""The State of Utah of the United States and the Hanoi People's Committee ofthe Socialist Republic of Vietnam (hereinafter referred to as \""the Two Parties\""), through friendly consultation, have reached the following understanding: Article I: Purpose The objectives of this Memorandum of Understanding are to establish and expand bilateral cooperation, strengthen communication, enhance trust and mutual understanding between the city ofl Hanoi and the state of Utah in various areas, as well as promote friendship between people-to-people exchanges, contributing to the achievements of Comprehensive Partnership established between the Unites Stated and the Socialist Republic of Vietnam as reflected in the Joint Statement by The President of the Socialist Republic of Vietnam and The President ofthe United States of America on July 25, 2013."", ""timex_text"": ""July 25, 2013"", ""timex_type"": ""DATE"", ""timex_value"": ""2013-07-25""}, {""text"": ""The cooperation provided for in this Memorandum is not intended to affect relations currently established between the state of Utah and/or the city of Hanoi with any partners."", ""timex_text"": ""currently"", ""timex_type"": ""DATE"", ""timex_value"": ""PRESENT_REF""}, {""text"": ""Signed in Hanoi on August 30t, 2017 in duplicate in the English and Vietnamese languages; both texts being equally authentic."", ""timex_text"": ""August"", ""timex_type"": ""DATE"", ""timex_value"": ""2013-08""}, {""text"": ""Signed in Hanoi on August 30t, 2017 in duplicate in the English and Vietnamese languages; both texts being equally authentic."", ""timex_text"": ""2017"", ""timex_type"": ""DATE"", ""timex_value"": ""2017""}]",The State of Utah of the United States and the Hanoi People's Committee ofthe Socialist Republic of Vietnam (hereinafter…,
Utah/Utah_8,Utah,d:\NLP_Project_tasks_6_8_11\OCR_output\Utah\Utah_8.txt,2016-06-01,,,,found,"[{""text"": ""June 2016 in Salt Lake City, Utah"", ""timex_text"": ""June 2016"", ""timex_type"": ""DATE"", ""timex_value"": ""2016-06""}]","June 2016 in Salt Lake City, Utah",
Utah/Utah_9,Utah,d:\NLP_Project_tasks_6_8_11\OCR_output\Utah\Utah_9.txt,2017-01-01,,,,found,"[{""text"": ""Whereas it has been established that there exists great mutual interests in trade, investment and economic development of the public and private sectors oft the contracting parties and that it is the fostering of such mutual interests that are most desired for the benefit of all parties concerned; and Whereas TAITRA and GOED, each representing the private and/or public sectors of its side and believing firmly in the system of private and public initiatives for economic development, it is now, therefore, understood between TAITRA, represented by Walter M.S."", ""timex_text"": ""now"", ""timex_type"": ""DATE"", ""timex_value"": ""PRESENT_REF""}, {""text"": ""Signed in Taipei, Taiwan on this the 23rd day of March, 2017."", ""timex_text"": ""March"", ""timex_type"": ""DATE"", ""timex_value"": ""XXXX-03""}, {""text"": ""Signed in Taipei, Taiwan on this the 23rd day of March, 2017."", ""timex_text"": ""2017"", ""timex_type"": ""DATE"", ""timex_value"": ""2017""}]","Whereas it has been established that there exists great mutual interests in trade, investment and economic development o…",
Vermont/Vermont_10,Vermont,d:\NLP_Project_tasks_6_8_11\OCR_output\Vermont\Vermont_10.txt,,,,,uncertain,"[{""text"": ""collaborative partnerships among numerous stakeholders at all levels of government: and the private sector; WHEREAS the state attorneys generalof the United StatesiofAmerica and the Attorney General of the Republic ofEl Salvadorare committed tor strengthening binational cooperation; WHEREAS current international conditions and challenges-to combat organized crime, as."", ""timex_text"": ""current"", ""timex_type"": ""DATE"", ""timex_value"": ""PRESENT_REF""}]",collaborative partnerships among numerous stakeholders at all levels of government: and the private sector; WHEREAS the …,
Vermont/Vermont_11,Vermont,d:\NLP_Project_tasks_6_8_11\OCR_output\Vermont\Vermont_11.txt,2010-03-11,2015-04-27,five-year,,found,"[{""text"": ""MEMORANDUM OF UNDERSTANDING ON ENVIRONMENTAL COOPERATION ON THE MANAGEMENT OF LAKE CHAMPLAIN AMONG THE STATE OF NEW YORK, THE GOUVERNEMENT DU QUÉBEC AND THE STATE OF VERMONT THE STATE OF NEW YORK, THE GOUVERNEMENT DU QUÉBEC AND THE STATE OF VERMONT, WHEREAS the Lake Champlain Basin is a public treasure shared by the State ofNew York, Québec and the State ofVermont; WHEREAS the State ofl New York, Québec and the State ofVermont share a common boundary on Lake Champlain and have a shared goal to protect, conserve and manage the Waters oft the Basin since 1988; WHEREAS while there has been significant progress in restoring and improving the health of the Lake Champlain Basin Ecosystem, the Waters, Water Dependent Natural Resources and the Cultural Heritage and Recreation Resources oft the Basin remain at risk and continue to be sensitive to damage; WHEREAS the State of New York, Québec and the State of Vermont must balance economic development, social development and environmental protection as interdependent and mutually reinforcing pillars of sustainable development; WHEREAS in light of possible variations in climate conditions and the potential cumulative effects of demands that may be placed on the Waters of the Basin, the State of New York, Québec and the State of Vermont must act to ensure the protection and conservation of the Waters and Water Dependent Natural Resources ofthe Basin for future generations; WHEREAS the State of New York, Québec and the State of Vermont recognize the critical and complementary role that each jurisdiction has in implementing the Lake Champlain Basin's long-term management plan entitled Opportunities for Action: an evolving planfor the future ofthe Lake Champlain Basin; RECOGNIZING that the Lake Champlain Steering Committee (hereinafter called Steering Committee), owing to the ongoing support of the Lake Champlain Basin Program, constitutes the best instrument for ensuring the efficient coordination of efforts deployed by each of the Parties for implementing the Lake Champlain Basin's long-term management plan; WISHING to pursue their cooperation to ensure the protection and conservation of the Lake Champlain Basin, its restoration and enhancement and to maintain the integrity of its ecosystem; THEREFORE THE PARTIES HEREBY AGREE TO THE FOLLOWING: SECTION 1: PURPOSE OF THE MEMORANDUM OF UNDERSTANDING The purpose of the Memorandum ofUnderstanding is to: 1.1 maintain the Steering Committee for cooperative management of Lake Champlain and its watershed to enhance and preserve the character of the Lake and its environs; 1.2 build upon those cooperative relationships and historic program compacts which are currently operative; 1.3 enhance and establish, where necessary, a process for the regular exchange ofinformation and for more systematic cooperation in research and data gathering, on subjects affecting the Lake including but not limited to: water quality; water conservation; air quality; water quantity; lake levels; recreational resources; cultural heritage resources; fish and wildlife; nuisance species management; blue-green algae and other cyanobacteria; economic vitality; natural resource management; solid waste management; pesticide and herbicide applications; toxic and hazardous materials management; aesthetics and critical environmental areas; 1.4 provide a mechanism for the participation of each jurisdiction in regulatory proceedings addressing significant actions affecting the Lake and its Basin; and 1.5 facilitate collaboration between governments and the various organizations that could contribute to flood prevention and forecasting or to mitigation of damages from future floods in the watersheds of Lake Champlain and the Richelieu River."", ""timex_text"": ""1988"", ""timex_type"": ""DATE"", ""timex_value"": ""1988""}, {""text"": ""MEMORANDUM OF UNDERSTANDING ON ENVIRONMENTAL COOPERATION ON THE MANAGEMENT OF LAKE CHAMPLAIN AMONG THE STATE OF NEW YORK, THE GOUVERNEMENT DU QUÉBEC AND THE STATE OF VERMONT THE STATE OF NEW YORK, THE GOUVERNEMENT DU QUÉBEC AND THE STATE OF VERMONT, WHEREAS the Lake Champlain Basin is a public treasure shared by the State ofNew York, Québec and the State ofVermont; WHEREAS the State ofl New York, Québec and the State ofVermont share a common boundary on Lake Champlain and have a shared goal to protect, conserve and manage the Waters oft the Basin since 1988; WHEREAS while there has been significant progress in restoring and improving the health of the Lake Champlain Basin Ecosystem, the Waters, Water Dependent Natural Resources and the Cultural Heritage and Recreation Resources oft the Basin remain at risk and continue to be sensitive to damage; WHEREAS the State of New York, Québec and the State of Vermont must balance economic development, social development and environmental protection as interdependent and mutually reinforcing pillars of sustainable development; WHEREAS in light of possible variations in climate conditions and the potential cumulative effects of demands that may be placed on the Waters of the Basin, the State of New York, Québec and the State of Vermont must act to ensure the protection and conservation of the Waters and Water Dependent Natural Resources ofthe Basin for future generations; WHEREAS the State of New York, Québec and the State of Vermont recognize the critical and complementary role that each jurisdiction has in implementing the Lake Champlain Basin's long-term management plan entitled Opportunities for Action: an evolving planfor the future ofthe Lake Champlain Basin; RECOGNIZING that the Lake Champlain Steering Committee (hereinafter called Steering Committee), owing to the ongoing support of the Lake Champlain Basin Program, constitutes the best instrument for ensuring the efficient coordination of efforts deployed by each of the Parties for implementing the Lake Champlain Basin's long-term management plan; WISHING to pursue their cooperation to ensure the protection and conservation of the Lake Champlain Basin, its restoration and enhancement and to maintain the integrity of its ecosystem; THEREFORE THE PARTIES HEREBY AGREE TO THE FOLLOWING: SECTION 1: PURPOSE OF THE MEMORANDUM OF UNDERSTANDING The purpose of the Memorandum ofUnderstanding is to: 1.1 maintain the Steering Committee for cooperative management of Lake Champlain and its watershed to enhance and preserve the character of the Lake and its environs; 1.2 build upon those cooperative relationships and historic program compacts which are currently operative; 1.3 enhance and establish, where necessary, a process for the regular exchange ofinformation and for more systematic cooperation in research and data gathering, on subjects affecting the Lake including but not limited to: water quality; water conservation; air quality; water quantity; lake levels; recreational resources; cultural heritage resources; fish and wildlife; nuisance species management; blue-green algae and other cyanobacteria; economic vitality; natural resource management; solid waste management; pesticide and herbicide applications; toxic and hazardous materials management; aesthetics and critical environmental areas; 1.4 provide a mechanism for the participation of each jurisdiction in regulatory proceedings addressing significant actions affecting the Lake and its Basin; and 1.5 facilitate collaboration between governments and the various organizations that could contribute to flood prevention and forecasting or to mitigation of damages from future floods in the watersheds of Lake Champlain and the Richelieu River."", ""timex_text"": ""currently"", ""timex_type"": ""DATE"", ""timex_value"": ""PRESENT_REF""}, {""text"": ""revise and update Opportunities for Action: an evolving planfor the future ofthe Lake Champlain Basin on a five-year schedule."", ""timex_text"": ""five-year"", ""timex_type"": ""DURATION"", ""timex_value"": ""P5Y""}, {""text"": ""This Memorandum of Understanding repeals and replaces as of its entry into force the Memorandum of Understanding on Environmental Cooperation Agreement on the Management of Lake Champlain among the State of New York, the gouvernement du Québec and the State of Vermont signed in Québec City on March 11, 2010 and in Albany on March 16, 2010."", ""timex_text"": ""March 11, 2010"", ""timex_type"": ""DATE"", ""timex_value"": ""2010-03-11""}, {""text"": ""This Memorandum of Understanding repeals and replaces as of its entry into force the Memorandum of Understanding on Environmental Cooperation Agreement on the Management of Lake Champlain among the State of New York, the gouvernement du Québec and the State of Vermont signed in Québec City on March 11, 2010 and in Albany on March 16, 2010."", ""timex_text"": ""March 16, 2010"", ""timex_type"": ""DATE"", ""timex_value"": ""2010-03-16""}]",MEMORANDUM OF UNDERSTANDING ON ENVIRONMENTAL COOPERATION ON THE MANAGEMENT OF LAKE CHAMPLAIN AMONG THE STATE OF NEW YORK…,
Vermont/Vermont_12,Vermont,d:\NLP_Project_tasks_6_8_11\OCR_output\Vermont\Vermont_12.txt,1949-01-01,2218-08-01,one month,,found,"[{""text"": ""A COMPACT Entered into by and between all tbe Stales signatory bereto, with tbe consent of tbe Congress of tbe United Stales of America, granted by an Act entitled \""An Act Granting tbe consent and approval of Congress to an interstate forest fire protection compact,\"" approved June 25, 1949."", ""timex_text"": ""June 25, 1949"", ""timex_type"": ""DATE"", ""timex_value"": ""1949-06-25""}, {""text"": ""The Commission shall, more that one month to any meeting of thel legislature iani signatory to the and to the prior the state terelars recommendations to eanecaisenatos to be that state Iareree the interests and of thieading The consult with and Marbrete the appropriate ndperersot nevaren the states STEETE hereto with to problems connected with the prevention and control of forest agercian and recommend prate of moserde as it deems advisable."", ""timex_text"": ""one month"", ""timex_type"": ""DURATION"", ""timex_value"": ""P1M""}, {""text"": ""ARTICLE VII The Commission shall annually elect from its members a chairman and a vice-chairman."", ""timex_text"": ""annually"", ""timex_type"": ""SET"", ""timex_value"": ""XXXX""}, {""text"": ""The Commission shall keep accurate books of account, showing in full its receipts and disbursements, and said bools of account shall be reasonable time to the inspection of such representatives of the respective sig- states be for that matergato orl beforer mther first of December of acerpeare the Commission shall submit to the respective governors of A the signatory states afulla and complete report of its rernithe fort the; precedingyear."", ""timex_text"": ""first of December"", ""timex_type"": ""DATE"", ""timex_value"": ""1949-12-01""}, {""text"": ""twenty-third day of August A."", ""timex_text"": ""August"", ""timex_type"": ""DATE"", ""timex_value"": ""1949-08""}]","A COMPACT Entered into by and between all tbe Stales signatory bereto, with tbe consent of tbe Congress of tbe United St…",
Vermont/Vermont_13,Vermont,d:\NLP_Project_tasks_6_8_11\OCR_output\Vermont\Vermont_13.txt,2012-01-01,,,,found,"[{""text"": ""Streté du Québec on June."", ""timex_text"": ""June"", ""timex_type"": ""DATE"", ""timex_value"": ""XXXX-06""}, {""text"": ""21, 2012, in Montréal, Québec, Declare: that, faced with criminal and natural events thati recognize no borders, law enforcement agencies mustjoinf forces to meet the modern challenges ofpublicsafety that the international border between Quebec and the United."", ""timex_text"": ""2012"", ""timex_type"": ""DATE"", ""timex_value"": ""2012""}]",Streté du Québec on June.,
Vermont/Vermont_14,Vermont,d:\NLP_Project_tasks_6_8_11\OCR_output\Vermont\Vermont_14.txt,2015-09-29,,,,found,"[{""text"": ""Means of Cooperation Representatives of the ZEV Alliance Participants will meet at least once a year, participate in working groups and share information."", ""timex_text"": ""once a year"", ""timex_type"": ""SET"", ""timex_value"": ""P1Y""}, {""text"": ""Secretary Matthew Rodriguez California Environmental Protection Agency September 29, 2015"", ""timex_text"": ""September 29, 2015"", ""timex_type"": ""DATE"", ""timex_value"": ""2015-09-29""}]","Means of Cooperation Representatives of the ZEV Alliance Participants will meet at least once a year, participate in wor…",
Vermont/Vermont_15,Vermont,d:\NLP_Project_tasks_6_8_11\OCR_output\Vermont\Vermont_15.txt,2001-09-11,2003-01-01,six month,,found,"[{""text"": ""VERMONT - QUEBEC WORKSHOP: INTELLIGENCE ACROSS THE BORDER Appendix D: Vermont i Quebec Cooperative Agreement SUPPLEMENTARY UNDERSTANDING TO THE COOPERATIVE AGREEMENT BETWEEN THE GOUVERNEMENT DU QUÉBEC AND THE GOVERNMENT OF THE STATE OF VERMONT WITH RESPECT TO THE EXCHANGE OF LAW ENFORCEMENT INFORMATION Page D.1 FOR OFFICIAL USE ONLY VERMONT I QUEBEC WORKSHOP: INTELLIGENCE ACROSS THE BORDER THE GOUVERNEMENT DU QUEBEC AND THE GOVERNMENT OF THE STATE OF VERMONT Here under called the Parties, WHEREAS, the attacks on September 11, 2001 clarified the necessity to share information as a means to fight terrorism more efficiently; WHEREAS, there currently exists a vital need to protect the common border between Québec and the State of Vermont; WHEREAS, the exchange of information between the States helps improve law enforcement and ensure internal security; DESIROUS to establish a mutually advantageous partnership in order to further strengthen internal security in both Canada and the United States and to protect their common borders."", ""timex_text"": ""September 11, 2001"", ""timex_type"": ""DATE"", ""timex_value"": ""2001-09-11""}, {""text"": ""VERMONT - QUEBEC WORKSHOP: INTELLIGENCE ACROSS THE BORDER Appendix D: Vermont i Quebec Cooperative Agreement SUPPLEMENTARY UNDERSTANDING TO THE COOPERATIVE AGREEMENT BETWEEN THE GOUVERNEMENT DU QUÉBEC AND THE GOVERNMENT OF THE STATE OF VERMONT WITH RESPECT TO THE EXCHANGE OF LAW ENFORCEMENT INFORMATION Page D.1 FOR OFFICIAL USE ONLY VERMONT I QUEBEC WORKSHOP: INTELLIGENCE ACROSS THE BORDER THE GOUVERNEMENT DU QUEBEC AND THE GOVERNMENT OF THE STATE OF VERMONT Here under called the Parties, WHEREAS, the attacks on September 11, 2001 clarified the necessity to share information as a means to fight terrorism more efficiently; WHEREAS, there currently exists a vital need to protect the common border between Québec and the State of Vermont; WHEREAS, the exchange of information between the States helps improve law enforcement and ensure internal security; DESIROUS to establish a mutually advantageous partnership in order to further strengthen internal security in both Canada and the United States and to protect their common borders."", ""timex_text"": ""currently"", ""timex_type"": ""DATE"", ""timex_value"": ""PRESENT_REF""}, {""text"": ""VERMONT - QUEBEC WORKSHOP: INTELLIGENCE ACROSS THE BORDER Appendix D: Vermont i Quebec Cooperative Agreement SUPPLEMENTARY UNDERSTANDING TO THE COOPERATIVE AGREEMENT BETWEEN THE GOUVERNEMENT DU QUÉBEC AND THE GOVERNMENT OF THE STATE OF VERMONT WITH RESPECT TO THE EXCHANGE OF LAW ENFORCEMENT INFORMATION Page D.1 FOR OFFICIAL USE ONLY VERMONT I QUEBEC WORKSHOP: INTELLIGENCE ACROSS THE BORDER THE GOUVERNEMENT DU QUEBEC AND THE GOVERNMENT OF THE STATE OF VERMONT Here under called the Parties, WHEREAS, the attacks on September 11, 2001 clarified the necessity to share information as a means to fight terrorism more efficiently; WHEREAS, there currently exists a vital need to protect the common border between Québec and the State of Vermont; WHEREAS, the exchange of information between the States helps improve law enforcement and ensure internal security; DESIROUS to establish a mutually advantageous partnership in order to further strengthen internal security in both Canada and the United States and to protect their common borders."", ""timex_text"": ""current"", ""timex_type"": ""DATE"", ""timex_value"": ""PRESENT_REF""}, {""text"": ""Page D.3 FOR OFFICIAL USE ONLY VERMONT - QUEBEC WORKSHOP: INTELLIGENCE ACROSS THE BORDER SECTION VI This Understanding shall be in full force and effect on the day it is signed and shall remain in full force and effect until terminated by a six month notice given in writing by one or the other Party."", ""timex_text"": ""six month"", ""timex_type"": ""DURATION"", ""timex_value"": ""P6M""}, {""text"": ""In witness whereof, the Parties have signed the present Understanding in the City of Québec on this 4th day ofDecember 2003, in duplicate, in English and in French, both texts being equally authentic."", ""timex_text"": ""2003"", ""timex_type"": ""DATE"", ""timex_value"": ""2003""}]",VERMONT - QUEBEC WORKSHOP: INTELLIGENCE ACROSS THE BORDER Appendix D: Vermont i Quebec Cooperative Agreement SUPPLEMENTA…,
Vermont/Vermont_2,Vermont,d:\NLP_Project_tasks_6_8_11\OCR_output\Vermont\Vermont_2.txt,2018-07-18,2018-07-18,,,found,"[{""text"": ""AGREEMENTONT THEESTABLISIMENTOR: SISTERSTATET RELATIONSHIP BETWEEN THESTATEOF VIRMONT.INTIDSTATISO OF AMERICA AND TOTTORI PREFECTURELJAPAN Totton Prelicture, Japan, and Stte of Vermont, Unied States of America, concluded an Intemational Friendship Agroement in 2008 and haves since doepened bilatenal exchanges in various ficlds."", ""timex_text"": ""2008"", ""timex_type"": ""DATE"", ""timex_value"": ""2008""}, {""text"": ""Governors Hini and Scot share the understanding of establishing strong bonds of frierdship and must between the no regions thut were tied though the various exchanges to date and agree to officially entera a Sister Sute Relationship in 2018, the your which marks the 10 anniverary off the Intemational Friendship Agreement Both partics."", ""timex_text"": ""2018"", ""timex_type"": ""DATE"", ""timex_value"": ""2018""}, {""text"": ""Both Japunese and English versions of this Agreement are certified as official documents and shall becomee effective on this day of signing July 18, 2018 4 y Philip B."", ""timex_text"": ""this day"", ""timex_type"": ""DATE"", ""timex_value"": ""XXXX-XX-XX""}, {""text"": ""Both Japunese and English versions of this Agreement are certified as official documents and shall becomee effective on this day of signing July 18, 2018 4 y Philip B."", ""timex_text"": ""July 18, 2018"", ""timex_type"": ""DATE"", ""timex_value"": ""2018-07-18""}]",AGREEMENTONT THEESTABLISIMENTOR: SISTERSTATET RELATIONSHIP BETWEEN THESTATEOF VIRMONT.INTIDSTATISO OF AMERICA AND TOTTOR…,
Vermont/Vermont_6,Vermont,d:\NLP_Project_tasks_6_8_11\OCR_output\Vermont\Vermont_6.txt,2007-01-01,2014-08-14,at least 30 days,,found,"[{""text"": ""P AS INTERNATIONAL ASSOCIATION OF INSURANCE SUPERVISORS IAIS MULTILATERAL MEMORANDUM OF UNDERSTANDING ON COOPERATION AND INFORMATION EXCHANGE (AIS MMOU) FEBRUARY 2007 REVISED JULY 2014 1 Roughly 8% of the collected commitments were plurilateral or multilateral, rather than bilateral."", ""timex_text"": ""2007"", ""timex_type"": ""DATE"", ""timex_value"": ""2007""}, {""text"": ""P AS INTERNATIONAL ASSOCIATION OF INSURANCE SUPERVISORS IAIS MULTILATERAL MEMORANDUM OF UNDERSTANDING ON COOPERATION AND INFORMATION EXCHANGE (AIS MMOU) FEBRUARY 2007 REVISED JULY 2014 1 Roughly 8% of the collected commitments were plurilateral or multilateral, rather than bilateral."", ""timex_text"": ""2014"", ""timex_type"": ""DATE"", ""timex_value"": ""2014""}, {""text"": ""P AS INTERNATIONAL ASSOCIATION OF INSURANCE SUPERVISORS IAIS MULTILATERAL MEMORANDUM OF UNDERSTANDING ON COOPERATION AND INFORMATION EXCHANGE (AIS MMOU) FEBRUARY 2007 REVISED JULY 2014 1 Roughly 8% of the collected commitments were plurilateral or multilateral, rather than bilateral."", ""timex_text"": ""2007"", ""timex_type"": ""DATE"", ""timex_value"": ""2007""}, {""text"": ""18 IAIS Multilateral Memorandum of Understanding on Cooperation and Information Exchange (IAIS MMOU) 15 February 2007, Revised 10 July 2014 Page 3 of 20 Art."", ""timex_text"": ""15 February 2007"", ""timex_type"": ""DATE"", ""timex_value"": ""2007-02-15""}, {""text"": ""18 IAIS Multilateral Memorandum of Understanding on Cooperation and Information Exchange (IAIS MMOU) 15 February 2007, Revised 10 July 2014 Page 3 of 20 Art."", ""timex_text"": ""10 July 2014"", ""timex_type"": ""DATE"", ""timex_value"": ""2014-07-10""}]",P AS INTERNATIONAL ASSOCIATION OF INSURANCE SUPERVISORS IAIS MULTILATERAL MEMORANDUM OF UNDERSTANDING ON COOPERATION AND…,
Vermont/Vermont_7,Vermont,d:\NLP_Project_tasks_6_8_11\OCR_output\Vermont\Vermont_7.txt,1978-01-01,2467-01-01,15 days,,found,"[{""text"": ""452, 470-71 (1978) (explaining that a commitment's formalities are irrelevant to whether it falls within the scope of the Compact Clause)."", ""timex_text"": ""1978"", ""timex_type"": ""DATE"", ""timex_value"": ""1978""}, {""text"": ""2467 (2007)."", ""timex_text"": ""2467"", ""timex_type"": ""DATE"", ""timex_value"": ""2467""}, {""text"": ""2467 (2007)."", ""timex_text"": ""2007"", ""timex_type"": ""DATE"", ""timex_value"": ""2007""}, {""text"": ""If verbal, the request must be confirmed in writing within 15 days of the verbal request."", ""timex_text"": ""15 days"", ""timex_type"": ""DURATION"", ""timex_value"": ""P15D""}, {""text"": ""jurisdiction requested to render mutual aid or conduct exercises and training for mutual aid shall undertake to respond as soon as possible, except that it is understood that the jurisdiction rendering aid may withhold or recall resources to the extent necessary to provide reasonable protection for that jurisdiction."", ""timex_text"": ""as soon as possible"", ""timex_type"": ""DATE"", ""timex_value"": ""FUTURE_REF""}]","452, 470-71 (1978) (explaining that a commitment's formalities are irrelevant to whether it falls within the scope of th…",
Vermont/Vermont_8,Vermont,d:\NLP_Project_tasks_6_8_11\OCR_output\Vermont\Vermont_8.txt,2015-12-03,2050-01-01,,,found,"[{""text"": ""ZEVS in use today include battery-electric, plug-in hybrid, and fuel cell Oregon vehicles."", ""timex_text"": ""today"", ""timex_type"": ""DATE"", ""timex_value"": ""PRESENT_REF""}, {""text"": ""Vision and Actions We will strive to make all passenger vehicle sales in our jurisdictions ZEVS as fast as possible, and no later than 2050."", ""timex_text"": ""2050"", ""timex_type"": ""DATE"", ""timex_value"": ""2050""}, {""text"": ""Vision and Actions We will strive to make all passenger vehicle sales in our jurisdictions ZEVS as fast as possible, and no later than 2050."", ""timex_text"": ""2050"", ""timex_type"": ""DATE"", ""timex_value"": ""2050""}, {""text"": ""www.zevolliance.org December 3, 2015"", ""timex_text"": ""December 3, 2015"", ""timex_type"": ""DATE"", ""timex_value"": ""2015-12-03""}]","ZEVS in use today include battery-electric, plug-in hybrid, and fuel cell Oregon vehicles.",
Vermont/Vermont_9,Vermont,d:\NLP_Project_tasks_6_8_11\OCR_output\Vermont\Vermont_9.txt,2021-11-10,2050-01-01,,,found,"[{""text"": ""New York Vision and Actions Norway We aim to work with all stakeholders toward a collective goal of making all passenger and Oregon medium- and heavy-duty vehicle sales in our jurisdictions ZEVS as fast as possible, and no Québec later than 2050."", ""timex_text"": ""2050"", ""timex_type"": ""DATE"", ""timex_value"": ""2050""}, {""text"": ""Research now recognizes the need to move to all ZEV sales by 2035 or Rhode Island earlier in order to decarbonize the vehicle fleet by 2050, and many governments are working to create their own targets for light, medium-, and heavy-duty vehicles as market United Kingdom developments and technology allows."", ""timex_text"": ""now"", ""timex_type"": ""DATE"", ""timex_value"": ""PRESENT_REF""}, {""text"": ""Research now recognizes the need to move to all ZEV sales by 2035 or Rhode Island earlier in order to decarbonize the vehicle fleet by 2050, and many governments are working to create their own targets for light, medium-, and heavy-duty vehicles as market United Kingdom developments and technology allows."", ""timex_text"": ""2035"", ""timex_type"": ""DATE"", ""timex_value"": ""2035""}, {""text"": ""New York Vision and Actions Norway We aim to work with all stakeholders toward a collective goal of making all passenger and Oregon medium- and heavy-duty vehicle sales in our jurisdictions ZEVS as fast as possible, and no Québec later than 2050."", ""timex_text"": ""2050"", ""timex_type"": ""DATE"", ""timex_value"": ""2050""}, {""text"": ""New York Vision and Actions Norway We aim to work with all stakeholders toward a collective goal of making all passenger and Oregon medium- and heavy-duty vehicle sales in our jurisdictions ZEVS as fast as possible, and no Québec later than 2050."", ""timex_text"": ""2050"", ""timex_type"": ""DATE"", ""timex_value"": ""2050""}]",New York Vision and Actions Norway We aim to work with all stakeholders toward a collective goal of making all passenger…,
Virginia/Virgina_1,Virginia,d:\NLP_Project_tasks_6_8_11\OCR_output\Virginia\Virgina_1.txt,,,,,absent,[],,
Washington/Washington_17,Washington,d:\NLP_Project_tasks_6_8_11\OCR_output\Washington\Washington_17.txt,2014-01-01,,three years,,found,"[{""text"": ""E Tottt H HJELT, EROH - L3 = FH 71741IVAICO1CIE CM 31bo Article 2 Terms of this MOU (1) This MOU shall come into force once signed by the Parties and it shall remain in effect for an initial period of three years from that date."", ""timex_text"": ""three years"", ""timex_type"": ""DURATION"", ""timex_value"": ""P3Y""}, {""text"": ""(2) Provided that none of the Parties give written notice of withdrawal three months prior to the expiry of this MOU as outlined in (3), the effective period of this MOU shall be automatically extended by an additional 12 month periods each subsequent year."", ""timex_text"": ""three months"", ""timex_type"": ""DURATION"", ""timex_value"": ""P3M""}, {""text"": ""(2) Provided that none of the Parties give written notice of withdrawal three months prior to the expiry of this MOU as outlined in (3), the effective period of this MOU shall be automatically extended by an additional 12 month periods each subsequent year."", ""timex_text"": ""12 month"", ""timex_type"": ""DURATION"", ""timex_value"": ""P1Y""}, {""text"": ""4 II (Z0fL) ALHI, HO 6 - - A 13V, de 3HODECEbbNtT LA 6BA OE: Ei VP, HAHE 10bbk ZLV OD Clitele KT HONAECHITGISIRHILTIX, l 58 TICEL Fn CH ECT b IN WITNESS WHEREOF, this MOU is executed this 25th day of August, 2014 by the undersigned by their duly authorized representatives in Seattle, Washington, USA, in two original copies duplicated both in English and Japanese, each text being equally authentic."", ""timex_text"": ""August"", ""timex_type"": ""DATE"", ""timex_value"": ""XXXX-08""}, {""text"": ""4 II (Z0fL) ALHI, HO 6 - - A 13V, de 3HODECEbbNtT LA 6BA OE: Ei VP, HAHE 10bbk ZLV OD Clitele KT HONAECHITGISIRHILTIX, l 58 TICEL Fn CH ECT b IN WITNESS WHEREOF, this MOU is executed this 25th day of August, 2014 by the undersigned by their duly authorized representatives in Seattle, Washington, USA, in two original copies duplicated both in English and Japanese, each text being equally authentic."", ""timex_text"": ""2014"", ""timex_type"": ""DATE"", ""timex_value"": ""2014""}]","E Tottt H HJELT, EROH - L3 = FH 71741IVAICO1CIE CM 31bo Article 2 Terms of this MOU (1) This MOU shall come into force o…",
Washington/Washington_19,Washington,d:\NLP_Project_tasks_6_8_11\OCR_output\Washington\Washington_19.txt,2016-01-01,2016-06-28,,,found,"[{""text"": ""MEMORANDUM OF UNDERSTANDING ON FRIENDSHIP AND MUTUAL COOPERATION BETWEEN THE STATE OF WASHINGTON, UNITED STATES OF AMERICA AND AICHI PREFECTURE, JAPAN The State of Washington of the United States of America and Aichi Prefecture of Japan (hereafter \""the parties\"") hereby express their sincere desire to establish a relationship with the goals of encouraging friendship and increasing prosperity in both regions, and contributing to further development of favorable relations between the United States of America and Japan, pursuant to the Memorandum of Cooperation signed between the State of Washington and the Government of Japan on June 28, 2016."", ""timex_text"": ""June 28, 2016"", ""timex_type"": ""DATE"", ""timex_value"": ""2016-06-28""}, {""text"": ""MEMORANDUM OF UNDERSTANDING ON FRIENDSHIP AND MUTUAL COOPERATION BETWEEN THE STATE OF WASHINGTON, UNITED STATES OF AMERICA AND AICHI PREFECTURE, JAPAN The State of Washington of the United States of America and Aichi Prefecture of Japan (hereafter \""the parties\"") hereby express their sincere desire to establish a relationship with the goals of encouraging friendship and increasing prosperity in both regions, and contributing to further development of favorable relations between the United States of America and Japan, pursuant to the Memorandum of Cooperation signed between the State of Washington and the Government of Japan on June 28, 2016."", ""timex_text"": ""2016"", ""timex_type"": ""DATE"", ""timex_value"": ""2016""}]","MEMORANDUM OF UNDERSTANDING ON FRIENDSHIP AND MUTUAL COOPERATION BETWEEN THE STATE OF WASHINGTON, UNITED STATES OF AMERI…",
Washington/Washington_34,Washington,d:\NLP_Project_tasks_6_8_11\OCR_output\Washington\Washington_34.txt,2008-06-01,2050-01-01,five minute,,found,"[{""text"": ""PACIFIC COAST CLIMATE LEADERSHIP ACTION PLAN SEAL OF THE STATE CALIFORNIA SHL 1889 0 859 The Governments ofBritish Columbia, California, by 2050 and which at the time ofthis agreementl has over 125 national and Oregon and Washington, subnationals signatories representing710n million people and leconomies totaling $20.7 trillion."", ""timex_text"": ""2050"", ""timex_type"": ""DATE"", ""timex_value"": ""2050""}, {""text"": ""Through the Under2MOU andi lindividual Pursuant to the Memorandum tol Establish the Pacific Coast Collaborative of internationall bilateral agreements, British Columbia, California, Oregon June 2008, as provided for in Article 6; and Washington will continue to push for national and international climate action consistent with the ambition oft the Paris Agreement and Building upon the goals ofthe 20131 Pacific Coast Collaborative's (PCC) risingambition over time."", ""timex_text"": ""June 2008"", ""timex_type"": ""DATE"", ""timex_value"": ""2008-06""}, {""text"": ""Pacific Coastj jurisdictions' commitments embodiedi in 2) Address socioeconomic inequities by improving access to clean thel Under2MOU and reinforcing the 2015 COP 21 Paris Agreement's energy technologies and solutions and targeting investments to internationala lambition tol limit global warmingt tol less than two degrees communities that are disproportionately affected by climate change."", ""timex_text"": ""2015"", ""timex_type"": ""DATE"", ""timex_value"": ""2015""}, {""text"": ""Jurisdictions will continue to actively engage and Canada asa whole from 2010-2014, infuencedl by new investments, disadvantaged communities, includingon new policies and programs supportive public policy, and shifting market demand for mores sustainable resulting from this Action Plan."", ""timex_text"": ""2010"", ""timex_type"": ""DATE"", ""timex_value"": ""2010""}, {""text"": ""Jurisdictions will continue to actively engage and Canada asa whole from 2010-2014, infuencedl by new investments, disadvantaged communities, includingon new policies and programs supportive public policy, and shifting market demand for mores sustainable resulting from this Action Plan."", ""timex_text"": ""2014"", ""timex_type"": ""DATE"", ""timex_value"": ""2014""}]",PACIFIC COAST CLIMATE LEADERSHIP ACTION PLAN SEAL OF THE STATE CALIFORNIA SHL 1889 0 859 The Governments ofBritish Colum…,
Washington/Washington_4,Washington,d:\NLP_Project_tasks_6_8_11\OCR_output\Washington\Washington_4.txt,2007-01-01,,,,found,"[{""text"": ""Through aj joint meeting this fall, this cooperative work willa lalso explore opportunities for cross-border demonstration projects, and share approaches on carbon life-cycle modeling and carbon sequestration accounting."", ""timex_text"": ""this fall"", ""timex_type"": ""DATE"", ""timex_value"": ""XXXX-XX""}, {""text"": ""Seek opportunities to share data, technical approaches and joint research projects to produce renewable energy andj fuel products from the large amounts of woody biomass now found in many of our forests."", ""timex_text"": ""now"", ""timex_type"": ""DATE"", ""timex_value"": ""PRESENT_REF""}, {""text"": ""AGREED as to form and content and signed and dated in two (2) duplicate originals in Seattle, Washington, this day of June, 2007 Douglas Sutherland Rich Coleman Commissioner of Public Lands Minister of Forests and Range State of Washington Province of British Columbia"", ""timex_text"": ""June"", ""timex_type"": ""DATE"", ""timex_value"": ""XXXX-06""}, {""text"": ""AGREED as to form and content and signed and dated in two (2) duplicate originals in Seattle, Washington, this day of June, 2007 Douglas Sutherland Rich Coleman Commissioner of Public Lands Minister of Forests and Range State of Washington Province of British Columbia"", ""timex_text"": ""2007"", ""timex_type"": ""DATE"", ""timex_value"": ""2007""}]","Through aj joint meeting this fall, this cooperative work willa lalso explore opportunities for cross-border demonstrati…",
Wisconsin/Wisconsin_12,Wisconsin,d:\NLP_Project_tasks_6_8_11\OCR_output\Wisconsin\Wisconsin_12.txt,0449-01-01,2007-01-01,60 days,,found,"[{""text"": ""159, 175 (1985) (discussing the classic indicia)."", ""timex_text"": ""1985"", ""timex_type"": ""DATE"", ""timex_value"": ""1985""}, {""text"": ""503, 519 (1893) (establishing that congressional consent is required only for an agreement or compact that \""tend[s] to the increase of political power in the states, which may encroach upon or interfere with the just supremacy of the United States\""), with Pub."", ""timex_text"": ""1893"", ""timex_type"": ""DATE"", ""timex_value"": ""1893""}, {""text"": ""71 (1952) (consenting to the participation of certain Canadian provinces in the Northeastern Interstate Forest Fire Protection Compact), Pub."", ""timex_text"": ""1952"", ""timex_type"": ""DATE"", ""timex_value"": ""1952""}, {""text"": ""3391 (1998) (consenting to the Northwest Wildland Fire Protection Agreement), Pub."", ""timex_text"": ""1998"", ""timex_type"": ""DATE"", ""timex_value"": ""1998""}, {""text"": ""3391 (1998) (consenting to the Northwest Wildland Fire Protection Agreement), Pub."", ""timex_text"": ""1998"", ""timex_type"": ""DATE"", ""timex_value"": ""1998""}]","159, 175 (1985) (discussing the classic indicia).",
Wisconsin/Wisconsin_9,Wisconsin,d:\NLP_Project_tasks_6_8_11\OCR_output\Wisconsin\Wisconsin_9.txt,,,,,absent,[],,
