doc_uid,state,doc_id,source_path,renewal_type,notice_period,renewal_status,renewal_evidence,evaluation,evaluation_status,evaluation_evidence,baseline_keyword_renewal,baseline_keyword_eval
Alabama/Alabama_1,Alabama,Alabama_1,d:\NLP_Project_tasks_6_8_11\OCR_output\Alabama\Alabama_1.txt,absent,,absent,,absent,absent,,False,False
Alabama/Alabama_10,Alabama,Alabama_10,d:\NLP_Project_tasks_6_8_11\OCR_output\Alabama\Alabama_10.txt,uncertain,,uncertain,"1. Hotel Selection and Assignment - The host shall select a venue and hotel(s) suitable for hosting the annual event of the Alliance. || jurisdiction's business leaders' engagement within the Alliance, but also facilitates leader to leader interactions. The host jurisdiction will organize a special and exclusive program for the Governors, Premiers, and their designated Head…",present,found,"and Provincial Coordinators through the Steering Committee. V. STATE/PROVINCIAL ASSESSMENT In order to ensure that the annual event participation fee is as low as possible, an annual non- || 6. Post - Event Debrief Meeting i At the discretion of the upcoming host jurisdiction, a post-event meeting may be held with the Coordinators to discuss best practices and lessons learned from the previous annual event and to coordinate op…",True,True
Alabama/Alabama_2,Alabama,Alabama_2,d:\NLP_Project_tasks_6_8_11\OCR_output\Alabama\Alabama_2.txt,absent,,absent,,absent,absent,,False,False
Alabama/Alabama_3,Alabama,Alabama_3,d:\NLP_Project_tasks_6_8_11\OCR_output\Alabama\Alabama_3.txt,uncertain,,uncertain,"7. To promote the exchange of visits of company representatives, engineers, scientists and other specialists. This Memorandum of Intent shall enter into effect upon signature and shall remain in || This Memorandum of Intent shall enter into effect upon signature and shall remain in force for a period of three years or until such date as otherwise agreed upon. Signed in the city of Jerusalem, this 27 day of 0codep1997. FOR THE STATE O…",absent,absent,,True,False
Alabama/Alabama_4,Alabama,Alabama_4,d:\NLP_Project_tasks_6_8_11\OCR_output\Alabama\Alabama_4.txt,by_mutual_agreement,,found,"4, Sponsor and promote exchanges of visits by delegations and businessmen of the two states and extend cooperation and assistance to the visitors SO sponsored by the other state. 5. Additional items may be added to this document as mutuall… || 5. Additional items may be added to this document as mutually agreed upon by both parties. Signed for ADO Signed! for WFB",absent,absent,,True,False
Alabama/Alabama_5,Alabama,Alabama_5,d:\NLP_Project_tasks_6_8_11\OCR_output\Alabama\Alabama_5.txt,by_mutual_agreement,,found,"4. Both parties are free to form other partnerships, of a similar or identical nature, with other entities. 5. This Memorandum sets forth the complete agreement of the parties with regard to this || agreement by both parties. 3. Either party may terminate this Memorandum of Understanding, by informing the other, in writing, and giving a thirty (30) day notice of termination.",absent,absent,,True,False
Alabama/Alabama_6,Alabama,Alabama_6,d:\NLP_Project_tasks_6_8_11\OCR_output\Alabama\Alabama_6.txt,absent,,absent,,absent,absent,,False,False
Alabama/Alabama_7,Alabama,Alabama_7,d:\NLP_Project_tasks_6_8_11\OCR_output\Alabama\Alabama_7.txt,absent,,absent,,absent,absent,,False,False
Alabama/Alabama_8,Alabama,Alabama_8,d:\NLP_Project_tasks_6_8_11\OCR_output\Alabama\Alabama_8.txt,by_mutual_agreement,,found,"Chinese and English - both texts being equally authentic. This Memorandum will remain in effect for a period off five years from the date of signature, or until such a date || 6. Advanced agricultural technology 7. Tertiary industry, including financial services 8. Other areas where common interests are shared Term of Validity In witness hereof the undersigned, being authorized by their respective Governments, d…",absent,absent,,True,False
Alabama/Alabama_9,Alabama,Alabama_9,d:\NLP_Project_tasks_6_8_11\OCR_output\Alabama\Alabama_9.txt,absent,,absent,,absent,absent,,False,False
Alaska/Alaska_1,Alaska,Alaska_1,d:\NLP_Project_tasks_6_8_11\OCR_output\Alaska\Alaska_1.txt,automatic,,found,emergency periods. Mutual assistance in this arrangement may include the use of emergency forces' by mutual agreement among signatories. || notice in writing of such withdrawal to the governors or premiers of all other signatories. The action does not relieve the withdrawing signatory from obligations assumed under this,present,found,"practical, shall: A. Review individual signatory hazards analyses that are available and, to the extent reasonably possible, determine all those potential emergencies the || D. Assist in warning communities adjacent to or crossing signatory boundaries; E. Protect and ensure delivery of services, medicines, water, food, energy and",True,True
Alaska/Alaska_10,Alaska,Alaska_10,d:\NLP_Project_tasks_6_8_11\OCR_output\Alaska\Alaska_10.txt,by_mutual_agreement,,found,"participation in this Arrangement by giving sixty days written notice in advance of this effective date to all other Signatories. || those States to each other, and not the conflicting provisions of this arrangement. Amendments 6. This Arrangement and the Annex may be amended (and additional Annexes may",present,found,"management. To this end and from time to time as necessary, all Signatories shall: a) review and exchange their respective contact lists, warning and notification || MK-00023 ELARM - Sept. 30, 2008 PRR-2020-0119 h) The authority of any Signatory conducting an exercise will ensure that all",True,True
Alaska/Alaska_11,Alaska,Alaska_11,d:\NLP_Project_tasks_6_8_11\OCR_output\Alaska\Alaska_11.txt,by_mutual_agreement,,found,"REAFFIRMATION OF COOPERATION BETWEEN THE PROVINCE OF ALBERTA (""ALBERTA"") AND THE STATE OF ALASKA (""ALASKA"") Thel Province of Alberta and the State of Alaska (""the Participants"") recognize the mutual benefits of their collaboration and comm… || This Reaffirmation mayl be signed in counterparts, in which case the counterparts together shall constitute one fully-signed Reaffirmation.",absent,absent,,True,False
Alaska/Alaska_12,Alaska,Alaska_12,d:\NLP_Project_tasks_6_8_11\OCR_output\Alaska\Alaska_12.txt,by_mutual_agreement,,found,"18. Term and Amendment: This Statement of Cooperation is effective when signed by the Lieutenant Governor of Alaska, British Columbia's Minister of Environment and Minister of || groups established under the SOC, might enhance communication with the Nisga'a Nation, First Nations, Tribes, communities, organizations, residents in the region and with federal agencies regarding work performed by the parties. Subject to…",present,found,"b. As the BWG looks at the best ways to enhance their existing collaboration they will consider, among other options: i. Participation of a representative of an agency from the British Columbia or Alaska government as a member, observer or… || JOINT WATER QUALITY MONITORING PROGRAM FOR TRANSBOUNDARY WATERS Program Description and Two-Year Work Plan' Context In accordance with the Statement of Cooperation (SoC), British Columbia (BC) and Alaska (AK) propose a Transboundary Waters…",True,True
Alaska/Alaska_2,Alaska,Alaska_2,d:\NLP_Project_tasks_6_8_11\OCR_output\Alaska\Alaska_2.txt,automatic,,found,"DNR dated September 11, 2013 and renewed as of September 11, 2015, September 11, 2017, September 11, 2019 and September 11, 2021 (the ""MOU""). || JBIC From: JAPAN BANK FOR INTERNATIONAL COOPERATION (JBIC"") To: THE DEPARTMENT OF NATURAL RESOURCES OF THE STATE OF ALASKA (""Alaska DNR"") Date: August 10, 2023 Dear Sirs, Notice of Extension of Memorandum of Understanding We refer to the M…",absent,absent,,True,False
Alaska/Alaska_3,Alaska,Alaska_3,d:\NLP_Project_tasks_6_8_11\OCR_output\Alaska\Alaska_3.txt,automatic,,found,"Each person signing this Memorandum of Cooperation hereby represents and warrants that he or she is authorized to execute and deliver this Memorandum of || Participants notifies the other with thirty (30) days prior notice of its decision to renew the same. Notwithstanding the above, either Participant may at any time terminate this Memorandum of",absent,absent,,True,False
Alaska/Alaska_4,Alaska,Alaska_4,d:\NLP_Project_tasks_6_8_11\OCR_output\Alaska\Alaska_4.txt,automatic,,found,"ora associates. IV. Irmand.Amendment This Memorandum ofUnderstanding: and Cooperation ise effective when signed by both the Governora and thel Premier and as otherwise || memoranda ofc cooperation; Recognizingt ther mutualo commitment ofAlaska and British Columbiat tos sustainingo our environmentf for thel benefit ofa all, includingo our valuable",present,found,"dinating entity, and will call upon the appropriate provinciala agencies for implementation. 2.) Officialsa appointed by the Governora and thel Premier may negotiatej jointly, and, with thej permission of their respective Governor or Premi… || theys support: establish and oversee: ajoint process to develop and implement ajoint water quality monitoringprogram for transboundary waters",True,True
Alaska/Alaska_5,Alaska,Alaska_5,d:\NLP_Project_tasks_6_8_11\OCR_output\Alaska\Alaska_5.txt,automatic,,found,"This Memorandum of Understanding is nonexclusive. Neither Party is precluded by this Memorandum of Understanding from engaging in similar or dissimilar memoranda, agreements || Provided, however, that the confidentiality obligations set forth in Article 3 shall survive the expiration of this Memorandum ofUnderstanding for a period not to exceed five years from such expiration.",present,found,"wer), environmental technologies, water and waste management, and other renewable energy technologies; (ii) Potential projects in Alaska that the State of Alaska would like JBIC to evaluate for possible international financial investment; … || JAPAN BANK FOR INTERNATIONAL JBIC COOPERATION MEMORANDUM OF UNDERSTANDING BETWEEN The Department ofl Natural Resources of the State of Alaska And Japan Bank for International Cooperation This Memorandum of Understanding is made on 11th Sep…",True,True
Alaska/Alaska_6,Alaska,Alaska_6,d:\NLP_Project_tasks_6_8_11\OCR_output\Alaska\Alaska_6.txt,absent,,absent,,absent,absent,,False,False
Alaska/Alaska_7,Alaska,Alaska_7,d:\NLP_Project_tasks_6_8_11\OCR_output\Alaska\Alaska_7.txt,automatic,,found,"make necessary modifications. ""9.3 Amendments to this Agreement can be made by simple majority vote of the Members and will take effect immediately || action."". SEC.: 2. OTHER STATES. Without further submission of the compact, the consent of Congress is given to any State to become a party to it in accordance",present,found,"eral agencies. ""Article IX ""9.1 The Members may request the United States Forest Service to act as the coordinating agency of the Northwest Wildland Fire Protection Agreement in cooperation with the appropriate agen- cies for each Member. … || cies for each Member. ""9.2 The Members will hold an annual meeting to review the terms of this Agreement, any applicable Operating Plans, and",True,True
Alaska/Alaska_8,Alaska,Alaska_8,d:\NLP_Project_tasks_6_8_11\OCR_output\Alaska\Alaska_8.txt,automatic,,found,"according to interagency agreements established for that purpose. The duration of this Memorandum of Cooperation is intended to be perpetual, || Each party shall bear its own expenses of cooperating pursuant to this Memorandum, and will contribute to the operating expenses of the Task Force",present,found,representatives of each member agency will be appointed to maintain this Memorandum and coordinate Task Force activities. || These representatives and the Task Force Executive Coordinator will form the Task Force Coordinating Committee. The Coordinating Committee will meet quarterly and the Task Force,True,True
Alaska/Alaska_9,Alaska,Alaska_9,d:\NLP_Project_tasks_6_8_11\OCR_output\Alaska\Alaska_9.txt,automatic,,found,goals set out herein. It is the intent of the Parties to review the status and progress made under this MOU at the end of the first year of operation. || This MOU will become effective upon its execution by two or more Parties and continue in force until terminated by the Parties.,present,found,"disorder, insurgency, or enemy/terrorist attack. b. Review jurisdictional emergency plans and consider developing mutual assistance || Page 2 of 7 MK-00067 PRR-2020-0119 a. Review, prioritize and determine most likely and most damaging potential emergencies",True,True
Arizona/Arizona_1,Arizona,Arizona_1,d:\NLP_Project_tasks_6_8_11\OCR_output\Arizona\Arizona_1.txt,absent,,absent,,absent,absent,,False,False
Arizona/Arizona_10,Arizona,Arizona_10,d:\NLP_Project_tasks_6_8_11\OCR_output\Arizona\Arizona_10.txt,absent,,absent,,absent,absent,,False,False
Arizona/Arizona_11,Arizona,Arizona_11,d:\NLP_Project_tasks_6_8_11\OCR_output\Arizona\Arizona_11.txt,automatic,,found,"Each state will be responsible for its own expenses in the implementation of this Memorandum of Understanding. This Memorandum of Understanding is signed in the City of Tucson Arizona on June || Nonetheless, the State of Arizona and State of Sonora should endeavor to give the other party 30 days written notice ofi its intention to terminate this Memorandum of",present,found,"economic developers, the Participants will evaluate opportunities to strengthen bilateral cooperation, technology commercialization and market || ventures; and The Participants will engage additional committees of the Arizona-Mexico Commission/Comision Sonora Arizona to ensure an inclusive and dynamic",True,True
Arizona/Arizona_12,Arizona,Arizona_12,d:\NLP_Project_tasks_6_8_11\OCR_output\Arizona\Arizona_12.txt,automatic,,found,"Each state will be responsible for its own expenses in the implementation of this Memorandum of Understanding. This Memorandum of Understanding is signed on Wednesday, June 26, 2019, within || time; provided, however, that the terminating party should endeavor to give the other party 30 days' notice ofi its intention to terminate this Memorandum of Understanding.",absent,absent,,True,False
Arizona/Arizona_13,Arizona,Arizona_13,d:\NLP_Project_tasks_6_8_11\OCR_output\Arizona\Arizona_13.txt,automatic,,found,"Each state will be responsible for its own expenses in the implementation of this Memorandum of Understanding. This Memorandum of Understanding is signed on Wednesday, June 26, 2019, within || time; provided, however, that the terminating party should endeavor to give the other party 30 days' notice ofi its intention to terminate this Memorandum of Understanding.",absent,absent,,True,False
Arizona/Arizona_14,Arizona,Arizona_14,d:\NLP_Project_tasks_6_8_11\OCR_output\Arizona\Arizona_14.txt,absent,,absent,,present,found,"Z o O A a C ARIZONA-MEXICO < Gobieror nel COMMISSION Estado de Sonara Air Quality: SONOR Installation and Operation of Air Quality Equipment in Sonora Border Communities O Phase 1. Rehabilitation of current equipment o Phase 2. Acquisition… || A M X C a o d a O ARIZONA-MEXICO K Gobiernoidel COMMISSION Estado de Sonara SONOT RA That this plan was developed through a series of teleconferences, workshops, and individual consultations, including two multi-agency workshops that were …",False,True
Arizona/Arizona_15,Arizona,Arizona_15,d:\NLP_Project_tasks_6_8_11\OCR_output\Arizona\Arizona_15.txt,by_mutual_agreement,,found,"Memorandum of Understanding will be resolved solely by mutual agreement of the Parties. Paragraph 9 Duration and Termination || Understanding, should be settled through consultation between the Participants. The Memorandum of Understanding can be modified by mutual decision of the",present,found,"Undersecretary of Infrastructure of the SCT shall intend to designate a representative from each agency to monitor the implementation of this Memorandum of || Understanding. 4 M The Participants intend to meet in person or telephonically, as needed, to address and resolve issues described in Article 1 of this Memorandum of Understanding.",True,True
Arizona/Arizona_16,Arizona,Arizona_16,d:\NLP_Project_tasks_6_8_11\OCR_output\Arizona\Arizona_16.txt,automatic,,found,"18. - Indemnification: Each party (as ""Indemnitor"") agrees to defend, indemnify and hold harmless the other party (as ""Indemnitee"") from and against any and all claim, losses, liability, costs or expenses (including || to carry out the activities related to the fulfillment of this Agreement. 14. - Controversies: this agreement is in good faith and any disputes that arise will be resolved by common",present,found,"2.- The objectives of ""CEDES"" include formulating, implementing and evaluating the environmental policy of the state, creating efforts for joint and coordinated implementation of actions to improve and protect the environment, || C- Provide assistance during scheduled visits as requested. D- Weekly external inspection of the monitoring site. E- Fill in a daily checklist of weather events and send them to CEDES technicians.",True,True
Arizona/Arizona_17,Arizona,Arizona_17,d:\NLP_Project_tasks_6_8_11\OCR_output\Arizona\Arizona_17.txt,uncertain,,uncertain,"Having read the present Memorandum of Understanding, the parties hereby agree to its terms and sign it, in the city of Phoenix, Arizona on 2 June of 2008. || The Governor's Office in each state must meet all federal and state requirements to utilize this resolution as a tool to give knowledge to decision makers and the dissemination",present,found,Governor's Office to facilitate the State of Sonora's process in generating a similar resolution to coordinate Sonora's border || legal requirements that may pertain to final approval. 3. All terms and conditions pertaining to the preparation and signing of a,True,True
Arizona/Arizona_2,Arizona,Arizona_2,d:\NLP_Project_tasks_6_8_11\OCR_output\Arizona\Arizona_2.txt,automatic,,found,ofthis Cooperation Agreement or as may be mutually agreed by the Parties. 7.3. This Cooperation Agreement will enter into force on the date on which it is signed || 6.3. A Receiving Party should use information about a referred Innovator Business only for the purpose of providing support to the referred Innovator Business through the Receiving Party and ensuring compliance with the law of the market s…,absent,absent,,True,False
Arizona/Arizona_3,Arizona,Arizona_3,d:\NLP_Project_tasks_6_8_11\OCR_output\Arizona\Arizona_3.txt,automatic,,found,implementation of this Cooperation Agreement or as may be mutually agreed by the Parties. 7.3. This Cooperation Agreement will enter into force on the date on which it is signed || obtained under this Cooperation Agreement will continue to be treated in the manner set out under paragraph 6. 7.6. The Cooperation Agreement is made in two (2) authentic copies in English.,absent,absent,,True,False
Arizona/Arizona_4,Arizona,Arizona_4,d:\NLP_Project_tasks_6_8_11\OCR_output\Arizona\Arizona_4.txt,automatic,,found,agreed upon while the Declaration of Cooperation was valid. Each state will be responsible for its own expenses in the implementation of this Declaration of Cooperation. || QLOLolRL John Halikowski Ricardo Martinez Terrazas Director Secretary Arizona Department of Transportation Department of Infrastructure and Urban,absent,absent,,True,False
Arizona/Arizona_5,Arizona,Arizona_5,d:\NLP_Project_tasks_6_8_11\OCR_output\Arizona\Arizona_5.txt,automatic,,found,"Each state will be responsible forfits own expenses in the implementation ofthis Declaration of Cooperation. John Halikowski || America or the United Mexican States (or any state or local jurisdiction), or with any relevant international agreements.",absent,absent,,True,False
Arizona/Arizona_6,Arizona,Arizona_6,d:\NLP_Project_tasks_6_8_11\OCR_output\Arizona\Arizona_6.txt,by_mutual_agreement,,found,This Declaration of Cooperation will be effective on the date of its signature and will be valid for 5 years. The State of Arizona or the State of Sonora may terminate its participation under this Declaration of || Each State will be responsible for its own expenses in the implementation of this Declaration of Cooperation. - aate Sandra Watson,absent,absent,,True,False
Arizona/Arizona_7,Arizona,Arizona_7,d:\NLP_Project_tasks_6_8_11\OCR_output\Arizona\Arizona_7.txt,absent,,absent,,absent,absent,,False,False
Arizona/Arizona_8,Arizona,Arizona_8,d:\NLP_Project_tasks_6_8_11\OCR_output\Arizona\Arizona_8.txt,absent,,absent,,present,found,"bodies, with the corresponding evaluation of current las normas regulatorias y la proteccion de los cuerpos management, operations, and support of wastewater binacionales de agua, con la correspondiente || infrastructure. To ensure these efforts are evaluacion del actual manejo, operaciones y apoyo de accomplished, an annual report due each September la infraestructura de aguas residuales.",False,True
Arizona/Arizona_9,Arizona,Arizona_9,d:\NLP_Project_tasks_6_8_11\OCR_output\Arizona\Arizona_9.txt,by_mutual_agreement,,found,"RECOGNIZING that, while the Mexican wolf wild and captive populations are larger now, there are new ecological, social and financial challenges that must be addressed through renewed and strengthened inter-institutional strategies that ass… || new ecological, social and financial challenges that must be addressed through renewed and strengthened inter-institutional strategies that assure the successful recovery of the Mexican wolf;",present,found,"RECOGNIZING that, while the Mexican wolf wild and captive populations are larger now, there are new ecological, social and financial challenges that must be addressed through renewed and strengthened inter-institutional strategies that ass… || activities decided upon during the development of the annual Trilateral Committee Meeting for Management and Conservation of Wildlife and its Ecosystems, and will report the progress and success",True,True
Arkansas/Arkansas_1,Arkansas,Arkansas_1,d:\NLP_Project_tasks_6_8_11\OCR_output\Arkansas\Arkansas_1.txt,absent,,absent,,present,found,the supporting mechanism for mutual cooperation; facilitating exchange of information; + Increasing effectiveness in administrative procedures. + Supporting interaction and exchange of people to increase mutual understanding. Article 2. EN… || from the date of signature. The two Parties shall regularly review the execution of the Action Plan based on this agreement.,False,True
Arkansas/Arkansas_10,Arkansas,Arkansas_10,d:\NLP_Project_tasks_6_8_11\OCR_output\Arkansas\Arkansas_10.txt,automatic,,found,"This Arrangement is effective upon the: signature of both parties and can be revoked by either party at any time, for any reason with three months from notice to implement this decision. || RECIPROCITY ARRANGEMENT This informal Arrangement is made between the State of Arkansas, represented by the Lieutenant Governor, and thel French Authorities, represented by the Consul General of France in Houston, to facilitate the ease wi…",absent,absent,,True,False
Arkansas/Arkansas_2,Arkansas,Arkansas_2,d:\NLP_Project_tasks_6_8_11\OCR_output\Arkansas\Arkansas_2.txt,absent,,absent,,absent,absent,,False,False
Arkansas/Arkansas_3,Arkansas,Arkansas_3,d:\NLP_Project_tasks_6_8_11\OCR_output\Arkansas\Arkansas_3.txt,absent,,absent,,absent,absent,,False,False
Arkansas/Arkansas_4,Arkansas,Arkansas_4,d:\NLP_Project_tasks_6_8_11\OCR_output\Arkansas\Arkansas_4.txt,automatic,,found,"d. This MOU becomes effective when signed by the last signatory hereto and may be terminated by either Side at will at any time with a thirty (30) day written notice, except || resolved through discussions between the Sides C. Any modifications to this MOU will be in writing and approved by both Sides.",absent,absent,,True,False
Arkansas/Arkansas_5,Arkansas,Arkansas_5,d:\NLP_Project_tasks_6_8_11\OCR_output\Arkansas\Arkansas_5.txt,automatic,,found,"C. Any modifications to this MOU will be in writing and approved by both Sides. d. This MOU becomes effective when signed by the last signatory hereto and may be || Taipei Economic and Cultural Office in Houston Att: Consular Officer Consular Division 11 Greenway Plaza, Suite 2006 Houston, TX 77046 USA Tel: 1-717-626-7445 Fax: 1-713-626-0990 E-mail: tecohou@sbeglobal.net Arkansas Department of Finance…",absent,absent,,True,False
Arkansas/Arkansas_6,Arkansas,Arkansas_6,d:\NLP_Project_tasks_6_8_11\OCR_output\Arkansas\Arkansas_6.txt,automatic,,found,"from the date of signature. This Agreement shall be in full force and effective for a period of 5 years. However, the Republic of Ghana and the State of || and witness to make this MOU the official document by which all aforementioned activities and subsequent activities shall be implemented.",absent,absent,,True,False
Arkansas/Arkansas_7,Arkansas,Arkansas_7,d:\NLP_Project_tasks_6_8_11\OCR_output\Arkansas\Arkansas_7.txt,automatic,,found,"from the date of signature. This Agreement shall be in full force and effective for a period of 5 years. However, the Republic of Ghana and the State of || and witness to make this MOU the official document by which all aforementioned activities and subsequent activities shall be implemented.",absent,absent,,True,False
Arkansas/Arkansas_8,Arkansas,Arkansas_8,d:\NLP_Project_tasks_6_8_11\OCR_output\Arkansas\Arkansas_8.txt,automatic,,found,"from the date of signature. This Agreement shall be in full force and effective for a period of 5 years. However, the Republic of Ghana and the State of || and witness to make this MOU the official document by which all aforementioned activities and subsequent activities shall be implemented.",absent,absent,,True,False
Arkansas/Arkansas_9,Arkansas,Arkansas_9,d:\NLP_Project_tasks_6_8_11\OCR_output\Arkansas\Arkansas_9.txt,automatic,30 days,found,to thel BMA and to a group meeting of the Supervisory College when necessary. 3. The BMA may extend an invitation to other Competent Authorities and relevant banking or || (b) any privileges associated with such information. 3. The Supervisors shall revise and update this MMOU when necessary to appropriately reflect,present,found,"(a) Facilitate group-wide supervision, entailing in particular but not limited to, an assessment of the Group's: (1) financial situation, (2) compliance with the rules on || For Official Use Only 4. Description of the Group and identity of the Supervisors 4.1 Description and structure of the Group The parent company of the Group is Allied World Assurance Company Holdings, AG which has its registered office in …",True,True
California/1 (5),California,1 (5),d:\NLP_Project_tasks_6_8_11\OCR_output\California\1 (5).txt,automatic,,found,hereby agrees to furnish such aid and assistance to each other within its statutory authority as will aid in the proper enforcement of this agreement. || to the corresponding officials ofthe other contracting States.,present,found,"tification as may be required by each administrator. Section 59. "" Audits"". The administrator of each contracting State shall, within the statutory authority of such administrator, make any information obtained upon an audit of records of … || required by each administrator. Section 59. "" Audits"". The administrator of each contracting State shall, within the statutory authority of such administrator, make any information obtained",True,True
California/1 (CA - Chille),California,1 (CA - Chille),d:\NLP_Project_tasks_6_8_11\OCR_output\California\1 (CA - Chille).txt,absent,,absent,,absent,absent,,False,False
California/110242023,California,110242023,d:\NLP_Project_tasks_6_8_11\OCR_output\California\110242023.txt,by_mutual_agreement,,found,"advance to the other. All ongoing activities or joint plans commencing within the period of validity of this MOU shall be continued in accordance with the MOU upon || Memorandum of Understanding will be resolved through consultations and amicable discussions between the Participants, who will endeavor in good faith to resolve such",absent,absent,,True,False
California/110252023,California,110252023,d:\NLP_Project_tasks_6_8_11\OCR_output\California\110252023.txt,by_mutual_agreement,,found,"7. Activities to accelerate the deployment of offshore wind technology, including information and lessons learned on offshore wind installation, ports development, workforce development and supply chain development to support offshore wind… || This MOU may be modified at any time by mutual consent of the Parties. Any modification shall be made in writing and specify the date on which such",present,found,"5 SECTION IX Final Provisions This MOU is effective from the date of its signature and the parties will review the MOU and its progress in 4 years. || MOU will be resolved through consultations between the Parties, who will endeavor in good faith to resolve such differences.",True,True
California/110262023,California,110262023,d:\NLP_Project_tasks_6_8_11\OCR_output\California\110262023.txt,automatic,,found,"cooperation under this MOU. 2 The participants will designate a point of contact (or Secretariat) that will serve as a communications and information exchange conduit, as well as || during the time this Memorandum of Understanding is in effect, unless the Participants mutually decide otherwise. This MOU is signed in Beijing on October - 2023 in duplicate, in English",present,found,"The participants will designate a point of contact (or Secretariat) that will serve as a communications and information exchange conduit, as well as for any notice required to be submitted under this Memorandum of Understanding. The Califo… || Ecological and Environmental Monitoring Center and Beijing Climate Change Management Centre may support cooperation under this MOU.",True,True
California/110282023,California,110282023,d:\NLP_Project_tasks_6_8_11\OCR_output\California\110282023.txt,automatic,,found,"Memorandum of Understanding will be resolved through consultations between the Parties, who will endeavor in good faith to resolve such differences. || pollution and carbon emissions; 2. To combat climate change, advance medium- and long-term low-carbon development and the development and implementation of carbon neutrality plans and improve climate change adaptation strategies; 3. To adv…",absent,absent,,True,False
California/110292023,California,110292023,d:\NLP_Project_tasks_6_8_11\OCR_output\California\110292023.txt,automatic,,found,"Memorandum of Understanding will be resolved through consultations between the Participants, who will endeavor in good faith to resolve such differences. || Participants may otherwise modify this Memorandum of Understanding.This Memorandum of Understanding may be modified at any time by mutual consent of the",absent,absent,,True,False
California/111102021,California,111102021,d:\NLP_Project_tasks_6_8_11\OCR_output\California\111102021.txt,absent,,absent,,absent,absent,,False,False
California/11182021,California,11182021,d:\NLP_Project_tasks_6_8_11\OCR_output\California\11182021.txt,by_mutual_agreement,,found,"8 Any difference that may arise in relation to the interpretation or application of this Memorandum of Understanding will be resolved through consultations between the Participants, who will endeavor in good faith to resolve such differenc… || Memorandum of Understanding will be resolved through consultations between the Participants, who will endeavor in good faith to resolve such differences.",absent,absent,,True,False
California/11212021,California,11212021,d:\NLP_Project_tasks_6_8_11\OCR_output\California\11212021.txt,by_mutual_agreement,,found,"Memorandum of Understanding will be resolved through consultations between the Participants, who will endeavor in good faith to resolve such differences. || Participants may otherwise modify this Memorandum of Understanding. This Memorandum of Understanding may be modified at any time by mutual consent of",present,found,"group to supervise and coordinate the planning, performance, evaluation, and approval of cooperative activities carried out under this MoU. || 3 SECTION IV Specific Activities Specific activities to achieve the objectives of this Memorandum of Understanding for the",True,True
California/112122022,California,112122022,d:\NLP_Project_tasks_6_8_11\OCR_output\California\112122022.txt,by_mutual_agreement,,found,"Any difference that may arise in relation to the interpretation or application of this LOI will be resolved through consultation between the Parties, who will endeavor in good faith to resolve such differences. Paragraph 7 Final Provisions… || This LOI may be modified at any time by mutual consent of the Parties. Any modification will be made in writing and specify the date on which such modification",absent,absent,,True,False
California/1282023,California,1282023,d:\NLP_Project_tasks_6_8_11\OCR_output\California\1282023.txt,by_mutual_agreement,,found,"Memorandum of Understanding will be resolved through consultations between the Participants, who will endeavor in good faith to resolve such differences. || manner that the Participants may otherwise modify this Memorandum of Understanding. This Memorandum of Understanding may be modified at any time by mutual consent of",present,found,"new buildings and particularly in existing buildings, through benchmarking, labeling, and audits; iv. Data-driven and digital approaches to promote energy efficiency and || MEMORANDUM OF UNDERSTANDING BETWEEN THE DANISH ENERGY AGENCY OF THE KINGDOM OF DENMARK AND THE CALIFORNIA ENERGY COMMISSION OF THE STATE OF CALIFORNIA OF THE UNITED STATES OF AMERICA The Danish Energy Agency and the California Energy Commi…",True,True
California/1282023 (1),California,1282023 (1),d:\NLP_Project_tasks_6_8_11\OCR_output\California\1282023 (1).txt,by_mutual_agreement,,found,"Memorandum of Understanding will be resolved through consultations between the Participants, who will endeavor in good faith to resolve such differences. || manner that the Participants may otherwise modify this Memorandum of Understanding. This Memorandum of Understanding may be modified at any time by mutual consent of",present,found,"new buildings and particularly in existing buildings, through benchmarking, labeling, and audits; iv. Data-driven and digital approaches to promote energy efficiency and || MEMORANDUM OF UNDERSTANDING BETWEEN THE DANISH ENERGY AGENCY OF THE KINGDOM OF DENMARK AND THE CALIFORNIA ENERGY COMMISSION OF THE STATE OF CALIFORNIA OF THE UNITED STATES OF AMERICA The Danish Energy Agency and the California Energy Commi…",True,True
California/13112022,California,13112022,d:\NLP_Project_tasks_6_8_11\OCR_output\California\13112022.txt,by_mutual_agreement,,found,"Memorandum of Understanding will be resolved through consultations between the Participants, who will endeavor in good faith to resolve such differences. || 4 SECTION VII Availability of Personnel and Resources This Memorandum of Understanding does not involve the exchange of funds, nor does it represent any obligation of funds by either Participant. All costs that may arise from activities co…",absent,absent,,True,False
California/13142023,California,13142023,d:\NLP_Project_tasks_6_8_11\OCR_output\California\13142023.txt,by_mutual_agreement,,found,"Letter of Intent to Support Port Decarbonization and the Development of Green Shipping Corridors Between the Ministry of Land, Infrastructure, Transport and Tourism of Japan (MLIT) and the State of California The Ministry of Land, Infrastr… || and the State of California, The United States of America renewed in 2022 (2022 Japan - California Climate Change and Trade MOCI memorializes intentions",present,found,"these actions contribute to establishing green shipping corridors on container shipping routes connecting these ports. Japan's Carbon Neutral Port Initiative includes low-carbon and zero- carbon cargo-handling equipment in ports, as well a… || information, technical know-how, and best practices related to CEC's strategic plan and programs to assess and prepare ports in California to support offshore",True,True
California/13212022,California,13212022,d:\NLP_Project_tasks_6_8_11\OCR_output\California\13212022.txt,by_mutual_agreement,,found,"resolved through consultations between the Participants, who will endeavor in good faith to resolve: such differences. SECTION IX || otherwise modify this MOC. This MOC mayl be modified at any timel by mutual consent of the Participants.. Any modification",absent,absent,,True,False
California/1352021,California,1352021,d:\NLP_Project_tasks_6_8_11\OCR_output\California\1352021.txt,by_mutual_agreement,,found,"appliances; (v) water production, distribution, and conservation; (vi) logistics I for goods and people I and smart cities; and (vii) other sectors that are mutually agreed by the Parties to discuss. SECTION III Coordination The parties re… || Party, in writing, a notice of its desire to do sO. This Memorandum of Understanding may be modified at any time by mutual consent of",absent,absent,,True,False
California/1392021,California,1392021,d:\NLP_Project_tasks_6_8_11\OCR_output\California\1392021.txt,by_mutual_agreement,,found,"Memorandum of Understanding will be resolved through consultations between the Participants, which will endeavor in good faith to resolve such differences. || Participants may otherwise modify this Memorandum of Understanding. This Memorandum of Understanding may be modified at any time by mutual consent of the",present,found,"4. Water policies contributing to the transition to a carbon neutral economy: Sharing ideas and approaches for auditing, benchmarking, and other policies that || b) Monitor the progress of implementation of the action plan; c) Prepare biannual progress summaries to the Parties; and",True,True
California/1392022,California,1392022,d:\NLP_Project_tasks_6_8_11\OCR_output\California\1392022.txt,by_mutual_agreement,,found,AEEJ Desarrollo advreiad Estado deE de Energia Jalisco Economico ENERGY COMMISSION Jalisco GOBIERNO EL ESTADO SECTION XIII Final Provisions This Memorandum of Understanding may be modified at any time by mutual consent of the Participants.… || Jalisco GOBIERNO EL ESTADO SECTION XIII Final Provisions This Memorandum of Understanding may be modified at any time by mutual consent,absent,absent,,True,False
California/14182022,California,14182022,d:\NLP_Project_tasks_6_8_11\OCR_output\California\14182022.txt,automatic,,found,"I) Other mutually agreed activities. SECTION III Coordination The Participants will, on a regular basis, inform and consult with the other on matters of common interest that represent opportunities for mutual benefit consistent with this M… || SECTION VIII Interpretation and Application Any difference that may arise in relation to the interpretation or application of this Memorandum of Understanding will be resolved through consultations between the Participants, who will endeav…",absent,absent,,True,False
California/14212023,California,14212023,d:\NLP_Project_tasks_6_8_11\OCR_output\California\14212023.txt,by_mutual_agreement,,found,"Memorandum of Understanding or formalize a new one. This Memorandum of Understanding may be modified at any time by mutual consent of || Memorandum of Understanding will be resolved through consultations between the Participants, which will endeavor in good faith to resolve such differences.",present,found,"2 SECTION I Objective The purpose of this Memorandum of Understanding (MOU) is to establish a flexible framework between the Participants in order to permit them to expand cooperation on the basis of equality and mutual benefit in the aren… || of cooperation: a) Energy efficiency (e.g., code compliance, data collection, data laboratories); b) Emissions monitoring, reporting, verification, and enforcement,",True,True
California/14282021,California,14282021,d:\NLP_Project_tasks_6_8_11\OCR_output\California\14282021.txt,by_mutual_agreement,,found,"Participants, who will endeavor in good faith to resolve such differences. SECTION X Final Provisions This Memorandum of Understanding is effective from the date of its signature, for a 5- || This Memorandum of Understanding may be modified at any time by mutual consent of the Participants. Any modification shall be made in writing and specify the date on which",absent,absent,,True,False
California/15272022,California,15272022,d:\NLP_Project_tasks_6_8_11\OCR_output\California\15272022.txt,by_mutual_agreement,,found,"c) Collaborate on specific projects, including technology and infrastructure demonstration projects; d) Exchange ideas on working with the private sector to overcome supply chain constraints, trade barriers and/or increase the production v… || this Memorandum of Cooperation will be resolved through consultations between the Participants, who will endeavor in good faith to resolve such",absent,absent,,True,False
California/1692022,California,1692022,d:\NLP_Project_tasks_6_8_11\OCR_output\California\1692022.txt,by_mutual_agreement,,found,"Participants and to remain valid for five years. The Participants may extend this MOC upon their mutual written consent. || (b) The Participants may modify this MOC at any time upon their mutual written consent. (c) Either Participant may, at any time, terminate this MOC by providing a",present,found,"(ili) Sharing ofinformation and best practices on biodiversity conservation in the face of the climate crisis, such as: understanding the impact of climate change and other stressors on biodiversity; protecting areas that are important for… || Agency and ECCC to establish a work plan to implement the objectives of this MOC and commit to report back on progress annually.",True,True
California/18122021,California,18122021,d:\NLP_Project_tasks_6_8_11\OCR_output\California\18122021.txt,automatic,,found,"iZik MH ERA4T i 1 E WWPFWANN4E), ER EUIJUWRSERIE. HILH JinHIEZ HU JEAAANNTE, MJIER Jj - bHHW. SECTION X Final Provisions This MOU is effective from the date of its signature, for a three year period. unless renewed or extended by the parti… || at any time, withdraw from this MOU by providing a written notice to the other participant. A participant that intends to withdraw from this MOU shall endeavor to",absent,absent,,True,False
California/1962022,California,1962022,d:\NLP_Project_tasks_6_8_11\OCR_output\California\1962022.txt,by_mutual_agreement,,found,"Memorandum of Understanding will be resolved through consultations between the Participants, who will endeavor in good faith to resolve such differences. || Participants may otherwise modify this Memorandum of Understanding. This Memorandum of Understanding may be modified at any time by mutual consent of",present,found,"b) Share best practices, approaches and potential solutions in the field of zero- emission transportation market development; c) Exchange ideas and knowledge on how to stimulate innovation and facilitate entrepreneurship in the renewable e… || m) Share best practices on (micro)plastics and textiles waste reduction, circular economy approaches, monitoring, environmental and public health impact",True,True
California/1April10 ( CA - China Provinces),California,1April10 ( CA - China Provinces),d:\NLP_Project_tasks_6_8_11\OCR_output\California\1April10 ( CA - China Provinces).txt,by_mutual_agreement,90 days,found,exhibitions Article VIII This MOU will become effective on the date of signature. Either of the Two Parties may terminate this MOU by giving the other party notice in writing 90 || Article III The Governor's Office of Business and Economic Development and China Chamber of Commerce for Import and Export of Mechanic and Electronic Products join the Working Group as representatives of business community designated by th…,absent,absent,,True,False
California/1April14,California,1April14,d:\NLP_Project_tasks_6_8_11\OCR_output\California\1April14.txt,absent,,absent,,present,found,"Memorandum of Understanding On Friendly Cooperation Between The State of California, United States of America And Jiangsu Province, People's Republic of China At the invitation of Mr Luo Zhijun, Secretary of CPC Jiangsu Provincial Committe… || Jiangsu on April 14, 2013. During the visit, Governor Brown and Party Secretary Luo Zhijun held friendly talks and reviewed the",False,True
California/1April15,California,1April15,d:\NLP_Project_tasks_6_8_11\OCR_output\California\1April15.txt,absent,,absent,,absent,absent,,False,False
California/1April17,California,1April17,d:\NLP_Project_tasks_6_8_11\OCR_output\California\1April17.txt,absent,,absent,,absent,absent,,False,False
California/1April19,California,1April19,d:\NLP_Project_tasks_6_8_11\OCR_output\California\1April19.txt,absent,,absent,,absent,absent,,False,False
California/1April30,California,1April30,d:\NLP_Project_tasks_6_8_11\OCR_output\California\1April30.txt,by_mutual_agreement,,found,"CONTINUATION AND RENEWAL OF MEMORANDUM OF UNDERSTANDING ON THE DEVELOPMENT OF OFFSHORE WIND BETWEEN THE GOVERNMENT OF DENMARK AND THE CALIFORNIA ENERGY COMMISSION hereby jointly referred to as ""the Participants"" The purpose of this documen… || COMMISSION hereby jointly referred to as ""the Participants"" The purpose of this document is to continue and renew the Memorandum of Understanding",absent,absent,,True,False
California/1April6 (CA - Catalonia),California,1April6 (CA - Catalonia),d:\NLP_Project_tasks_6_8_11\OCR_output\California\1April6 (CA - Catalonia).txt,absent,,absent,,absent,absent,,False,False
California/1August11,California,1August11,d:\NLP_Project_tasks_6_8_11\OCR_output\California\1August11.txt,absent,,absent,,absent,absent,,False,False
California/1August23,California,1August23,d:\NLP_Project_tasks_6_8_11\OCR_output\California\1August23.txt,by_mutual_agreement,,found,"effect for four (4) years subject to the provisions below. This MoU may be modified at any time by mutual consent of the Parties. || shall be resolved by the Parties by mutual agreement. ARTICLE XIV Final Provisions This MoU shall become effective upon its signature, and shall remain in",present,found,"4 ARTICLE V Work Programs The Parties shall draft Work Plans containing the following information: a) Objectives b) Implementation schedule c) Allocation of human and material resources d) Funding e) Responsibility of each Party f) Dissemi… || objectives above. ARTICLE VI Monitoring and Supervision Mechanisms Establish a mechanism for proper coordination, supervision, follow-up and",True,True
California/1August26,California,1August26,d:\NLP_Project_tasks_6_8_11\OCR_output\California\1August26.txt,by_mutual_agreement,,found,"subject to the provisions below. This MoU may be modified at any time by mutual consent of the Participants. Any modification shall be made in writing and specify the date on which such modification is || Participants mutually decide otherwise. Signed in Sacramento, California, on August twenty-six, two thousand fourteen, in two",absent,absent,,True,False
California/1December10,California,1December10,d:\NLP_Project_tasks_6_8_11\OCR_output\California\1December10.txt,by_mutual_agreement,,found,"agricultural issues. This Letter of Intent builds upon the mutually beneficial partnership of the State of California and the Netherlands on environmental cooperation, established (October || and the Ministry of Economic Affairs of the Netherlands (hereinafter referred to as ""the Two Parties""), through friendly consultation, pledge their intent to cooperate on shared",absent,absent,,True,False
California/1December18,California,1December18,d:\NLP_Project_tasks_6_8_11\OCR_output\California\1December18.txt,absent,,absent,,present,found,"1. Share and explore innovations in fuel management methods, including prescribed and managed fire, pre-fire management, post-fire restoration, post-treatment monitoring and evaluation, tools and || forests are responding to changes in climatic conditions. 5. Share and explore innovations in low-carbon emitting, or carbon sequestering, utilization ofl harvested",False,True
California/1December21,California,1December21,d:\NLP_Project_tasks_6_8_11\OCR_output\California\1December21.txt,by_mutual_agreement,,found,the date of business meeting approval-and may be renewed thereafter by mutual agreement ofthe Participants. Either Participant may discontinue this Memorandum ofUnderstanding through || the Participants. SECTION 8. DURATION Cooperation under this Memorandum of Understanding is effective upon signature by the,absent,absent,,True,False
California/1December4,California,1December4,d:\NLP_Project_tasks_6_8_11\OCR_output\California\1December4.txt,automatic,,found,"Itis intended to provide quality simultaneous translation services at every meeting to ensure effective communication. Meeting date, location notice and agendas would be provided at least ten (10) days before the meeting and meeting minute… || Meeting date, location notice and agendas would be provided at least ten (10) days before the meeting and meeting minutes",absent,absent,,True,False
California/1December7,California,1December7,d:\NLP_Project_tasks_6_8_11\OCR_output\California\1December7.txt,automatic,,found,Joint Declaration. 10. AMENDMENTS This Joint Declaration may be modified in writing by mutual consent of France and California. || supports the objectives of this Joint Declaration may be shared amongst them in other to achieve the objectives of this.,present,found,"1. PURPOSE This joint declaration is being signed on the occasion and in the spirit of the COP21 international climate talks being held in Paris, France in December 2015, to promote cooperation on ambitious responses to climate change and … || reporting of greenhouse gases emissions, developing carbon pricing systems and other market based instruments, promoting reductions of emissions from forest management, developing climate planning,",True,True
California/1December7 (1),California,1December7 (1),d:\NLP_Project_tasks_6_8_11\OCR_output\California\1December7 (1).txt,by_mutual_agreement,,found,"ill make reasonable efforts to return the Sensors to CARB. This MOC may be amended at any time as agreed by the Participants in writing. SECTION IV DISPUTE RESOLUTION, AUTHORIZED REPRESENTATIVES, NOTICES The Participants will use their bes… || SECTION IV DISPUTE RESOLUTION, AUTHORIZED REPRESENTATIVES, NOTICES The Participants will use their best efforts to settle amicably any dispute, controversy, or",present,found,"3. Inform CARB of any problems that may arise with the Sensors' operation and consult with CARB on potential solutions; 4. Undertake reasonable efforts to maintain the continued operation of the Sensors; 5. Use the data provided by the Sen… || operation; 4. Provide the Municipality with additional consultation on installation, maintenance, and other technical issues relating to the sensors as needed.",True,True
California/1December7 (2),California,1December7 (2),d:\NLP_Project_tasks_6_8_11\OCR_output\California\1December7 (2).txt,absent,,absent,,present,found,"development report, implements bilateral cooperation, and provides consulting service for governments and companies. 1 pp || The two parties shall take turns organizing the annual low carbon leaders' conference, review the progress of existing cooperation programs, and",False,True
California/1February14,California,1February14,d:\NLP_Project_tasks_6_8_11\OCR_output\California\1February14.txt,absent,,absent,,absent,absent,,False,False
California/1February26,California,1February26,d:\NLP_Project_tasks_6_8_11\OCR_output\California\1February26.txt,automatic,,found,"mutual consent of the Parties. ARTICLE VI DURATION This Memorandum of Understanding is indefinite, but either party may withdraw from the Memorandum of Understanding [30] days after written || and does not create any legally binding rights or obligations for either Party. ARTICLE V MODIFICATIONS This Memorandum of Understanding may be modified at any time by",absent,absent,,True,False
California/1January30,California,1January30,d:\NLP_Project_tasks_6_8_11\OCR_output\California\1January30.txt,automatic,,found,"This MOU may be amended or modified by mutual written consent of the Participants. Either Participant may terminate this MOU by providing the other with 30 days written notice. || any legally binding or enforceable rights or obligations, expressed or implied. Paragraph 9 NOTICES Any notice or other communication between the Participants under this MOU will be in writing",absent,absent,,True,False
California/1January9,California,1January9,d:\NLP_Project_tasks_6_8_11\OCR_output\California\1January9.txt,automatic,,found,in advance of the termination. 6. Signing Authority. Each person signing this Letter of Intent represents and warrants that he || or she is duly authorized and has legal capacity to execute and deliver on the requirements created in this Letter of Intent and that executing this Letter of Intent will not violate any,absent,absent,,True,False
California/1July12,California,1July12,d:\NLP_Project_tasks_6_8_11\OCR_output\California\1July12.txt,absent,,absent,,present,found,"LETTER OF INTENT, REGARDING ENVIRONMENTAL PROTECTION, SUBSCRIBED BY THE GOVERNMENT OF THE STATE OF CALIFORNIA, UNITED STATES OF AMERICA AND THE GOVERNMENT OF THE STATE OF MEXICO, UNITED STATES OF MEXICO. The State of California of the Unit… || Verification Centers' Control Systems operated in California, reducing emissions of contaminants and training public.officers in the State of Mexico for the use of such",False,True
California/1July29,California,1July29,d:\NLP_Project_tasks_6_8_11\OCR_output\California\1July29.txt,by_mutual_agreement,,found,"This MOU will be applicable upon the date of its signature by both participants, and will remain in force during five years that may be renewed for equal periods, by mutual consent || 4 Paragraph 10 Final Provisions This MOU will not generate legally binding obligations for any of ""the Participants"". This MOU will be applicable upon the date of its signature by both participants, and will remain in force during five yea…",absent,absent,,True,False
California/1July30,California,1July30,d:\NLP_Project_tasks_6_8_11\OCR_output\California\1July30.txt,absent,,absent,,absent,absent,,False,False
California/1July30 (1),California,1July30 (1),d:\NLP_Project_tasks_6_8_11\OCR_output\California\1July30 (1).txt,automatic,,found,"This MOU may be modified at any time by mutual consent of the Participants. Any modification shall be made in writing and specify the date on || ARTICLE IX Final Provisions This MOU shall become effective upon its signature, and shall remain in effect for an-indefinite duration, subject to the provisions below.",absent,absent,,True,False
California/1July5,California,1July5,d:\NLP_Project_tasks_6_8_11\OCR_output\California\1July5.txt,automatic,,found,"agreed upon by all parties. IV.3.- Unless canceled by any party, this MOU will automatically be renewed for one-year periods, until a new agreement that substitutes or modifies it is signed. || All amendments and/or extensions or subsequent contracts entered into for the same or continued purposes are executed contingent upon",present,found,"GOBIERNO MINISTERIO DE ESPANA DE EDUCACOR CULTURA Y DEPORTE - Ministry of Education, Culture and Sport of Spain California Department of Education years unless exceptional circumstances occur as to require modification of said time limits,… || implementation of this program. This report will suggest proposals for improvement. IV.] DURATION IV.1.- This MOU is valid for four years and may be canceled on demand by either party due to",True,True
California/1June1,California,1June1,d:\NLP_Project_tasks_6_8_11\OCR_output\California\1June1.txt,by_mutual_agreement,,found,"specific highlight the economic risks ofinaction on climate change. milestones and appropriatet targets and lannual progress reports tol PCC leaders. PCC Governorsa and the Premier ofBritish Columbia will meet Asas sector focused on evalua… || leaders. PCC Governorsa and the Premier ofBritish Columbia will meet Asas sector focused on evaluating and underwriting; risk, the insurance",present,found,"has committed significant fundingt to Federal Forest Health Program fires by purchasinga private insurance policy that helpst to cover firefighting toi increase thep pace and scale offorest restoration and fire resilience on expenses when … || doption amongf fleets and the broader market, the PCC is committingto woodstovea and diesel retrofit programs, and will be reviewing data from work with major West Coast cities tol help create a comprehensivel Pacific ambient ozone and met…",True,True
California/1June1 (1),California,1June1 (1),d:\NLP_Project_tasks_6_8_11\OCR_output\California\1June1 (1).txt,by_mutual_agreement,,found,"Coast Jurisdictions and Cities creates the opportunity to extend these than 3,000 today. Los Angeles] leads the country ast the city with the successfull benchmarking: and disclosure programs throughout the most installed megawatts ofsolar… || , supply ofvehicles needs tol be sufficient to heating tol lower carbon fuels and are encouraging new infrastructure meet demand. California's Zero Emission Vehicle Program and related models, such as district! heating. Regional collaborat…",present,found,"h, stakeholder Collaborativet to encourage public and private Aleet conversion to ZEVS, engagement, and policy development and implementation at the state, aiming for 10% ZEV procurement for all new fleet vehicle purchases in provincial, a… || systems, buildings, transportation, and waste management; building energy benchmarking and disclosure, aiming for atleast",True,True
California/1June14,California,1June14,d:\NLP_Project_tasks_6_8_11\OCR_output\California\1June14.txt,absent,,absent,,absent,absent,,False,False
California/1June24 (1),California,1June24 (1),d:\NLP_Project_tasks_6_8_11\OCR_output\California\1June24 (1).txt,by_mutual_agreement,,found,"SAGARPA cdfa SECRETARIA DE AGRICUITURA, GANADERIA. DESAKROLLO RURAL: PESCA Y ALIMINTACION CALIFORNIA DEPARTMENT OF FOOD & AGRICULTURE b) Promote the exchange of information in areas of conventional and organic agricultural production. c) P… || achievements obtained based on this Memorandum of Understanding. ""The Parties"" will keep informed their respective international affairs offices, on the progress",present,found,"""The Parties"" could prepare in a joint manner, reports and evaluations, considering comments from technical areas participating in the cooperation actions, to assess the progress and || SAGARPA cdfa SECRETARIAT DE AGRICULTURA, GANADERIA. DESARROLLO RURAL PESCA Y ALMENTACION CALIFORNIA DEPARTMENT OF FOOD & AGRICULTURE THIRD PARAGRAPH PARTICIPATING PERSONNEL Each party shall carry out the necessary procedures with competent…",True,True
California/1June26,California,1June26,d:\NLP_Project_tasks_6_8_11\OCR_output\California\1June26.txt,automatic,,found,"effective unless otherwise amended in writing and signed by the participants. 7. AMENDMENT This Memorandum of Understanding may be revised by mutual written consent of the participants at || Nathalie Morin, Director General, Energy and Transportation Directorate, Environment and Climate Change Canada 2) The points of contact for this Memorandum of Understanding will:",present,found,"a lifecycle basis. Share information and seek areas ofl harmonization on life cycle assessment methodologies and data, including around indirect land use change. Share information and lessons learned on the establishment and operation of a… || and the California Air Resources Board's respective competencies and based on principles of equality, reciprocity, information exchange and mutual benefit. 1. AREAS OF COOPERATION Collaborate on the development of policies and programs tha…",True,True
California/1June5,California,1June5,d:\NLP_Project_tasks_6_8_11\OCR_output\California\1June5.txt,by_mutual_agreement,,found,7. Other areas mutually agreed by the Participants. Paragraph 3 IMPLEMENTATION The implementation of this MOU will be led by the Governor's Office: and Energy Resources || five (5).vear rs thereafter This MOU may be renewed for equal periods by mutual consent of the Participants until terminated,absent,absent,,True,False
California/1June6,California,1June6,d:\NLP_Project_tasks_6_8_11\OCR_output\California\1June6.txt,automatic,,found,"To achieve these objectives, the Participants agree to develop the California-China Clean Technology Partnership (CCCTP, hereinafter referred to as the ""Partnership""), which will allow the Participants to communicate and cooperate on matte… || five (5) years thereafter. This MOU may be renewed for equal periods by mutual consent of the Participants until terminated",absent,absent,,True,False
California/1June7,California,1June7,d:\NLP_Project_tasks_6_8_11\OCR_output\California\1June7.txt,by_mutual_agreement,,found,This MOU may be amended or modified by mutual written consent of the Participants. 30 Either Participant may terminate this MOU by providing the other with 30 days || h a This MOU may be renewed for equal periods by mutual consent of the Participants until terminated through written notice.,absent,absent,,True,False
California/1June7 (1),California,1June7 (1),d:\NLP_Project_tasks_6_8_11\OCR_output\California\1June7 (1).txt,by_mutual_agreement,,found,"Memorandum of Understanding on Environment Cooperation The California Environmental Protection Agency And The Beijing Municipal Environmental Protection Bureau The intent of this Memorandum of Understanding on Environment Cooperation is to… || meetings; Collaborative research on pollution prevention and control; Best policy practice and knowledge, and experience sharing; Capacity building through study tours, lab comparisons, in-depth technical trainings, and invited lectures; E…",present,found,"Memorandum of Understanding on Environment Cooperation The California Environmental Protection Agency And The Beijing Municipal Environmental Protection Bureau The intent of this Memorandum of Understanding on Environment Cooperation is to… || meetings; Collaborative research on pollution prevention and control; Best policy practice and knowledge, and experience sharing; Capacity building through study tours, lab comparisons, in-depth technical trainings, and invited lectures; E…",True,True
California/1June7 (2),California,1June7 (2),d:\NLP_Project_tasks_6_8_11\OCR_output\California\1June7 (2).txt,by_mutual_agreement,,found,"party. VI. Execution and Validity This MOU is executed on June 7, 2016, in Beijing, China. The MOU is executed in duplicate in Chinese and English; both versions are equally authentic. This MOU shall come into force upon execution by both … || terminate this MOU, it shall notify the other party in writing six months in advance, and the solution shall be negotiated jointly by",absent,absent,,True,False
California/1June9,California,1June9,d:\NLP_Project_tasks_6_8_11\OCR_output\California\1June9.txt,by_mutual_agreement,,found,"written notice. JAE - n KE. This MOU may be amended or modified by mutual written consent of the Participants. + - Either Participant may terminate this MOU by providing the other with 30 days || will remain in force for five (5) years thereafter, and may be renewed for equal periods by mutual consent of the Participants, until terminated through",absent,absent,,True,False
California/1March11,California,1March11,d:\NLP_Project_tasks_6_8_11\OCR_output\California\1March11.txt,by_mutual_agreement,,found,OF ALIF ENERGY COMMISSION Provincie SINCE 1975 Noord-Holland 3) To assign the Coast to Coast e-Mobility program to be liaison between the California Energy Commission and the Province of Noord-Holland on these developments for at least thr… || Coast to Coast e-Mobility (see Article 4). 2 OF ALIF ENERGY COMMISSION Provincie SINCE 1975 Noord-Holland 3) To assign the Coast to Coast e-Mobility program to be liaison between the,present,found,"OF ALIF ENERGY COMMISSION Provincie SINCE 1975 Noord-Holland 3) To assign the Coast to Coast e-Mobility program to be liaison between the California Energy Commission and the Province of Noord-Holland on these developments for at least thr… || IB Program; if the Program is not extended the Consulate General intends to coordinate the last year), and 4) To require that the Coast to Coast e-Mobility program reports annually on the",True,True
California/1March15,California,1March15,d:\NLP_Project_tasks_6_8_11\OCR_output\California\1March15.txt,automatic,30 days,found,be proposed by the BMA or the Supervisors on a permanent basis or in light of specific circumstances. A list of such forums shall be maintained by the BMA and all Supervisors shall be consulted on or informed of any changes as necessary. A… || 2. A Supervisor may terminate its participation in this MMOU at any time by giving at least 30 days prior notice in writing to the BMA which shall inform all other Supervisors without delay. The retiring Supervisor may continue to cooperat…,present,found,"be proposed by the BMA or the Supervisors on a permanent basis or in light of specific circumstances. A list of such forums shall be maintained by the BMA and all Supervisors shall be consulted on or informed of any changes as necessary. A… || (a) Facilitate group-wide supervision, entailing in particular but not limited to, an assessment of the Group's: (1) financial situation, (2) compliance with the rules on solvency, (3) risk",True,True
California/1March28,California,1March28,d:\NLP_Project_tasks_6_8_11\OCR_output\California\1March28.txt,by_mutual_agreement,,found,"The scope of the above activities and cooperation may be changed or extended to other areas by written consent of the Participants. || thirty (30) days written notice to the other Participants. iii) This MOU may be modified in writing by mutual consent of the Participants, and",present,found,"DSM; e. Policy analysis for assessment of energy sector alternatives; f. Renewable energy grid integration, policies and programs. || distribution of electricity; C. Regulatory framework forfacilitatingDSM; d. Training ofthe staffofthe regulatory commissions and the utilities in the area of",True,True
California/1March5,California,1March5,d:\NLP_Project_tasks_6_8_11\OCR_output\California\1March5.txt,absent,,absent,,absent,absent,,False,False
California/1May11,California,1May11,d:\NLP_Project_tasks_6_8_11\OCR_output\California\1May11.txt,absent,,absent,,present,found,"Memorandum of Understanding On Friendly Exchanges and Cooperation Between The State of California, United States of America And Osaka Prefecture, Japan At the invitation ofMr. Edmund G. Brown Jr., Governor of California, Mr. Ichiro Matsui,… || And Osaka Prefecture, Japan At the invitation ofMr. Edmund G. Brown Jr., Governor of California, Mr. Ichiro Matsui, Governor of Osaka Prefecture led an official delegation to visit Sacramento, California on June 11,",False,True
California/1May24,California,1May24,d:\NLP_Project_tasks_6_8_11\OCR_output\California\1May24.txt,by_mutual_agreement,,found,"the Ministry of Infrastructure and the Environment of the Kingdom of the Netherlands (hereinafter referred to as ""the Two Parties""), through friendly consultation, renew their || between their two governments. This collaboration has included the Letters of Intent between them signed October 30, 2013 in Sacramento, California and on March 3, 2015",absent,absent,,True,False
California/1May25,California,1May25,d:\NLP_Project_tasks_6_8_11\OCR_output\California\1May25.txt,absent,,absent,,absent,absent,,False,False
California/1November11,California,1November11,d:\NLP_Project_tasks_6_8_11\OCR_output\California\1November11.txt,automatic,,found,"responsibility for implementing this Memorandum. The Parties may, by written notice to the other. Party, designate additional or different persons as points of contact but the Parties expect || other partnerships as appropriate. (d) The Parties will periodically evaluate the effectiveness of working in collaboration,",present,found,"other regions, development of templates, case studies analysis, tool and resource sharing, and analysis of governance structures in specific || other partnerships as appropriate. (d) The Parties will periodically evaluate the effectiveness of working in collaboration,",True,True
California/1November12,California,1November12,d:\NLP_Project_tasks_6_8_11\OCR_output\California\1November12.txt,automatic,,found,"conclude a Memorandum of Understanding (MOU). 4. Coordination: In order to carry out and fulfil the aims of this Lol, each party will appoint an (the) || under this Lol. A general evaluation of this cooperation and its future will be conducted and reported upon completing 12 months from the date of signing the Lol.",present,found,"b. Emissions C. Enforcement d. Data use and data sharing e. Cybersecurity 3. General understanding 1. Duration of Lol: This Lol shall be operational upon signing by both parties, will be deemed to commence on || under this Lol. A general evaluation of this cooperation and its future will be conducted and reported upon completing 12 months from the date of signing the Lol.",True,True
California/1November13,California,1November13,d:\NLP_Project_tasks_6_8_11\OCR_output\California\1November13.txt,by_mutual_agreement,,found,"This Letter of Intent may be modified at any time by mutual consent of the Parties. Any modification will bei madei in writing and specify the date on which such modification is tol become || mutually decide otherwise. This Letter of Intenti is signed on 13 November 2019 in Sacramento, California; each of the two",absent,absent,,True,False
California/1November2,California,1November2,d:\NLP_Project_tasks_6_8_11\OCR_output\California\1November2.txt,by_mutual_agreement,,found,"6 (1) The Participants have decided that any disagreement arising from the implementation of this MOU shall be settled in writing over amicable discussion; || (E) EF, * RE E, * PjEt, HTYFLZ; (2) This MOU is valid for three years upon the date of signature. The MOU may be extended and modified with the written consent of the Participants;",absent,absent,,True,False
California/1November2 (1),California,1November2 (1),d:\NLP_Project_tasks_6_8_11\OCR_output\California\1November2 (1).txt,by_mutual_agreement,,found,"The MOU may be extended and modified with the mutual written consent of the Participants; (E) XXJJ1 E19 X IES it, JU I ; || implementation of this MOU shall be settled in writing over amicable discussion; (I) + - EXITJ HE, R, a JIFEEI; (2) This MOU is valid for three years upon the date of signature.",absent,absent,,True,False
California/1November7,California,1November7,d:\NLP_Project_tasks_6_8_11\OCR_output\California\1November7.txt,absent,,absent,,absent,absent,,False,False
California/1November8,California,1November8,d:\NLP_Project_tasks_6_8_11\OCR_output\California\1November8.txt,by_mutual_agreement,,found,"technologies, including within energy-intensive industries and transportation, and carry out technology exchange and promotion; Activities that support subnational climate change leadership on low carbon development and cities' low carbon … || pollution prevention of industry park, low carbon and recycling development; and Other mutually agreed activities. ARTICLE 2 Forms of Cooperation",absent,absent,,True,False
California/1November9,California,1November9,d:\NLP_Project_tasks_6_8_11\OCR_output\California\1November9.txt,absent,,absent,,absent,absent,,False,False
California/1October14,California,1October14,d:\NLP_Project_tasks_6_8_11\OCR_output\California\1October14.txt,absent,,absent,,absent,absent,,False,False
California/1October2,California,1October2,d:\NLP_Project_tasks_6_8_11\OCR_output\California\1October2.txt,automatic,,found,This MOU mayl be amended or modified by mutual written consent of the Participants. Either Participant may terminate this MOU by providing the other with 30 days written notice. || resolved through consultations. Paragraph 9 NOTICES Any notice or other communication between the Participants under this MOU will be in writing,present,found,"- Energy efficiency (code compliance, data collection, datal laboratories); Emissions monitoring, reporting, verification, and enforcement; || . Clean energy technology; a. Environment, e.g.: Air quality (including air pollution abatement); Waste stream efficiency;",True,True
California/1October2 (1),California,1October2 (1),d:\NLP_Project_tasks_6_8_11\OCR_output\California\1October2 (1).txt,by_mutual_agreement,,found,Section 9 NOTICES Any notice or other communication between thel Participants under this MOU will be in writing and shall be addressed to: || of final execution. The MOU may continue to be in force for an additional two-year period ifthe Signatories SO jointly decide.,present,found,"The Californian Party has appointed the California Energy Commission (CEC). Thel Danish Energy Agency and the CEC will each appoint a focal point to assist and coordinate || activities related to this MOU. The focal points for Denmark and California, respectively, will meet at regular intervals to assess the progress and, if possible, support thei implementation of",True,True
California/1October28,California,1October28,d:\NLP_Project_tasks_6_8_11\OCR_output\California\1October28.txt,automatic,,found,"endeavor in good faith to resolve such differences. Paragraph 7 Final Provisions This Memorandum ofUnderstanding is effective from the date ofits signature, for a four (4) yearj period. This Memorandum of Understanding may be modified at a… || This Memorandum of Understanding may be modified at any time by mutual consent of the Parties. Any modification will be made in writing and specify the date on which such",absent,absent,,True,False
California/1October28 (1),California,1October28 (1),d:\NLP_Project_tasks_6_8_11\OCR_output\California\1October28 (1).txt,absent,,absent,,present,found,"isi in 2015. The governments of California, British Columbia, ani international agreementt to reduce global greenhouse gas emissions, Oregon and Washington will coordinatet the activities they including discussions at the coming Conference… || g that states and provinces around the world arel battling science. climate change through technology innovation and actions that Leaders of California, British Columbia, Oregon and Washington limit greenhouse gas emissions and other air p…",False,True
California/1October3,California,1October3,d:\NLP_Project_tasks_6_8_11\OCR_output\California\1October3.txt,absent,,absent,,present,found,"bodies, with the corresponding evaluation of current las normas regulatorias y la proteccion de los cuerpos management, operations, and support of wastewater binacionales de agua, con la correspondiente || infrastructure. To ensure these efforts are evaluacion del actual manejo, operaciones y apoyo de accomplished, an annual report due each September la infraestructura de aguas residuales.",False,True
California/1October31,California,1October31,d:\NLP_Project_tasks_6_8_11\OCR_output\California\1October31.txt,by_mutual_agreement,,found,The MOU may be extended and modified with the mutual written consent of the Parties; C. This MOU may be terminated by either party with a written notice. || implementation of this MOU shall be settled in writing over amicable discussion; b. This MOU is valid for three (3) years upon the date of signature.,present,found,"previous low-carbon urban and rural development project through sharing of relevant documents and other resources; e. Co-compilation of the coordinated report identifying the major areas in || 4. Cooperation Mechanism The Parties will carry out the following activities to achieve the objectives of this MOU, a. Each Party will appoint the appropriate institutions to establish a Working Group, which will coordinate the implementat…",True,True
California/1October4,California,1October4,d:\NLP_Project_tasks_6_8_11\OCR_output\California\1October4.txt,by_mutual_agreement,,found,c) Cooperate on food safety issues; plant and animal health; cross-border inspections; transportation logistics and trade issues. d) Promote cooperation in agricultural workforce development SECOND PARAGRAPH Activities of Cooperation Coope… || progress achieved from the activities of cooperation referred to in this Memorandum of Understanding. SIXTH PARAGRAPH Duration,present,found,"Assessment Mechanism The Participants may prepare in a joint manner, reports and evaluations, considering comments from technical areas participating in the activities of cooperation, to assess the || progress and achievements obtained based on this Memorandum of Understanding. The Participants intend to inform their respective international affairs offices, on the",True,True
California/1October4 (1),California,1October4 (1),d:\NLP_Project_tasks_6_8_11\OCR_output\California\1October4 (1).txt,automatic,,found,"This Memorandum of Understanding may be modified at any time by mutual consent of the Participants. Any modification will be made in writing and specify the date on which || Memorandum of Understanding is in effect, unless the Participants mutually decide otherwise. Signed in Mexico City on October 4rd, 2019, in two original copies in the English and",present,found,"The Working Group must present a mid-term and a final report on the results of the implementation of the action plan. SECTION IV || 3 The Working Group will meet on a regular, periodic basis in order to follow up on the Memorandum of Understanding's implementation. The Ministry of Economy and the relevant agencies of the Government of California will be in charge of ca…",True,True
California/1October5,California,1October5,d:\NLP_Project_tasks_6_8_11\OCR_output\California\1October5.txt,absent,,absent,,absent,absent,,False,False
California/1September10,California,1September10,d:\NLP_Project_tasks_6_8_11\OCR_output\California\1September10.txt,automatic,,found,"1. This MOU may be amended by mutual written agreement. 2. This MOU shall be effective upon the date of its signing by both PARTIES and shall || through amicable consultation, based on the principles of mutual benefit, equality, cooperation, and trust. ARTICLE 7 AMENDMENT AND VALIDITY",present,found,inter-city area & monitor EV 1 - 1. Planning & deployment of Chargers 1 - 2. Requirements and needs research 2. Deploying systems to promote || ANNEX I Implementation Schedule*1 for the PROJECT Action Item 2015 2016 2017 2018 2019 2020 1. Deploying DC Fast chargers in inter-city area & monitor EV 1 - 1. Planning & deployment of Chargers 1 - 2. Requirements and needs research 2. De…,True,True
California/1September10 (1),California,1September10 (1),d:\NLP_Project_tasks_6_8_11\OCR_output\California\1September10 (1).txt,automatic,,found,"1. This MOU may be amended by mutual written agreement. 2. This MOU shall be effective upon the date of its signing by both PARTIES and shall || through amicable consultation, based on the principles of mutual benefit, equality, cooperation, and trust. ARTICLE 7 AMENDMENT AND VALIDITY",absent,absent,,True,False
California/1September12,California,1September12,d:\NLP_Project_tasks_6_8_11\OCR_output\California\1September12.txt,absent,,absent,,absent,absent,,False,False
California/1September15,California,1September15,d:\NLP_Project_tasks_6_8_11\OCR_output\California\1September15.txt,absent,,absent,,absent,absent,,False,False
California/1September15 (1),California,1September15 (1),d:\NLP_Project_tasks_6_8_11\OCR_output\California\1September15 (1).txt,automatic,,found,"Activities to strengthen performance standards within various economic sectors to control carbon, methane and other high global warming potential gases while enabling economic growth; Activities to implement carbon emissions trading system… || ARTICLE 21 Forms of Cooperation Forms of cooperation may include the following and any other forms agreed to by both Parties:",absent,absent,,True,False
California/1September15 (2),California,1September15 (2),d:\NLP_Project_tasks_6_8_11\OCR_output\California\1September15 (2).txt,automatic,,found,"Exchange and collaboration regarding start-ups and networking of start-up ecosystems, specifically through partnership with the California Innovation Hub (iHub) Networ Sharing and transfer of know-how and potential project concerning compr… || University have enjoyed a cooperation since 1995 as well as an exchange program that was renewed in 2015. The Partners have come to the following understanding: 1. The Land Baden-Warttemberg and the State of California express their intent…",absent,absent,,True,False
California/1September19,California,1September19,d:\NLP_Project_tasks_6_8_11\OCR_output\California\1September19.txt,automatic,,found,"consultations between the Participants. Section 9 = Term This MOU is intended to be effective upon signature, and in effect for five years from the date || For the Government of the Kingdom of For the Governor of California; Denmark; E dande dommr shm Minister for Environment and Food,",present,found,"conservation, water use efficiency, reduction of water loss, and energy use in the distribution system. Sharing ideas and approaches for auditing and benchmarking of || 3. Sharing of best practices, regulatory approaches, research, and potential solutions for wastewater treatment - particularly focused on reducing the carbon footprint,",True,True
California/1September22 (1),California,1September22 (1),d:\NLP_Project_tasks_6_8_11\OCR_output\California\1September22 (1).txt,absent,,absent,,present,found,"President Wang also had official talks with Governor Edmund G. Brown Jr., Governor of California, during the U.S.-China Governors Forum in Seattle, Washington on || September 22nd. During their talks, they reviewed the existing exchanges between the two sides in different areas and spoke of the opportunities for",False,True
California/1September22 (2),California,1September22 (2),d:\NLP_Project_tasks_6_8_11\OCR_output\California\1September22 (2).txt,by_mutual_agreement,,found,"Page I 2 This U.S.-China Governors' Accord On Clean Energy and Economic Development signed as ofthe 22nd day of September 2015. || The Signatories through their designated offices agree to establish a mechanism for regular meetings such as via video conference to share information, approaches",absent,absent,,True,False
California/1September29,California,1September29,d:\NLP_Project_tasks_6_8_11\OCR_output\California\1September29.txt,uncertain,,uncertain,"described above upon approval by the Participants. Any Participant may withdraw from the Alliance by providing written notice to the other Participants. || Additional Participants, Withdrawal of Participants Additional jurisdictions may. join the ZEV Alliance by committing to the same vision and objectives",absent,absent,,True,False
California/1Undated,California,1Undated,d:\NLP_Project_tasks_6_8_11\OCR_output\California\1Undated.txt,absent,,absent,,absent,absent,,False,False
California/1Undated (1),California,1Undated (1),d:\NLP_Project_tasks_6_8_11\OCR_output\California\1Undated (1).txt,by_mutual_agreement,,found,"For the adequate development of the activities set forth in the present shall designate a responsible person or persons: MOU, each PARTY CDE: Tom Torlakson, State Superintendent of Public Instruction 1430 N Street Sacramento, CA 95814 U.S.… || ARTICLE NINE: SETTLEMENT OF DISPUTES Whatever controversy that derives from the interpretation or be resolved in mutual accord among THE PARTIES.",absent,absent,,True,False
California/California_1,California,California_1,d:\NLP_Project_tasks_6_8_11\OCR_output\California\California_1.txt,by_mutual_agreement,,found,"San Francisco. These organizations will coordinate the implementation of this MOC, as appropriate, with other commitments between entities in California and Japan, and will meet, in || on either Side. The cooperation under this MOC will continue for four years from the 5th day of September after Both Sides have signed this MOC and may be modified and/or its effective term extended",absent,absent,,True,False
California/California_10,California,California_10,d:\NLP_Project_tasks_6_8_11\OCR_output\California\California_10.txt,uncertain,,uncertain,"In such 4 MB-00013 PRR-2023-0680 instance, the terminating Party will continue to be bound by this Agreement with regard to any Shared Information in its possession. || the other Parties to this Agreement at least ten working days prior to such disclosure. In the event that a decision about the requirements of disclosure of",present,found,"Development, Environment and Fight against Climate Change Pursuant to delegated authority. 6 MB-00015 PRR-2023-0680 APPENDIX A || APPENDIX A 1. WCI, Inc. contract 2016-02; contractor : Deutsche Bank National Trust Company. 2. WCI, Inc. contract 2016-01; contractor: Markit Group Limited. 3. WCI, Inc. contract 2015-03; contractor: Monitoring Analytics, LLC. 4. WCI, Inc…",True,True
California/California_11,California,California_11,d:\NLP_Project_tasks_6_8_11\OCR_output\California\California_11.txt,absent,,absent,,present,found,"This Investment Plan shall be reviewed and updated every three years. Projects funded by one Party should be communicated to the other Party, so that Project match funding || force for three (3) years thereafter. Before the end of this period, the Participants shall meet and review the projects funded as part of this program and determine the technology categories identified and",False,True
California/California_12,California,California_12,d:\NLP_Project_tasks_6_8_11\OCR_output\California\California_12.txt,automatic,,found,"Norway and California commit to reviewing this Declaration of Intent every 2 years, at which time each party can either confirm a continued intent to cooperate or terminate the Declaration. || Secretary for Environmental Protection Norway California, United States 4",present,found,"land-use change. Share technology and scientific data regarding measurement, reporting and verification of forest carbon sequestration and emissions, including GHG inventory and forest,monitoring design. || implementation, transparency of emissions reporting, and the devélopment of long-term low- emissions pathways. Encourage strong and lasting partnerships between states, non-state actors, and the private",True,True
California/California_13,California,California_13,d:\NLP_Project_tasks_6_8_11\OCR_output\California\California_13.txt,by_mutual_agreement,,found,"resolve such differences. This Declaration of Intent may be modified at any time by mutual consent off the Participants. || Any modification shall be made in writing and specify the date on which such modification is to become effective. Either Participant may, at any time, withdraw from this Declaration of Intent by providing a written",present,found,"carbon capture and sequestration. Points of contact, responsibilities, and revision of the Declaration of Intent For each year of this Declaration of Intent, the Participants will develop an annual work plan (""Work || instruments, to provide insights that may assist in the assessment of market mechanisms in other venues. d) Achieving a carbon neutral economy",True,True
California/California_14,California,California_14,d:\NLP_Project_tasks_6_8_11\OCR_output\California\California_14.txt,by_mutual_agreement,,found,"effect for an indefinite duration, subject to the provisions below. This Framework Agreement may be modified at any time by mutual consent of the || Parties. Any modification shall be made in writing and specify the date on which such modification is to become effective.",absent,absent,,True,False
California/California_15,California,California_15,d:\NLP_Project_tasks_6_8_11\OCR_output\California\California_15.txt,uncertain,,uncertain,"supply chain initiatives, regulations, updated farmer education and extension programs, online platforms and in-person events for sharing knowledge and practices, to create an enabling || Convention on Climate Change for the 2020 Conference of the Parties and in sub-national climate initiatives as part of broader climate action plans;",present,found,"ension programs, online platforms and in-person events for sharing knowledge and practices, to create an enabling environment for farmers, ranchers and those working to restore degraded lands through agriculture; (3) Promote widespread ado… || Global Soil Health Challenge o 2018 SOULHFALTA GLOBAL CHALLENGE The Global Climate Action Summit in September will bring leaders and people together from around the world to ""Take Ambition to the Next Level."" It will be a moment to celebra…",True,True
California/California_16,California,California_16,d:\NLP_Project_tasks_6_8_11\OCR_output\California\California_16.txt,automatic,,found,"the Secretariat. The Secretariat shall inform all Signatory Authorities of such notifications. 15. If the SWG determines that there has been a demonstrable change in the willingness or || months. This period may be extended for further periods of up to six months, at the request of the applicant. 11. If an application is in suspense, and the period expires without a request from the",present,found,"and relates to Licensing Fit and proper criteria Ongoing supervision, including auditing matters Winding up, liquidation or bankruptcy || Annex D: IAIS MMOU Request Sheet This request is being made under the IAIS MMOU on Cooperation and Information Exchange. I. Signatory Authorities involved (Art. 7 of the MMOU): 1. Point of Contact of the Requested Authority: Name: Telephon…",True,True
California/California_2,California,California_2,d:\NLP_Project_tasks_6_8_11\OCR_output\California\California_2.txt,absent,,absent,,present,found,"Ministerio de Agricultura icongr Gohlernode Chile conaf.got.d MEMORANDUM OF UNDERSTANDING BETWEEN THE STATE OF CALIFORNIA, DEPARTMENT OF FORESTRY AND FIRE PROTECTION AND THE REPUBLIC OF CHILE, LA CORPORACION NACIONAL FORESTAL ON COOPERATIO… || the area of community risk and hazard assessment, and exchange programs, including the preparation of community-level wildfire prevention plans.",False,True
California/California_3,California,California_3,d:\NLP_Project_tasks_6_8_11\OCR_output\California\California_3.txt,by_mutual_agreement,,found,"4 ARTICLE 10 This Memorandum of Understanding can be modified by mutual consent of the Parties in writing, specifying the date of the entry into force of any: such modifications. || Executed at the University of California, Davis, during the Governors' Global Climate Summit 3, United States of America, on November sixteen of two thousand and ten, in",absent,absent,,True,False
California/California_4,California,California_4,d:\NLP_Project_tasks_6_8_11\OCR_output\California\California_4.txt,automatic,,found,"according to interagency agreements established for that purpose. The duration of this Memorandum of Cooperation is intended to be perpetual, || Each party shall bear its own expenses of cooperating pursuant to this Memorandum, and will contribute to the operating expenses of the Task Force",present,found,representatives of each member agency will be appointed to maintain this Memorandum and coordinate Task Force activities. || These representatives and the Task Force Executive Coordinator will form the Task Force Coordinating Committee. The Coordinating Committee will meet quarterly and the Task Force,True,True
California/California_5,California,California_5,d:\NLP_Project_tasks_6_8_11\OCR_output\California\California_5.txt,by_mutual_agreement,,found,"Any announcement concerning the harmonization or integration of the Parties' programs shall bej prepared and, if possible, made public jointly. || CHAPTER V FINAL PROVISIONS ARTICLE 17 WITHDRAWAL PROCEDURE A Party may withdraw from this Agreement by giving written notice of intent to withdraw to the other Parties. A Party that intends to withdraw from this Agreement shall endeavour t…",present,found,"program registry, auction design and execution, auction platform, market regulations, invalidation of offset credits, enforcement, public disclosure of || ARTICLE 12 COORDINATED ADMINISTRATIVE AND TECHNICAL SUPPORT The Parties shall continue coordinating administrative and technical support through the WCI, Inc., an entity which was created to perform such services, including for the Parties…",True,True
California/California_6,California,California_6,d:\NLP_Project_tasks_6_8_11\OCR_output\California\California_6.txt,automatic,,found,"Article II Miseellaneous Matters 1. Each Party shall notify the other Party, in writing, through diplomatic channels, of the completion of its internal legal procedures. required for bringing this Agreement into force. This Agreement shall… || This Agreement may be amended, in writing, by mutual agreement of the Parties. Any such amendment shall enter into force in accordance with the procedure set forth in",absent,absent,,True,False
California/California_7,California,California_7,d:\NLP_Project_tasks_6_8_11\OCR_output\California\California_7.txt,absent,,absent,,absent,absent,,False,False
California/California_8,California,California_8,d:\NLP_Project_tasks_6_8_11\OCR_output\California\California_8.txt,automatic,,found,established by the receptor country. ARTICLE VIII Solution of Controversies Both parties through mutual agreement should resolve any differences that || may arise from the interpretation or application of this Agreement. ARTICLE VIII Final Dispositions This Agreement will take effect on the date signed and will be valid for five,present,found,"b. conduct informational workshops to the school districts regarding the terms, conditions and regulations of this Agreement and the Agreement of Collaboration for the school districts; C. develop and maintain an abbreviated version of the… || ARTICLE IlI Specific Actions of Cooperation I. The Secretary of Public Education of Mexico (SEP) will carry out the following activities: a. publish the annual Request for Teacher Applications for the Visiting Teachers Program; b. evaluate…",True,True
California/California_9,California,California_9,d:\NLP_Project_tasks_6_8_11\OCR_output\California\California_9.txt,absent,,absent,,absent,absent,,False,False
Connecticut/Connecticut_1,Connecticut,Connecticut_1,d:\NLP_Project_tasks_6_8_11\OCR_output\Connecticut\Connecticut_1.txt,by_mutual_agreement,,found,"Insurance Commissioner For: Office of the Superintendent of Financial Institutions Canada Name: Date Title: For: Superintendencia de Seguros Privados, Brazil (SUSEP) || the providing party to intervene in any action to preserve the confidentiality of the information. Notice shall be given to the appropriate contact person(s) by email and by mail at the address",absent,absent,,True,False
Connecticut/Connecticut_6,Connecticut,Connecticut_6,d:\NLP_Project_tasks_6_8_11\OCR_output\Connecticut\Connecticut_6.txt,automatic,,found,"to officers, and the maintenance of oraeroupe as are granted this article to the Commission. Sectiopects may adopt and wcurphaser || (PAPI state shall be binding unless a majarity of the members from such signatorys state shall have voted in Ravorit bimatenz For the of conductingi its general business, voting shall be by state units. The any two or more member notice to…",present,found,reasonable time to the inspection of such representatives of the respective sig- states be for that matergato orl beforer mther first of December of acerpeare the Commission shall submit to the respective governors of || A the signatory states afulla and complete report of its rernithe fort the; precedingyear. ARTICLE XI The: representatives: from any members state may: appoint and consult with an advisory committee composed of,True,True
Hawaii/Hawaii_10,Hawaii,Hawaii_10,d:\NLP_Project_tasks_6_8_11\OCR_output\Hawaii\Hawaii_10.txt,absent,,absent,,absent,absent,,False,False
Hawaii/Hawaii_14,Hawaii,Hawaii_14,d:\NLP_Project_tasks_6_8_11\OCR_output\Hawaii\Hawaii_14.txt,absent,,absent,,absent,absent,,False,False
Hawaii/Hawaii_35,Hawaii,Hawaii_35,d:\NLP_Project_tasks_6_8_11\OCR_output\Hawaii\Hawaii_35.txt,absent,,absent,,absent,absent,,False,False
Hawaii/Hawaii_37,Hawaii,Hawaii_37,d:\NLP_Project_tasks_6_8_11\OCR_output\Hawaii\Hawaii_37.txt,absent,,absent,,absent,absent,,False,False
Idaho/Idaho_1,Idaho,Idaho_1,d:\NLP_Project_tasks_6_8_11\OCR_output\Idaho\Idaho_1.txt,absent,,absent,,absent,absent,,False,False
Illinois/Illinois_6,Illinois,Illinois_6,d:\NLP_Project_tasks_6_8_11\OCR_output\Illinois\Illinois_6.txt,by_mutual_agreement,,found,"Declaration of Partnership Whereas, the informed use, management and protection of the water and related land resources ofthe Great Lakes St. Lawrence Basin is essential in maintaining a healthy environment, strong economy and high quality… || strengthening and formalizing this relationship. Therefore, Be It Resolved, that the eight member states ofthe Great Lakes Commission extend,",absent,absent,,True,False
Indiana/Indiana_2,Indiana,Indiana_2,d:\NLP_Project_tasks_6_8_11\OCR_output\Indiana\Indiana_2.txt,by_mutual_agreement,,found,"Declaration of Partnership Whereas, the informed use, management and protection of the water and related land resources ofthe Great Lakes St. Lawrence Basin is essential in maintaining a healthy environment, strong economy and high quality… || strengthening and formalizing this relationship. Therefore, Be It Resolved, that the eight member states ofthe Great Lakes Commission extend,",absent,absent,,True,False
Indiana/Indiana_5,Indiana,Indiana_5,d:\NLP_Project_tasks_6_8_11\OCR_output\Indiana\Indiana_5.txt,automatic,,found,"Parties and will remain in effect for a period of four years. This MOA may be extended or amended with the written consent of both of the Parties. || party participating in any cooperative activity or initiative will be responsible for all costs of its participation. Article 5: Liability When implementing any cooperative activities under this MOA, each of the Parties will be responsible…",absent,absent,,True,False
Indiana/Indiana_7,Indiana,Indiana_7,d:\NLP_Project_tasks_6_8_11\OCR_output\Indiana\Indiana_7.txt,absent,,absent,,absent,absent,,False,False
Maine/Maine_20,Maine,Maine_20,d:\NLP_Project_tasks_6_8_11\OCR_output\Maine\Maine_20.txt,automatic,,found,"to officers, and the maintenance of oraeroupe as are granted this article to the Commission. Sectiopects may adopt and wcurphaser || (PAPI state shall be binding unless a majarity of the members from such signatorys state shall have voted in Ravorit bimatenz For the of conductingi its general business, voting shall be by state units. The any two or more member notice to…",present,found,reasonable time to the inspection of such representatives of the respective sig- states be for that matergato orl beforer mther first of December of acerpeare the Commission shall submit to the respective governors of || A the signatory states afulla and complete report of its rernithe fort the; precedingyear. ARTICLE XI The: representatives: from any members state may: appoint and consult with an advisory committee composed of,True,True
Maryland/Maryland_10,Maryland,Maryland_10,d:\NLP_Project_tasks_6_8_11\OCR_output\Maryland\Maryland_10.txt,absent,,absent,,absent,absent,,False,False
Maryland/Maryland_55,Maryland,Maryland_55,d:\NLP_Project_tasks_6_8_11\OCR_output\Maryland\Maryland_55.txt,absent,,absent,,absent,absent,,False,False
Maryland/Maryland_56,Maryland,Maryland_56,d:\NLP_Project_tasks_6_8_11\OCR_output\Maryland\Maryland_56.txt,absent,,absent,,absent,absent,,False,False
Maryland/Maryland_70,Maryland,Maryland_70,d:\NLP_Project_tasks_6_8_11\OCR_output\Maryland\Maryland_70.txt,absent,,absent,,absent,absent,,False,False
Massachusetts/Massachusetts_26,Massachusetts,Massachusetts_26,d:\NLP_Project_tasks_6_8_11\OCR_output\Massachusetts\Massachusetts_26.txt,automatic,,found,"to officers, and the maintenance of oraeroupe as are granted this article to the Commission. Sectiopects may adopt and wcurphaser || (PAPI state shall be binding unless a majarity of the members from such signatorys state shall have voted in Ravorit bimatenz For the of conductingi its general business, voting shall be by state units. The any two or more member notice to…",present,found,reasonable time to the inspection of such representatives of the respective sig- states be for that matergato orl beforer mther first of December of acerpeare the Commission shall submit to the respective governors of || A the signatory states afulla and complete report of its rernithe fort the; precedingyear. ARTICLE XI The: representatives: from any members state may: appoint and consult with an advisory committee composed of,True,True
Michigan/Michigan_1,Michigan,Michigan_1,d:\NLP_Project_tasks_6_8_11\OCR_output\Michigan\Michigan_1.txt,automatic,,found,"information, such Party (the ""Disclosing Party"") shall promptly provide the WDBA, Canada and the Governor of Michigan or the Governor's Designee, and the International || that it is prepared to perform such obligations and exercise such rights. All requests, approvals, consents, waivers, reports, notices, certifications and",present,found,"that it is prepared to perform such obligations and exercise such rights. All requests, approvals, consents, waivers, reports, notices, certifications and || provided by the International Authority to a Party and designated as confidential by the International Authority; and All draft official records, including minutes, of meetings between the WDBA or Canada and a Michigan Party or their respe…",True,True
Michigan/Michigan_3,Michigan,Michigan_3,d:\NLP_Project_tasks_6_8_11\OCR_output\Michigan\Michigan_3.txt,automatic,,found,"4. Budgets. On or before the 30th day before the commencement. of each fiscal year for the WDBA, the WDBA and the Governor of Michigan or the Governor's Designee in consultation with the Michigan Parties shall establish an annual budget of… || necessary for the resulting Escrow Amount to cover (a) the Quarterly Budgeted Amount for such fiscal quarter and (b) the costs and expenses incurred or reasonably estimated to have been incurred by the Michigan Parties in the prior fiscal …",present,found,shall make such determination in writing as promptly as possible. The Payment Monitor's determination shall be final and binding on the WDBA and the Michigan Parties. Each written determination by a Payment Monitor shall include a form sig… || expenses included in the Supplemental Budget. All Party-Approved Costs and Expenses and all Monitor-Approved Costs and Expenses,True,True
Michigan/Michigan_6,Michigan,Michigan_6,d:\NLP_Project_tasks_6_8_11\OCR_output\Michigan\Michigan_6.txt,by_mutual_agreement,,found,"Declaration of Partnership Whereas, the informed use, management and protection of the water and related land resources ofthe Great Lakes St. Lawrence Basin is essential in maintaining a healthy environment, strong economy and high quality… || strengthening and formalizing this relationship. Therefore, Be It Resolved, that the eight member states ofthe Great Lakes Commission extend,",absent,absent,,True,False
Michigan/Michigan_9,Michigan,Michigan_9,d:\NLP_Project_tasks_6_8_11\OCR_output\Michigan\Michigan_9.txt,automatic,,found,"or on beball of the Contractor, state that all qualified applicants will reccive con - sideration for employment without regard to race, color, religion, sCx or national || have subaitted identical certifications for specific time periods: NOTICE TO PROSPECTIVE SUBCONTRACTOKS OF REQUIREMENT FOR CERTIFICATION OF",present,found,"5 The Board of Members shall formulate procedures for claims and reimbursement under the provisions of this Article. 7.6 Aid by a Member to an area subject to federal jurisdiction shall not be required under this Agreement. Article VIII 8.… || 8.3 On or before the first day of March of each year, the Board of Members shall submit to the Members a full and complete report of its activities for the",True,True
Minnesota/Minesota_4,Minnesota,Minesota_4,d:\NLP_Project_tasks_6_8_11\OCR_output\Minnesota\Minesota_4.txt,by_mutual_agreement,,found,"Declaration of Partnership Whereas, the informed use, management and protection of the water and related land resources ofthe Great Lakes St. Lawrence Basin is essential in maintaining a healthy environment, strong economy and high quality… || strengthening and formalizing this relationship. Therefore, Be It Resolved, that the eight member states ofthe Great Lakes Commission extend,",absent,absent,,True,False
Minnesota/Minesota_6,Minnesota,Minesota_6,d:\NLP_Project_tasks_6_8_11\OCR_output\Minnesota\Minesota_6.txt,automatic,,found,"or on beball of the Contractor, state that all qualified applicants will reccive con - sideration for employment without regard to race, color, religion, sCx or national || have subaitted identical certifications for specific time periods: NOTICE TO PROSPECTIVE SUBCONTRACTOKS OF REQUIREMENT FOR CERTIFICATION OF",present,found,"5 The Board of Members shall formulate procedures for claims and reimbursement under the provisions of this Article. 7.6 Aid by a Member to an area subject to federal jurisdiction shall not be required under this Agreement. Article VIII 8.… || 8.3 On or before the first day of March of each year, the Board of Members shall submit to the Members a full and complete report of its activities for the",True,True
New Hampshire/NewHempshire_3,New Hampshire,NewHempshire_3,d:\NLP_Project_tasks_6_8_11\OCR_output\New Hampshire\NewHempshire_3.txt,automatic,,found,"to officers, and the maintenance of oraeroupe as are granted this article to the Commission. Sectiopects may adopt and wcurphaser || (PAPI state shall be binding unless a majarity of the members from such signatorys state shall have voted in Ravorit bimatenz For the of conductingi its general business, voting shall be by state units. The any two or more member notice to…",present,found,reasonable time to the inspection of such representatives of the respective sig- states be for that matergato orl beforer mther first of December of acerpeare the Commission shall submit to the respective governors of || A the signatory states afulla and complete report of its rernithe fort the; precedingyear. ARTICLE XI The: representatives: from any members state may: appoint and consult with an advisory committee composed of,True,True
New Jersey/NewJersey_9,New Jersey,NewJersey_9,d:\NLP_Project_tasks_6_8_11\OCR_output\New Jersey\NewJersey_9.txt,by_mutual_agreement,,found,"parties' and: wiliterminate on-September 30, 2010: At the termination of this: Agreement the ainterested Parties may, by written agreement, renew this || Agreementof Understending for a specified period of time. : V. Limitations of Agreement : The Goveinors of theStates of Chihuahua and New Mexico acknowledge that this",present,found,"software and electronic-data systems; 4Further improving the capacties of public and private heaith services providers and analytical laboratories staff on both sides of the border || through workshops, professional seminars and training courses, study tours and.statf exchanges: * 5. Further im ung collaboration- and coordination of preventive and",True,True
New York/NewYork_1,New York,NewYork_1,d:\NLP_Project_tasks_6_8_11\OCR_output\New York\NewYork_1.txt,by_mutual_agreement,,found,"NEWYORK NYSERDA STATEOF OPPORTUNITY. Danish Ministry of Climate, Energy and Utilities Extension of Cooperative Agreement Reference is made to that Cooperation Agreement by and between the New York State Energy Research and Development Auth… || a. The Parties may agree to extend the term of this Agreement upon mutual written agreement. b. Either Party may terminate this Agreement at any time, for any reason, upon 30 days'",present,found,"including but not limited to participating in knowledge exchange meetings and industry seminars. 5. Upon request, review and comment on drafts of proposed research proposals, orders, rules, or || The Working Group will be expected to conduct regular meetings (at least twice per year) to discuss key tasks, objectives, and information exchange.",True,True
New York/NewYork_32,New York,NewYork_32,d:\NLP_Project_tasks_6_8_11\OCR_output\New York\NewYork_32.txt,automatic,,found,"to officers, and the maintenance of oraeroupe as are granted this article to the Commission. Sectiopects may adopt and wcurphaser || (PAPI state shall be binding unless a majarity of the members from such signatorys state shall have voted in Ravorit bimatenz For the of conductingi its general business, voting shall be by state units. The any two or more member notice to…",present,found,reasonable time to the inspection of such representatives of the respective sig- states be for that matergato orl beforer mther first of December of acerpeare the Commission shall submit to the respective governors of || A the signatory states afulla and complete report of its rernithe fort the; precedingyear. ARTICLE XI The: representatives: from any members state may: appoint and consult with an advisory committee composed of,True,True
New York/NewYork_4,New York,NewYork_4,d:\NLP_Project_tasks_6_8_11\OCR_output\New York\NewYork_4.txt,by_mutual_agreement,,found,"Declaration of Partnership Whereas, the informed use, management and protection of the water and related land resources ofthe Great Lakes St. Lawrence Basin is essential in maintaining a healthy environment, strong economy and high quality… || strengthening and formalizing this relationship. Therefore, Be It Resolved, that the eight member states ofthe Great Lakes Commission extend,",absent,absent,,True,False
North Carolina/NorthCarolina_18,North Carolina,NorthCarolina_18,d:\NLP_Project_tasks_6_8_11\OCR_output\North Carolina\NorthCarolina_18.txt,by_mutual_agreement,,found,"ARTICLE II RESPONSIBILITIES The Commiuee may, with regard to the objectives specified in Article I: a Make recommendations to promote cooperation in the areas identified in Article I; b. Make recommendations to prumote, as. appropriatc, th… || ARTICLE IV DURATION This Memorandum of Intent will remain in effect for a period of five years from the date' of signature, or until such date as otherwise agreed upon.",present,found,"ARTICLE II RESPONSIBILITIES The Commiuee may, with regard to the objectives specified in Article I: a Make recommendations to promote cooperation in the areas identified in Article I; b. Make recommendations to prumote, as. appropriatc, th… || d. Invite and review repurts on high technology cooperation from the Binational Science Foundation, the Binational Industrial Research and",True,True
North Carolina/NorthCarolina_7,North Carolina,NorthCarolina_7,d:\NLP_Project_tasks_6_8_11\OCR_output\North Carolina\NorthCarolina_7.txt,by_mutual_agreement,,found,"Jointi Declaration Extending Scientific and Technulugical Cooperation Tn include Information Infrastructure and Spatial Information Technolegy : between. North Carolina, United States. of America, and Northrhine.Westfalia, Federal Republic… || Jointi Declaration Extending Scientific and Technulugical Cooperation Tn include Information Infrastructure and Spatial Information Technolegy",present,found,"I. The Geograpnic Infurl iaivii Coordinating Council and the Roard of Science and Technology on behalf of the Stare ofNorth Carolina and thel Minister of the Interior of the State ofNorthrhine-Westaialy will encourage the promotion ofj joi… || C) Positioning Technology D) Other Information Technologies II. In order to sustain rhis cooperation èver the long term, a bilateral committee wili be forned,",True,True
Ohio/Ohio_1,Ohio,Ohio_1,d:\NLP_Project_tasks_6_8_11\OCR_output\Ohio\Ohio_1.txt,absent,,absent,,absent,absent,,False,False
Ohio/Ohio_2,Ohio,Ohio_2,d:\NLP_Project_tasks_6_8_11\OCR_output\Ohio\Ohio_2.txt,absent,,absent,,absent,absent,,False,False
Ohio/Ohio_3,Ohio,Ohio_3,d:\NLP_Project_tasks_6_8_11\OCR_output\Ohio\Ohio_3.txt,by_mutual_agreement,,found,"Declaration of Partnership Whereas, the informed use, management and protection of the water and related land resources ofthe Great Lakes St. Lawrence Basin is essential in maintaining a healthy environment, strong economy and high quality… || strengthening and formalizing this relationship. Therefore, Be It Resolved, that the eight member states ofthe Great Lakes Commission extend,",absent,absent,,True,False
Ohio/Ohio_7,Ohio,Ohio_7,d:\NLP_Project_tasks_6_8_11\OCR_output\Ohio\Ohio_7.txt,absent,,absent,,absent,absent,,False,False
Ohio/Ohio_8,Ohio,Ohio_8,d:\NLP_Project_tasks_6_8_11\OCR_output\Ohio\Ohio_8.txt,absent,,absent,,absent,absent,,False,False
Oregon/Oregon_13,Oregon,Oregon_13,d:\NLP_Project_tasks_6_8_11\OCR_output\Oregon\Oregon_13.txt,by_mutual_agreement,,found,"specific highlight the economic risks ofinaction on climate change. milestones and appropriatet targets and lannual progress reports tol PCC leaders. PCC Governorsa and the Premier ofBritish Columbia will meet Asas sector focused on evalua… || leaders. PCC Governorsa and the Premier ofBritish Columbia will meet Asas sector focused on evaluating and underwriting; risk, the insurance",present,found,"has committed significant fundingt to Federal Forest Health Program fires by purchasinga private insurance policy that helpst to cover firefighting toi increase thep pace and scale offorest restoration and fire resilience on expenses when … || doption amongf fleets and the broader market, the PCC is committingto woodstovea and diesel retrofit programs, and will be reviewing data from work with major West Coast cities tol help create a comprehensivel Pacific ambient ozone and met…",True,True
Pennsylvania/Pennsylvania_20,Pennsylvania,Pennsylvania_20,d:\NLP_Project_tasks_6_8_11\OCR_output\Pennsylvania\Pennsylvania_20.txt,absent,,absent,,absent,absent,,False,False
Pennsylvania/Pennsylvania_8,Pennsylvania,Pennsylvania_8,d:\NLP_Project_tasks_6_8_11\OCR_output\Pennsylvania\Pennsylvania_8.txt,by_mutual_agreement,,found,"Declaration of Partnership Whereas, the informed use, management and protection of the water and related land resources ofthe Great Lakes St. Lawrence Basin is essential in maintaining a healthy environment, strong economy and high quality… || strengthening and formalizing this relationship. Therefore, Be It Resolved, that the eight member states ofthe Great Lakes Commission extend,",absent,absent,,True,False
Rhode Island/RhodeIsland_7,Rhode Island,RhodeIsland_7,d:\NLP_Project_tasks_6_8_11\OCR_output\Rhode Island\RhodeIsland_7.txt,automatic,,found,"to officers, and the maintenance of oraeroupe as are granted this article to the Commission. Sectiopects may adopt and wcurphaser || (PAPI state shall be binding unless a majarity of the members from such signatorys state shall have voted in Ravorit bimatenz For the of conductingi its general business, voting shall be by state units. The any two or more member notice to…",present,found,reasonable time to the inspection of such representatives of the respective sig- states be for that matergato orl beforer mther first of December of acerpeare the Commission shall submit to the respective governors of || A the signatory states afulla and complete report of its rernithe fort the; precedingyear. ARTICLE XI The: representatives: from any members state may: appoint and consult with an advisory committee composed of,True,True
Texas/Texas_1,Texas,Texas_1,d:\NLP_Project_tasks_6_8_11\OCR_output\Texas\Texas_1.txt,absent,,absent,,absent,absent,,False,False
Texas/Texas_10,Texas,Texas_10,d:\NLP_Project_tasks_6_8_11\OCR_output\Texas\Texas_10.txt,by_mutual_agreement,,found,"Page 9 of 15 Contract No.: 50-0XXF9001 between the Parties based on interpretation, compliance, and execution of this Agreement, with the objective of reaching an amicable arrangement. || The final details of any agreed arrangement shall be made in writing and the Parties should sign it within a 30 (thirty) day period from the day the mediation session(s) took place, unless the",present,found,"Contract No.: 50-0XXF9001 APPENDIX B Engineer in Charge Responsibilities 1. General: The Engineer in Charge for each Party shall: a) Supervise the execution and progress of THE PROJECT in its entirety. The Engineer in Charge shall also rep… || is attached to and made a part of this Agreement. ARTICLE 7 LOGBOOK The Parties, through their Engineer in Charge, shall use and continually update",True,True
Texas/Texas_11,Texas,Texas_11,d:\NLP_Project_tasks_6_8_11\OCR_output\Texas\Texas_11.txt,absent,,absent,,absent,absent,,False,False
Texas/Texas_12,Texas,Texas_12,d:\NLP_Project_tasks_6_8_11\OCR_output\Texas\Texas_12.txt,absent,,absent,,present,found,"RELYING SOLELY ON GRANTEE'S OWN EXPERTISE AND THAT OF ITS CONSULTANTS (IF ANY), AND THAT GRANTEE HAS CONDUCTED SUCH INSPECTIONS AND INVESTIGATIONS || possession. BY THE ACCEPTANCE OF THIS DEED, GRANTEE ACKNOWLEDGES AND AGREES THAT GRANTEE HAS THOROUGHLY INSPECTED AND EXAMINED THE PARCEL TO THE EXTENT",False,True
Texas/Texas_13,Texas,Texas_13,d:\NLP_Project_tasks_6_8_11\OCR_output\Texas\Texas_13.txt,by_mutual_agreement,,found,"Libent-Egalité. Fraternité REPUBLIQUE FRANCAISE CONSULAT GÉNÉRAL DEI FRANCE. À HOUSTON The requests for authentication shall be sent to the Texas Department of Public Safety, Driver License Division, License Issuance Bureau, whose address … || opportunity to renew to the Texas Department ofl Public Safety the assurances ofits highest consideration. ( Pierre GRANDJOUAN",absent,absent,,True,False
Texas/Texas_14,Texas,Texas_14,d:\NLP_Project_tasks_6_8_11\OCR_output\Texas\Texas_14.txt,absent,,absent,,present,found,"bodies, with the corresponding evaluation of current las normas regulatorias y la proteccion de los cuerpos management, operations, and support of wastewater binacionales de agua, con la correspondiente || infrastructure. To ensure these efforts are evaluacion del actual manejo, operaciones y apoyo de accomplished, an annual report due each September la infraestructura de aguas residuales.",False,True
Texas/Texas_15,Texas,Texas_15,d:\NLP_Project_tasks_6_8_11\OCR_output\Texas\Texas_15.txt,absent,,absent,,absent,absent,,False,False
Texas/Texas_16,Texas,Texas_16,d:\NLP_Project_tasks_6_8_11\OCR_output\Texas\Texas_16.txt,absent,,absent,,absent,absent,,False,False
Texas/Texas_17,Texas,Texas_17,d:\NLP_Project_tasks_6_8_11\OCR_output\Texas\Texas_17.txt,absent,,absent,,absent,absent,,False,False
Texas/Texas_18,Texas,Texas_18,d:\NLP_Project_tasks_6_8_11\OCR_output\Texas\Texas_18.txt,absent,,absent,,absent,absent,,False,False
Texas/Texas_19,Texas,Texas_19,d:\NLP_Project_tasks_6_8_11\OCR_output\Texas\Texas_19.txt,absent,,absent,,absent,absent,,False,False
Texas/Texas_2,Texas,Texas_2,d:\NLP_Project_tasks_6_8_11\OCR_output\Texas\Texas_2.txt,absent,,absent,,absent,absent,,False,False
Texas/Texas_20,Texas,Texas_20,d:\NLP_Project_tasks_6_8_11\OCR_output\Texas\Texas_20.txt,by_mutual_agreement,,found,"Manitoba Industry, Trade and Mines Letter of Intentto sign a memorandum of understanding on Trade, Tourism, and Mutual Economic Cooperation between the State of Texas, as represented by the Texas Department of Economic Development and the … || Manitoba Industry, Trade and Mines Letter of Intentto sign a memorandum of understanding on Trade, Tourism, and Mutual Economic Cooperation between the State of Texas, as",absent,absent,,True,False
Texas/Texas_21,Texas,Texas_21,d:\NLP_Project_tasks_6_8_11\OCR_output\Texas\Texas_21.txt,by_mutual_agreement,,found,OFFICE OF THE GOVERNOR This Memorandum of Coopcration: will commence on the date of the final execution; may be modified by agreement in writing by the Parties; || Cooperation shall be settled amicably by consultation and negotiation in good faith between the Parties. Kick Yerly Zhang Xiangchen,absent,absent,,True,False
Texas/Texas_22,Texas,Texas_22,d:\NLP_Project_tasks_6_8_11\OCR_output\Texas\Texas_22.txt,automatic,,found,"SECRETARIA TEXAS DE DESARROLLO URBANO PARKS & Chihuahua YECOLOGIA WILDLIFE GOBIERNODELE ESTADO TCEQ Life's better outside. Party upon 90-day notice to the other party. notificacion a la otra parte con 90 dias de anticipacion. Signed this d… || force upon signature by the parties and ends in entrara en vigor a partir de la fecha de su firma y four years, able to be terminated by either tendra una vigencia de 4 anos, pudiendo darlo",absent,absent,,True,False
Texas/Texas_23,Texas,Texas_23,d:\NLP_Project_tasks_6_8_11\OCR_output\Texas\Texas_23.txt,by_mutual_agreement,,found,business activities organization. This Memorandum ofCooperation: will commence on the date ofthe final execution; may be modified by agreement in writing by the Parties; || shall be settled amicably by consultation and negotiation in good faith between the Parties. Cooperation NANDITA BERRY Sun Wenkui,absent,absent,,True,False
Texas/Texas_24,Texas,Texas_24,d:\NLP_Project_tasks_6_8_11\OCR_output\Texas\Texas_24.txt,uncertain,,uncertain,"Pagina 5 de 6 Gobierno del Estado SMA MENTAMGENTE SERETARLDE Coahuila TCEQ de Zaragoza anticipacion. The Participants may modify this MOC, at any Los Participantes pueden modificar el presente || sent to the other Participant ninety (90) days MdeC, mediante aviso por escrito dirigido al in advance. otro Participante con noventa (90) dias de",absent,absent,,True,False
Texas/Texas_25,Texas,Texas_25,d:\NLP_Project_tasks_6_8_11\OCR_output\Texas\Texas_25.txt,by_mutual_agreement,,found,"Any amendment may only be madel by mutual written agreement signed byl both Participants. 9. Termination Either Participant mayt terminate thel MOU at any time, without cause, by providing thirty (30) days written || terminatedi in accordance with the provisions of this MOU. 8. Amendment Either Participant may make a requesti in writing for an amendment to this MOU.",absent,absent,,True,False
Texas/Texas_26,Texas,Texas_26,d:\NLP_Project_tasks_6_8_11\OCR_output\Texas\Texas_26.txt,by_mutual_agreement,,found,"This Memorandum may be modified by mutual consent of the States in writing. Notwithstanding any other provision in this Memorandum, the Memorandum may be terminated by either State || 5. The States will work cooperatively to restore the border-crossing inspections process to allow crossings at a faster pace.",absent,absent,,True,False
Texas/Texas_27,Texas,Texas_27,d:\NLP_Project_tasks_6_8_11\OCR_output\Texas\Texas_27.txt,by_mutual_agreement,,found,"This Memorandum may be modified by mutual consent of the States in writing. Notwithstanding any other provision in this Memorandum, the Memorandum may be terminated by either State || 5. The States will work cooperatively to restore the border-crossing inspections process to allow crossings at a faster pace.",absent,absent,,True,False
Texas/Texas_28,Texas,Texas_28,d:\NLP_Project_tasks_6_8_11\OCR_output\Texas\Texas_28.txt,by_mutual_agreement,,found,"This Memorandum may be modified by mutual consent of the States in writing. Notwithstanding any other provision in this Memorandum, the Memorandum may be terminated by either State || 5. The States will work cooperatively to restore the border-crossing inspections process to allow crossings at a faster pace.",absent,absent,,True,False
Texas/Texas_29,Texas,Texas_29,d:\NLP_Project_tasks_6_8_11\OCR_output\Texas\Texas_29.txt,by_mutual_agreement,,found,"This Memorandum may be modified by mutual consent ofthe States in writing. Notwithstanding any other provision in this Memorandum, the Memorandum may be terminated by either State || GOI RNOR FRANCISCOGARCIA CABEZA PA VACA",absent,absent,,True,False
Texas/Texas_3,Texas,Texas_3,d:\NLP_Project_tasks_6_8_11\OCR_output\Texas\Texas_3.txt,automatic,,found,Texas-Shandong Page 3 of3 ARTICLE II The parties will exchange trade enquiries from their respective home markets. ARTICLE III The parties agree to provide such current market information and business contacts to each other upon request an… || ARTICLE VI This agreement shall enter into force on the date of its signature by the representatives ofboth parties concerned and will remain valid for two years.,absent,absent,,True,False
Texas/Texas_30,Texas,Texas_30,d:\NLP_Project_tasks_6_8_11\OCR_output\Texas\Texas_30.txt,absent,,absent,,absent,absent,,False,False
Texas/Texas_31,Texas,Texas_31,d:\NLP_Project_tasks_6_8_11\OCR_output\Texas\Texas_31.txt,absent,,absent,,absent,absent,,False,False
Texas/Texas_32,Texas,Texas_32,d:\NLP_Project_tasks_6_8_11\OCR_output\Texas\Texas_32.txt,absent,,absent,,absent,absent,,False,False
Texas/Texas_33,Texas,Texas_33,d:\NLP_Project_tasks_6_8_11\OCR_output\Texas\Texas_33.txt,absent,,absent,,absent,absent,,False,False
Texas/Texas_34,Texas,Texas_34,d:\NLP_Project_tasks_6_8_11\OCR_output\Texas\Texas_34.txt,absent,,absent,,absent,absent,,False,False
Texas/Texas_35,Texas,Texas_35,d:\NLP_Project_tasks_6_8_11\OCR_output\Texas\Texas_35.txt,absent,,absent,,absent,absent,,False,False
Texas/Texas_36,Texas,Texas_36,d:\NLP_Project_tasks_6_8_11\OCR_output\Texas\Texas_36.txt,absent,,absent,,absent,absent,,False,False
Texas/Texas_37,Texas,Texas_37,d:\NLP_Project_tasks_6_8_11\OCR_output\Texas\Texas_37.txt,by_mutual_agreement,,found,"Memorandum of Understanding On Trade and Mutual Economic Co-operation Between Texas Office of the Governor, Economic Development & Tourism (OOGEDT) And the Fujian Department of Foreign Trade and Economic Cooperation (Fujian DOFTEC) Whereas… || Promote the ongoing relationship Therefore, according to their respective activities, Texas OOGEDT and Fujian DOFTEC intend to work co-operatively to the fullest possible extend consistent with law, existing",absent,absent,,True,False
Texas/Texas_38,Texas,Texas_38,d:\NLP_Project_tasks_6_8_11\OCR_output\Texas\Texas_38.txt,absent,,absent,,absent,absent,,False,False
Texas/Texas_39,Texas,Texas_39,d:\NLP_Project_tasks_6_8_11\OCR_output\Texas\Texas_39.txt,absent,,absent,,absent,absent,,False,False
Texas/Texas_4,Texas,Texas_4,d:\NLP_Project_tasks_6_8_11\OCR_output\Texas\Texas_4.txt,absent,,absent,,absent,absent,,False,False
Texas/Texas_40,Texas,Texas_40,d:\NLP_Project_tasks_6_8_11\OCR_output\Texas\Texas_40.txt,automatic,,found,"mutually beneficial trade, transportation and economic development endeavours. This agreement shall enter into force on the date of its signature by the representatives of both parties || concerned and will remain valid for two years. It will be extended automatically, one year at a time, unless written notice is given by one party to the",absent,absent,,True,False
Texas/Texas_41,Texas,Texas_41,d:\NLP_Project_tasks_6_8_11\OCR_output\Texas\Texas_41.txt,by_mutual_agreement,,found,"1.2. work together to identify opportunities for strategic partnerships and alliances between private sector companies in Texas and Manitoba which will strengthen their capabilities to compete in international markets; 1.3. explore opportu… || S MANITOBA TEXAS MEMORANDUM OF UNDERSTANDING ON TRADE, TOURISM AND MUTUAL ECONOMIC CO-OPERATION BETWEEN THE STATE OF TEXAS",present,found,"5.1. monitor progress on the implementation of this Memorandum ofUnderstanding: 5.2. designate state and provincial government: representatives to serve as principal points || PR 5. Promote the Ongoing Relationship The Governments of Manitoba and Texas recognize the benefits of ongoing, regular contacts between their respective governments to promote trade and economic development and identify areas in which the…",True,True
Texas/Texas_42,Texas,Texas_42,d:\NLP_Project_tasks_6_8_11\OCR_output\Texas\Texas_42.txt,absent,,absent,,absent,absent,,False,False
Texas/Texas_43,Texas,Texas_43,d:\NLP_Project_tasks_6_8_11\OCR_output\Texas\Texas_43.txt,absent,,absent,,absent,absent,,False,False
Texas/Texas_44,Texas,Texas_44,d:\NLP_Project_tasks_6_8_11\OCR_output\Texas\Texas_44.txt,automatic,,found,"3. lhe BMA may extend an invitation to other Competent Authorities and relevant banking or securities regulators (""Third Party Regulators"") to participate in aspects of any meeling of a Supervisory College, with the proviso that the Third … || (b) any privileges associated with such information. 3. The Supervisors shall revise and update this MMOU when necessary to appropriately reflect",present,found,"winding-up of an Insurer of the Group, the declaration of emergency settlements, the freezing of assets); (4) the granting of approvals or licenses to an Insurer in order to allow a major acquisition leading to a qualified participation in… || 3. lhe BMA may extend an invitation to other Competent Authorities and relevant banking or securities regulators (""Third Party Regulators"") to participate in aspects of any meeling of a Supervisory College, with the proviso that the Third …",True,True
Texas/Texas_45,Texas,Texas_45,d:\NLP_Project_tasks_6_8_11\OCR_output\Texas\Texas_45.txt,automatic,,found,"be resolved through discussions between the Parties. 12. This agreement shall enter into force upon the signature of both Parties, and may be || S Signature Date Signature Date Jane 6,2014 Steve Chi-Chang Hsia David Baker Director General Deputy Director Taipei Economic and Cultural Office in Houston Texas Department of Public Safety",absent,absent,,True,False
Texas/Texas_46,Texas,Texas_46,d:\NLP_Project_tasks_6_8_11\OCR_output\Texas\Texas_46.txt,absent,,absent,,absent,absent,,False,False
Texas/Texas_47,Texas,Texas_47,d:\NLP_Project_tasks_6_8_11\OCR_output\Texas\Texas_47.txt,automatic,,found,"Referatsleiter Texas Department of Bundesministerium fur Verkehr, Bau und Public Safety Stadtentwicklung PF 4087 Postfach 20 01 00 || its application policies and procedures to the other party to help carry out the purposes of this Memorandum. 08-1446c-S31",absent,absent,,True,False
Texas/Texas_48,Texas,Texas_48,d:\NLP_Project_tasks_6_8_11\OCR_output\Texas\Texas_48.txt,absent,,absent,,absent,absent,,False,False
Texas/Texas_49,Texas,Texas_49,d:\NLP_Project_tasks_6_8_11\OCR_output\Texas\Texas_49.txt,by_mutual_agreement,,found,The SMC can be renewed for successive five-year periods by a mutual decision of the participants. Thej participants may extend the terms of this SMC. || availability of funds and personnel. This SMC shall become effective on the date of last signature below and shall remain in effect for a period of five years.,absent,absent,,True,False
Texas/Texas_5,Texas,Texas_5,d:\NLP_Project_tasks_6_8_11\OCR_output\Texas\Texas_5.txt,absent,,absent,,absent,absent,,False,False
Texas/Texas_50,Texas,Texas_50,d:\NLP_Project_tasks_6_8_11\OCR_output\Texas\Texas_50.txt,uncertain,,uncertain,"This SMC will be applied from April 27, 2023, until March 31, 2025, and may be renewed by the parties. 3. FINALI PROVISIONS || 3) Participating and cooperating in economic development events, such as seminars and business support programs. 2. DURATION OF OPERATION",absent,absent,,True,False
Texas/Texas_51,Texas,Texas_51,d:\NLP_Project_tasks_6_8_11\OCR_output\Texas\Texas_51.txt,by_mutual_agreement,,found,"of America, and Tokyo, Japan. 2) This SMC is solely an expression of the parties' desire to establish a mutually beneficial || concerning daily life including procedures related to healthcare, education, and residence. 2. DURATION OF OPERATION This SMC will be applied from the effective date until March 31, 2025, and may be renewed by the parties.",absent,absent,,True,False
Texas/Texas_52,Texas,Texas_52,d:\NLP_Project_tasks_6_8_11\OCR_output\Texas\Texas_52.txt,by_mutual_agreement,,found,"concerning daily life including procedures related to healthcare, education, and residence. 2. DURATION OF OPERATION This SMC will come into operation on the date of signature and will initially be applied until March 31, || ofAmerica, and Tokyo, Japan. 2) This SMC is solely an expression of the parties' desire to establish a mutually beneficial",absent,absent,,True,False
Texas/Texas_53,Texas,Texas_53,d:\NLP_Project_tasks_6_8_11\OCR_output\Texas\Texas_53.txt,by_mutual_agreement,,found,VIETNAM-TEXAS JOINT COMMUNIQUE The State of Texas highly values the many visits to Texas by the official delegations of Vietnam in the past twelve months and is most honored by the present visit of the Deputy Prime Minister of the Socialis… || understanding and initial work schedule as agreed to on this day between the State of Texas and the SRVN: establish joint directives for the promotion of cooperation between the State of Texas and Vietnam as,present,found,"in order to effectively facilitate and accelerate the activities mentioned above. as circumstances permit, Texas and SRVN will meet within the next 12 months to review the || venture or investment in each party's respective country/state. 6. Encourage business and industrial communities of their respective country/state to form a Business Association to consist of senior business executives, public officials, a…",True,True
Texas/Texas_54,Texas,Texas_54,d:\NLP_Project_tasks_6_8_11\OCR_output\Texas\Texas_54.txt,by_mutual_agreement,,found,"VIETNAM-TEXAS JOINT COMMUNIQUE II The Socialist Republic of Vietnam (SRVN) is honored by the present visit of the Honorable Geoffrey Connor, Secretary of State of the State of' Texas and his delegation in August, 2004. The State of Texas p… || VIETNAM-TEXAS JOINT COMMUNIQUE II The Socialist Republic of Vietnam (SRVN) is honored by the present visit of the Honorable Geoffrey Connor,",present,found,"appropriate and timely assistance when requested As circumstances permit, Texas and SRVN will meet within the next 12 months to review the progress made on || ""Statement of Cooperation"" of June 13, 2002, outlined below: Promote mutual understanding and cooperation between the respective business communities of the",True,True
Texas/Texas_6,Texas,Texas_6,d:\NLP_Project_tasks_6_8_11\OCR_output\Texas\Texas_6.txt,uncertain,,uncertain,"8. This Arrangement will come into effect upon its signature by both Participants and may be terminated by either Participant at any time, for any reason, upon thirty (30) || FOR THE TEXAS DEPARTMENT FOR THE NATIONAL POLICE AGENCY OF PUBLIC SAFETY OF THE REPUBLIC OF KOREA Signed Signed Rehecca Davio",absent,absent,,True,False
Texas/Texas_7,Texas,Texas_7,d:\NLP_Project_tasks_6_8_11\OCR_output\Texas\Texas_7.txt,by_mutual_agreement,,found,"Insurance Commissioner For: Office of the Superintendent of Financial Institutions Canada Name: Date Title: For: Superintendencia de Seguros Privados, Brazil (SUSEP) || the providing party to intervene in any action to preserve the confidentiality of the information. Notice shall be given to the appropriate contact person(s) by email and by mail at the address",absent,absent,,True,False
Texas/Texas_8,Texas,Texas_8,d:\NLP_Project_tasks_6_8_11\OCR_output\Texas\Texas_8.txt,absent,,absent,,absent,absent,,False,False
Texas/Texas_9,Texas,Texas_9,d:\NLP_Project_tasks_6_8_11\OCR_output\Texas\Texas_9.txt,absent,,absent,,absent,absent,,False,False
Utah/Utah_1,Utah,Utah_1,d:\NLP_Project_tasks_6_8_11\OCR_output\Utah\Utah_1.txt,absent,,absent,,absent,absent,,False,False
Utah/Utah_10,Utah,Utah_10,d:\NLP_Project_tasks_6_8_11\OCR_output\Utah\Utah_10.txt,automatic,,found,"methods: (a) confirmed facsimile transmission; (b) postage prepaid registered or certified mail, return receipt requested; or (c) commercial overnight carrier. || These modifications will take effect on the date of their signing. The parties must give all notices under this MOU in writing via one of the following",absent,absent,,True,False
Utah/Utah_11,Utah,Utah_11,d:\NLP_Project_tasks_6_8_11\OCR_output\Utah\Utah_11.txt,absent,,absent,,absent,absent,,False,False
Utah/Utah_12,Utah,Utah_12,d:\NLP_Project_tasks_6_8_11\OCR_output\Utah\Utah_12.txt,automatic,,found,- ARTICLE VII Resolving Controversies Any difference derived through the interpretation or application of this common agreement will be resolved by the parties by mutual agreement. || teachers shall not engage in any other compensated activities outside of the scope of this Agreement without the previous authorization of the employing district and the Utah State Office of Education. Visiting teachers will conform to the…,present,found,"e. Mexican federal and state educational authorities will notify the teachers who have been selected and will facilitate the hiring process; f. collaborate, when requested, in the supervision and evaluation of the performance of Mexican te… || g. facilitate the licensing process so that the visiting teachers may obtain the quality and professional licenses for teaching in the State; h. participate, in conjunction with the school districts, in the selection process of visiting te…",True,True
Utah/Utah_13,Utah,Utah_13,d:\NLP_Project_tasks_6_8_11\OCR_output\Utah\Utah_13.txt,absent,,absent,,absent,absent,,False,False
Utah/Utah_14,Utah,Utah_14,d:\NLP_Project_tasks_6_8_11\OCR_output\Utah\Utah_14.txt,automatic,,found,"IV.DURATION IVI The term of this MOU will be five (5) years, beginning on the date of signing by parties. At the end of the agreement, it is renewable by tacit agreement for further one-year || 3 Agreement # USBE210041MOU IV.4 Except as otherwise provided, any addendum to this Memorandum ofUnderstanding shall enter into force upon signature by the Board and the Camoes, I.P.",present,found,"expenses. III. EVALUATION Representatives ofthe Board and the Camoes, I.P. will evaluate the activities and results pertinent to the program development and implementation developed under this MOU. || Agreement # USBE210041MOU interests, by means of new technologies or with one trainer going to each partner region with the objective of disseminating information on teaching practices to a wide range of teachers in the respective regions …",True,True
Utah/Utah_15,Utah,Utah_15,d:\NLP_Project_tasks_6_8_11\OCR_output\Utah\Utah_15.txt,automatic,,found,"a. This memorandum is effective from the date of its signature and has a duration of four years and will be renewed for a period of up: to four additional years by express agreement ofthe || C. During the term of the memorandum, the possible provisions for its amendment and/or improvement may be adjoined when agreed upon in writing by both Signatories.",present,found,"4. Evaluations, Monitoring and Observation of the Memorandum a. So as to monitor, supervise, and observe the fulfilment of this memorandum and the || respectively. The committee shall meet at the request of either party. b. Any disputes regarding the interpretation and implementation ofthis Memorandum that may",True,True
Utah/Utah_16,Utah,Utah_16,d:\NLP_Project_tasks_6_8_11\OCR_output\Utah\Utah_16.txt,automatic,,found,"State Board of Education and to the Académie de Créteil. IV. Duration IV.1: The term of this MOU will be four (4) years, beginning on the date of signing by parties. || de Créteil if such a decision is reported to the other signatory by written notice six (6) months in advance. IV.3: During the time that the MOU is in effect both parties may execute addenda that improve its",present,found,"assess the progress regarding the implementation ofthe program and write a report. This report may propose changes and improvements if necessary. || on new technologies (internet exchanges, video conferencing) as much as possible. III. Evaluation Representatives of the Utah State Board of Education and the Académie de Créteil will",True,True
Utah/Utah_17,Utah,Utah_17,d:\NLP_Project_tasks_6_8_11\OCR_output\Utah\Utah_17.txt,by_mutual_agreement,,found,"expertise for the benefit of both parties. In order to reduce the costs and multiply the number of trainers, these activities will use new technologies (internet exchanges, video conferencing, etc.) to the extent possible. III. EVALUATION … || IV. DURATION IV.I The term of this MOU will be five (5) years, beginning on the date of signing by parties. At the end of the agreement, terms of renewal will be discussed.",present,found,"expertise for the benefit of both parties. In order to reduce the costs and multiply the number of trainers, these activities will use new technologies (internet exchanges, video conferencing, etc.) to the extent possible. III. EVALUATION … || III. EVALUATION III.1 Annually, representatives of the Board and the Parana State Secretary of Science, Technology and Higher Education will assess the progress of this program and",True,True
Utah/Utah_18,Utah,Utah_18,d:\NLP_Project_tasks_6_8_11\OCR_output\Utah\Utah_18.txt,automatic,,found,"provided that at least six months notice is given. IV.2. - During the term of the MOU, any party may add provisions for its improvement when || This report will suggest proposals for improvement. IV.DURATION IV.1. - This MOU is established for four years and can be cancelled by any party on demand,",present,found,"UTAH STATE OFFICE OF MINISTERIO DE EDUCACION Y CIENCIA ELUCATION Ministerio de Educacion y Ciencia Utah State Office of Education III. EVALUATION Annually, representatives of the Ministry and the USOE will develop a report relative to the … || III. EVALUATION Annually, representatives of the Ministry and the USOE will develop a report relative to the application of this program.",True,True
Utah/Utah_19,Utah,Utah_19,d:\NLP_Project_tasks_6_8_11\OCR_output\Utah\Utah_19.txt,automatic,,found,"referred to any third party, court, or tribunal. Section 10: entry into operation amendment and termination 1. This MOU will come into operation on the date of the later of the Participants' || signatures and will continue to have effect until it is terminated or renewed. 2. The Participants may amend this MOU at any time upon their mutual written",present,found,"C. exchange of best practice and information relevant to the Priority Areas outlined in Section 2 of this MOU d. where appropriate, facilitating participation of stakenolders in the private sector and academic community to discuss matters … || e. reviewing the operation of the MOU to ensure it is continuously up-to-date and relevant for the growing UK-Utah relationship",True,True
Utah/Utah_2,Utah,Utah_2,d:\NLP_Project_tasks_6_8_11\OCR_output\Utah\Utah_2.txt,absent,,absent,,absent,absent,,False,False
Utah/Utah_20,Utah,Utah_20,d:\NLP_Project_tasks_6_8_11\OCR_output\Utah\Utah_20.txt,by_mutual_agreement,,found,"4. This MOU takes effect from February 24, 2016, concluded in duplicate, with each of the two parties holding one copy. It can be terminated by any party upon || Gu Zhaowen Executive Director Deputy Director General ofUtah Governor's Office of ofl LiaoningProvincial Bureau of Economic Cooperation",absent,absent,,True,False
Utah/Utah_21,Utah,Utah_21,d:\NLP_Project_tasks_6_8_11\OCR_output\Utah\Utah_21.txt,absent,,absent,,absent,absent,,False,False
Utah/Utah_22,Utah,Utah_22,d:\NLP_Project_tasks_6_8_11\OCR_output\Utah\Utah_22.txt,by_mutual_agreement,,found,"with their respective, relevant agencies. VI. Cooperation in mutually agreed upon business projects resulting from this visit shall be || and cooperation on matters of common concern. Signed in duplicate in Salt Lake City, Utah on June 22nd, 2017 in Chinese and English languages,",absent,absent,,True,False
Utah/Utah_3,Utah,Utah_3,d:\NLP_Project_tasks_6_8_11\OCR_output\Utah\Utah_3.txt,absent,,absent,,present,found,"investigations; Support educational exchange programs between institutions that operate In the criminal justicesystem; Share'information: and evaluation: of newtechnologies, sofwareandhardware: and, || General(CWAG] to: Pageiof6 Sharelegpalandedurational knowledge viaworkshops.seminars and study tours; Participate in the exchange of information on best practices in the area of criminal",False,True
Utah/Utah_4,Utah,Utah_4,d:\NLP_Project_tasks_6_8_11\OCR_output\Utah\Utah_4.txt,by_mutual_agreement,,found,SenBildJugFam. (12) This agreement will take immediate effect upon being signed by both parties. It will remain in effect until either side gives notice by no later than September 1st || All aspects regarding the future development of the program will be arranged through close association between the Utah State Board of Education and,present,found,"time scheduling, job fair organization in Germany, facilitation of communication and the coordination of all steps necessary to guarantee the highest possible || district. German exchange teachers will serve as fully participating members of the school district with duties and responsibilities as well as privileges like those of",True,True
Utah/Utah_5,Utah,Utah_5,d:\NLP_Project_tasks_6_8_11\OCR_output\Utah\Utah_5.txt,automatic,,found,"The specific intent, place and time for meetings shall be agreed to by both parties. , n TIF: JTJO HIENE XISTTHE. This memorandum is in effect from the date of signature by both parties, || and is valid for 5 years. The MOU will be automatically extended five years after the expiry unless either party, in advance of at least six months before",absent,absent,,True,False
Utah/Utah_6,Utah,Utah_6,d:\NLP_Project_tasks_6_8_11\OCR_output\Utah\Utah_6.txt,by_mutual_agreement,,found,"cooperation. If the need arises, further negotiations may be held setting forth material terms in a definitive written agreement or set of agreements executed and delivered by || 8. Indemnification: Both parties agree to defend, indemnify, and holdthe other party harmless from and against any claim that the indemnifying party's negligent or willful acts or",absent,absent,,True,False
Utah/Utah_7,Utah,Utah_7,d:\NLP_Project_tasks_6_8_11\OCR_output\Utah\Utah_7.txt,by_mutual_agreement,,found,"sincere desires for mutual benefit and success. Signed in Hanoi on August 30t, 2017 in duplicate in the English and Vietnamese languages; both texts being equally authentic. || to be given under this MOU. Article VI: Effectiveness and Duration This MOU will become effective on the date of signature.",absent,absent,,True,False
Utah/Utah_8,Utah,Utah_8,d:\NLP_Project_tasks_6_8_11\OCR_output\Utah\Utah_8.txt,by_mutual_agreement,,found,Memorandum of Understanding Between Sichuan Province of the People's Republic of China and The State of Utah of the United States of America The People's Government of Sichuan Province and the of of Utah mutually intend to establish an off… || signature and can be renewed by mutual consent. final This Memorandum of Understanding is drafted in both Chinese and both texts are equally authentic and effective.,absent,absent,,True,False
Utah/Utah_9,Utah,Utah_9,d:\NLP_Project_tasks_6_8_11\OCR_output\Utah\Utah_9.txt,automatic,,found,"This Memorandum of Understanding (""MOU"") is entered into between the Taiwan External Trade Development Council (""TAITRA"") and the Utah Governor's Office of Economic Development (""GOED""). Whereas it has been established that there exists gr… || 4. To sponsor and promote trade and industrial missions between the two parties to extend joint-ventures in both parties;",absent,absent,,True,False
Vermont/Vermont_10,Vermont,Vermont_10,d:\NLP_Project_tasks_6_8_11\OCR_output\Vermont\Vermont_10.txt,absent,,absent,,present,found,"investigations; Support educational exchange programs between institutions that operate In the criminal justicesystem; Share'information: and evaluation: of newtechnologies, sofwareandhardware: and, || General(CWAG] to: Pageiof6 Sharelegpalandedurational knowledge viaworkshops.seminars and study tours; Participate in the exchange of information on best practices in the area of criminal",False,True
Vermont/Vermont_11,Vermont,Vermont_11,d:\NLP_Project_tasks_6_8_11\OCR_output\Vermont\Vermont_11.txt,by_mutual_agreement,,found,"materials concerning the ecosystem ofLake Champlain and its environment. SECTION 4: PRIOR NOTIFICATION AND CONSULTATION The Parties further agree, where practicable, to provide prior notification and || date by any of the Parties providing six (6) months notice in writing to the other Party. Further, this Memorandum of Understanding may be amended or",present,found,2.3 Relationship to the Lake Champlain Basin Program The Steering Committee maintains close relations with the Lake Champlain Basin Program (LCBP) whose mandate is to: a. facilitate the cooperation and development of consensus on matters a… || ensure the monitoring and report on the implementation of this Memorandum of Understanding and the long-term management plan Opportunities for Action: an evolving plan for the future of,True,True
Vermont/Vermont_12,Vermont,Vermont_12,d:\NLP_Project_tasks_6_8_11\OCR_output\Vermont\Vermont_12.txt,automatic,,found,"to officers, and the maintenance of oraeroupe as are granted this article to the Commission. Sectiopects may adopt and wcurphaser || (PAPI state shall be binding unless a majarity of the members from such signatorys state shall have voted in Ravorit bimatenz For the of conductingi its general business, voting shall be by state units. The any two or more member notice to…",present,found,reasonable time to the inspection of such representatives of the respective sig- states be for that matergato orl beforer mther first of December of acerpeare the Commission shall submit to the respective governors of || A the signatory states afulla and complete report of its rernithe fort the; precedingyear. ARTICLE XI The: representatives: from any members state may: appoint and consult with an advisory committee composed of,True,True
Vermont/Vermont_13,Vermont,Vermont_13,d:\NLP_Project_tasks_6_8_11\OCR_output\Vermont\Vermont_13.txt,absent,,absent,,absent,absent,,False,False
Vermont/Vermont_14,Vermont,Vermont_14,d:\NLP_Project_tasks_6_8_11\OCR_output\Vermont\Vermont_14.txt,uncertain,,uncertain,"described above upon approval by the Participants. Any Participant may withdraw from the Alliance by providing written notice to the other Participants. || Additional Participants, Withdrawal of Participants Additional jurisdictions may. join the ZEV Alliance by committing to the same vision and objectives",absent,absent,,True,False
Vermont/Vermont_15,Vermont,Vermont_15,d:\NLP_Project_tasks_6_8_11\OCR_output\Vermont\Vermont_15.txt,automatic,,found,"and effect until terminated by a six month notice given in writing by one or the other Party. In witness whereof, the Parties have signed the present Understanding in the City of Québec on this 4th || Page D.3 FOR OFFICIAL USE ONLY VERMONT - QUEBEC WORKSHOP: INTELLIGENCE ACROSS THE BORDER SECTION VI This Understanding shall be in full force and effect on the day it is signed and shall remain in full force",absent,absent,,True,False
Vermont/Vermont_2,Vermont,Vermont_2,d:\NLP_Project_tasks_6_8_11\OCR_output\Vermont\Vermont_2.txt,absent,,absent,,absent,absent,,False,False
Vermont/Vermont_6,Vermont,Vermont_6,d:\NLP_Project_tasks_6_8_11\OCR_output\Vermont\Vermont_6.txt,automatic,,found,"the Secretariat. The Secretariat shall inform all Signatory Authorities of such notifications. 15. If the SWG determines that there has been a demonstrable change in the willingness or || months. This period may be extended for further periods of up to six months, at the request of the applicant. 11. If an application is in suspense, and the period expires without a request from the",present,found,"and relates to Licensing Fit and proper criteria Ongoing supervision, including auditing matters Winding up, liquidation or bankruptcy || Annex D: IAIS MMOU Request Sheet This request is being made under the IAIS MMOU on Cooperation and Information Exchange. I. Signatory Authorities involved (Art. 7 of the MMOU): 1. Point of Contact of the Requested Authority: Name: Telephon…",True,True
Vermont/Vermont_7,Vermont,Vermont_7,d:\NLP_Project_tasks_6_8_11\OCR_output\Vermont\Vermont_7.txt,by_mutual_agreement,,found,JEMACI PEIAGU INTERNATIONAL PROTOCOLED'ENTENTE EMERGENSY MANAGEMENT INTERNATIONALEDAIDDE ASSISTANCE COMPACT LAN GESTION: PES URGENCES International Emergency Management Assistance Memorandum of 1 Understanding This documenti follows from R… || Mutual assistance in this compact may include the use of emergency forces by mutual agreement among party. jurisdictions.,present,found,"JEMAC PEIAGU INTERNATIONAL PROTOCOLEI D'ENTENTE EMERGENSY MANAGEMENT INTERNATIONALEDAIDE ASSISTANCE COMPACT LAN GESTION PES URGENCES appropriatel inter.jurisdictional mutual aid plans and procedures necessary to implement this compact, and… || In formulating and implementing such plans and programs the party. jurisdictions, to the extent practical, shall: A. Review individual jurisdiction hazards analyses that are available and, to the extent reasonably",True,True
Vermont/Vermont_8,Vermont,Vermont_8,d:\NLP_Project_tasks_6_8_11\OCR_output\Vermont\Vermont_8.txt,absent,,absent,,absent,absent,,False,False
Vermont/Vermont_9,Vermont,Vermont_9,d:\NLP_Project_tasks_6_8_11\OCR_output\Vermont\Vermont_9.txt,absent,,absent,,absent,absent,,False,False
Virginia/Virgina_1,Virginia,Virgina_1,d:\NLP_Project_tasks_6_8_11\OCR_output\Virginia\Virgina_1.txt,absent,,absent,,absent,absent,,False,False
Washington/Washington_17,Washington,Washington_17,d:\NLP_Project_tasks_6_8_11\OCR_output\Washington\Washington_17.txt,automatic,,found,"EA 21 I L HO * D (1) COT I. a NT753 17J YEL, 3 ( $TT560ETD (2) jor J031 I CiC, ) TAO) HCJORTOR LHIATEV LEld, FLEH 1 OEL, DLEDEBRET || (Commerce) Vt, TOH 16P. E Tottt H HJELT, EROH - L3 = FH 71741IVAICO1CIE CM 31bo Article 2 Terms of this MOU (1) This MOU shall come into force once signed by the Parties and it shall remain in effect for",absent,absent,,True,False
Washington/Washington_19,Washington,Washington_19,d:\NLP_Project_tasks_6_8_11\OCR_output\Washington\Washington_19.txt,absent,,absent,,absent,absent,,False,False
Washington/Washington_34,Washington,Washington_34,d:\NLP_Project_tasks_6_8_11\OCR_output\Washington\Washington_34.txt,by_mutual_agreement,,found,"specific highlight the economic risks ofinaction on climate change. milestones and appropriatet targets and lannual progress reports tol PCC leaders. PCC Governorsa and the Premier ofBritish Columbia will meet Asas sector focused on evalua… || leaders. PCC Governorsa and the Premier ofBritish Columbia will meet Asas sector focused on evaluating and underwriting; risk, the insurance",present,found,"has committed significant fundingt to Federal Forest Health Program fires by purchasinga private insurance policy that helpst to cover firefighting toi increase thep pace and scale offorest restoration and fire resilience on expenses when … || doption amongf fleets and the broader market, the PCC is committingto woodstovea and diesel retrofit programs, and will be reviewing data from work with major West Coast cities tol help create a comprehensivel Pacific ambient ozone and met…",True,True
Washington/Washington_4,Washington,Washington_4,d:\NLP_Project_tasks_6_8_11\OCR_output\Washington\Washington_4.txt,absent,,absent,,absent,absent,,False,False
Wisconsin/Wisconsin_12,Wisconsin,Wisconsin_12,d:\NLP_Project_tasks_6_8_11\OCR_output\Wisconsin\Wisconsin_12.txt,automatic,,found,"or on beball of the Contractor, state that all qualified applicants will reccive con - sideration for employment without regard to race, color, religion, sCx or national || have subaitted identical certifications for specific time periods: NOTICE TO PROSPECTIVE SUBCONTRACTOKS OF REQUIREMENT FOR CERTIFICATION OF",present,found,"5 The Board of Members shall formulate procedures for claims and reimbursement under the provisions of this Article. 7.6 Aid by a Member to an area subject to federal jurisdiction shall not be required under this Agreement. Article VIII 8.… || 8.3 On or before the first day of March of each year, the Board of Members shall submit to the Members a full and complete report of its activities for the",True,True
Wisconsin/Wisconsin_9,Wisconsin,Wisconsin_9,d:\NLP_Project_tasks_6_8_11\OCR_output\Wisconsin\Wisconsin_9.txt,by_mutual_agreement,,found,"Declaration of Partnership Whereas, the informed use, management and protection of the water and related land resources ofthe Great Lakes St. Lawrence Basin is essential in maintaining a healthy environment, strong economy and high quality… || strengthening and formalizing this relationship. Therefore, Be It Resolved, that the eight member states ofthe Great Lakes Commission extend,",absent,absent,,True,False
